video_id,original_video_id,label,label_name,subject_id,device_id,condition,take,attack_type,domain,source_dataset,split,ear_mean,ear_std,ear_min,ear_max,blink_count,motion_mean,motion_std,motion_max,skipped_rate,yaw_std,pitch_std,roll_std,yaw_range,pitch_range,roll_range,yaw_delta_mean,pitch_delta_mean,roll_delta_mean,pose_autocorr,pose_valid_rate,score_behavior_pose,pred_label
AXON__axon_004980a1ad9a0e,axon_004980a1ad9a0e,1,SPOOF,axon_subject_35dfdbd7,axon_camera,unknown,unknown,on_actor,AXON,AXON,train,0.0018058447401296,-0.6181686361033055,0.394481847837269,-0.2720771009754029,-0.3850193437007398,0.2876466631823668,-0.6155551049799287,-0.1873799895056255,-0.1573961191812276,3.1157354228867327,3.1408820795906536,87.36443425515463,7.875799859678715,7.56512695601603,180.9534485210383,2.7876347015985306,2.7316574052033578,72.26626557694506,0.1017251271252113,1.0,0.9623509464907988,1
AXON__axon_00de66363cc3f7,axon_00de66363cc3f7,1,SPOOF,axon_subject_1d27ac12,axon_camera,unknown,unknown,print_cut,AXON,AXON,train,0.5599750348443542,-0.6240899072036901,0.7417887522270807,0.2241260489077055,-0.3850193437007398,-0.6841648799330821,-0.628003669260273,-0.7261431091413771,-0.1573961191812276,1.8982782730513843,0.6092363340408559,0.1099273514751544,8.416809503614,2.1312306503008926,0.496935501505694,1.306491621173092,0.2471278567100796,0.07896529352326,0.0503343941689999,1.0,0.5326858664395976,1
AXON__axon_0102f277b04f98,axon_0102f277b04f98,1,SPOOF,axon_subject_7f23b881,axon_camera,unknown,unknown,silicone_mask,AXON,AXON,train,-1.463779190688831,1.948988542888732,-1.973427777931058,-0.6923395752900534,4.66487204831621,-0.8054552957603933,-0.7919822903416487,-0.9045991090131892,-0.1573961191812276,1.2785614842565554,86.20050650094322,0.3040963700221069,5.193806220232892,359.5273771821076,1.1532365689717778,1.1603742714567502,48.28840089636631,0.1694759057357923,-0.0820621430144832,1.0,0.33632275628062097,0
AXON__axon_01691a0388e284,axon_01691a0388e284,1,SPOOF,axon_subject_dbad3a3a,axon_camera,unknown,unknown,mobile_image_replay,AXON,AXON,train,-0.6478882192303673,-0.6493103904090872,-0.0600188874919074,-0.9037009463464456,-0.3850193437007398,-0.0568252095496446,-0.0579555208582705,-0.0676725967508657,-0.1573961191812276,7.387721133602874,114.40289811565124,58.81789501812488,37.98040849719533,356.91451343399183,180.19888183457329,4.587920337099315,92.96387479936492,24.11305417184884,0.3734142318550344,1.0,0.8571204420849282,1
AXON__axon_02a3b0e58dd5b0,axon_02a3b0e58dd5b0,1,SPOOF,axon_subject_cc05bd54,axon_camera,unknown,unknown,print_cut,AXON,AXON,train,-0.9547883294301864,-0.7258095426951349,-0.2265113378594545,-1.2546761159982458,-0.3850193437007398,0.8734721894906163,-0.7016073848063988,0.0797578867170878,-0.1573961191812276,0.9553830751434468,89.09287633384547,0.1056476846177763,3.748584698252849,358.50698457104534,0.3990343566342794,0.7805765019579641,25.96255753171952,0.1212011175558466,-0.6244975067405502,0.9375,0.9454374629665874,1
AXON__axon_03af8536a8fdc6,axon_03af8536a8fdc6,1,SPOOF,axon_subject_31333d1f,axon_camera,unknown,unknown,on_actor,AXON,AXON,train,0.4784490812006882,-0.5250143751987052,0.632207421645385,0.243715534515529,-0.3850193437007398,-0.4246664668175248,-0.7384027072453937,-0.6745496156737957,-0.1573961191812276,3.0503886491358347,0.4136990632172103,0.5448875792392925,12.98833749239972,1.2529920189123231,2.004965537836367,2.6328449460344774,0.2482677130267442,0.5921909293435516,0.4234743376078008,1.0,0.6908131037332216,1
AXON__axon_0541d0934e1590,axon_0541d0934e1590,1,SPOOF,axon_subject_d5e067b9,axon_camera,unknown,unknown,wrapped_3d_paper,AXON,AXON,train,0.0793627782467279,-0.5339782750386277,0.3408456335021775,-0.1534835929182773,-0.3850193437007398,0.1674478926116374,-0.6653508607856139,-0.3090419362343996,-0.1573961191812276,2.2373076983281,89.09461714018269,1.0720085268823063,8.961611101013663,358.5578816968216,4.7342441915282825,3.101729559599456,51.5232009569795,0.9998500450062064,-0.0653671979386942,0.9375,0.8946664068902126,1
AXON__axon_05857c82c53b77,axon_05857c82c53b77,1,SPOOF,axon_subject_69723c6f,axon_camera,unknown,unknown,mobile_image_replay,AXON,AXON,train,1.9854160768624285,-0.3481760295232272,1.4908921221335365,1.630535627323199,-0.3850193437007398,1.2800199678259427,1.1281737208320366,1.4422346509771635,1.8301874323398568,20.164805927720604,162.03504537795374,83.3672769968315,52.86066224054332,349.9465134652278,179.44977349623753,7.329925786467734,73.87552470753788,38.09055546665873,0.5702663665882188,0.9375,0.8913929238834929,1
AXON__axon_059d687e1da973,axon_059d687e1da973,1,SPOOF,axon_subject_3ea7eb64,axon_camera,unknown,unknown,on_actor,AXON,AXON,train,1.1409666441416435,-0.5346103151821178,1.088565683346232,0.8095740565910048,-0.3850193437007398,0.471421456296262,-0.7172046205868172,-0.1552300902744663,-0.1573961191812276,2.279678632845157,1.187202209428791,0.2803559085130545,7.811500541294851,5.342091390996956,0.9398938611706172,1.3375024740852626,0.6616845880230134,0.1823884713598045,0.5241205756303545,0.9375,0.8931480171295443,1
AXON__axon_065bee5c6bbca0,axon_065bee5c6bbca0,1,SPOOF,axon_subject_52d25bc0,axon_camera,unknown,unknown,on_actor,AXON,AXON,train,-0.5166172500957843,-0.4053651247831004,-0.1146162397924333,-0.5974636426293808,-0.3850193437007398,0.5415745671325637,-0.4218832149697842,0.067939755295957,-0.1573961191812276,2.326677967177249,0.9905287865795012,0.2651295034455501,10.032062432245228,3.896581864750772,1.2345108115502672,2.165846085536765,0.5610885518994432,0.3111618484833467,-0.1978388320190019,1.0,0.8469123925292503,1
AXON__axon_06c6bc225164df,axon_06c6bc225164df,1,SPOOF,axon_subject_b541000a,axon_camera,unknown,unknown,cylinder_attack,AXON,AXON,train,0.3740182510298217,-0.6798412544948794,0.6379798635616216,0.0004715295149849,-0.3850193437007398,-0.510061400452998,-0.6868437172376382,-0.6929771023373161,-0.1573961191812276,14.809942058087842,1.1657156992185471,0.608721298426189,44.32800989927426,5.006710765053242,2.243529380683804,4.102552576624938,0.6786408931484346,0.5388292151565542,0.94556117861682,1.0,0.08131421867193016,0
AXON__axon_06d326f921582e,axon_06d326f921582e,1,SPOOF,axon_subject_b4080002,axon_camera,unknown,unknown,silicone_mask,AXON,AXON,train,-0.5297733454274218,1.545323039213372,-1.199994574018544,0.0124406350888872,3.65489376991282,-0.9918985152664678,-0.818173800423792,-1.0306678707686026,-0.1573961191812276,9.856809942289631,3.273500206191964,88.95278352786275,25.60785222194786,10.519547197213257,179.1704161595451,3.390479004085196,1.3894540884452888,23.89400854654126,0.7286206304384424,1.0,0.579741452688416,1
AXON__axon_079626ef0939b0,axon_079626ef0939b0,1,SPOOF,axon_subject_eff79f38,axon_camera,unknown,unknown,mobile_image_replay,AXON,AXON,train,-0.8882756980534623,0.1376921147655452,-0.6618564962260461,-0.4971706159529247,-0.3850193437007398,-0.3900251590791455,-0.1990896622542988,-0.184114690237211,-0.1573961191812276,2.585082355556839,1.3134791311929068,0.3561994734531211,7.3364110983478525,4.690500101711365,1.516859417158408,0.7817575993347151,0.7995592240544808,0.37353379921956,0.9230771407399228,0.9375,0.4622978879083514,1
AXON__axon_08befbd7f11c94,axon_08befbd7f11c94,1,SPOOF,axon_subject_d0f99b76,axon_camera,unknown,unknown,on_actor,AXON,AXON,train,-0.3398530755250928,-0.522369480451902,0.144310884766448,-0.4475055595152679,-0.3850193437007398,0.2946881993160693,-0.5895281611396023,-0.2053236154201451,-0.1573961191812276,1.2142887542893328,0.5715912304032669,0.1585310133472215,4.804163907235891,1.9471249709803544,0.6327460562120426,1.177790669294069,0.3712723941274954,0.0922645284608827,0.0502328824219019,0.9375,0.8665321241467477,1
AXON__axon_09770296c294ea,axon_09770296c294ea,1,SPOOF,axon_subject_82fe21b2,axon_camera,unknown,unknown,silicone_mask,AXON,AXON,train,0.7785107667164946,-0.4581516847345376,0.8166897697725009,0.5792518326475773,-0.3850193437007398,-1.1080977453225973,-0.7962856044326414,-1.0854822030923788,-0.1573961191812276,4.035036663963666,0.639515104956369,42.45211470716687,18.812125966118323,2.7372533349103776,177.6134746172696,2.153323484965339,0.5054529358073088,12.176177052445942,0.0800597529172937,1.0,0.7702890171806309,1
AXON__axon_0b2c598610ba51,axon_0b2c598610ba51,1,SPOOF,axon_subject_73e64b03,axon_camera,unknown,unknown,3d_attack,AXON,AXON,train,0.7252920284982525,-0.5923261477973467,0.8289611212026794,0.3861617637657592,-0.3850193437007398,0.4436782182411895,-0.5901265001443591,-0.1455880541011061,-0.1573961191812276,0.7762585325034609,0.6062901342365856,0.1189535725134747,3.513058377652176,2.62235744759829,0.4263990745937516,0.6529215654243304,0.3475424210234185,0.1165561067588334,0.150827632128488,1.0,0.8814394538172429,1
AXON__axon_0bf10e14d39ef8,axon_0bf10e14d39ef8,1,SPOOF,axon_subject_e18a05e9,axon_camera,unknown,unknown,3d_attack,AXON,AXON,train,-0.7999768982096431,-0.6993246813165112,-0.1362375398532589,-1.08373204071091,-0.3850193437007398,0.9634139738243418,-0.6543025493681384,0.1602151041427716,-0.1573961191812276,0.5365774972352579,0.695366426261771,0.109172389493436,1.770311939188428,2.720120952442329,0.3973536825777926,0.6494846624580186,0.7328567356854226,0.1495065540266909,-0.0488359601060668,0.9375,0.9538075537769652,1
AXON__axon_0d0c985f3a8b8b,axon_0d0c985f3a8b8b,1,SPOOF,axon_subject_5a99cfcd,axon_camera,unknown,unknown,silicone_mask,AXON,AXON,train,-0.6133767811673719,1.4513713554448089,-1.4910277487919497,-0.2079816473339168,2.64491549150943,-0.4793289474468259,-0.7313282964319691,-0.6780481419095272,-0.1573961191812276,7.080023010173211,1.3833076277975662,77.53063976647749,24.235445471545148,4.800726739704146,181.1284410824653,4.844783799067454,0.894091804376571,48.14806994417305,0.1526854024594825,1.0,0.7629615543744172,1
AXON__axon_0d760b9c81947b,axon_0d760b9c81947b,1,SPOOF,axon_subject_515183e3,axon_camera,unknown,unknown,mobile_video_replay,AXON,AXON,train,-0.5276405228384288,0.5918305703874169,-1.1595635270107336,-0.4888780903470207,0.6249589347026502,-1.1176859211401078,-0.7338067777196443,-1.0429151318974084,-0.1573961191812276,4.375528902288437,0.6131992979845626,43.51885657275346,18.614127584225308,2.9505676804442658,180.02047952190208,1.3467100003900727,0.2982334705284434,12.077343273827031,-0.7142568772543102,1.0,0.5869078844368019,1
AXON__axon_0e04cf315e1ed6,axon_0e04cf315e1ed6,1,SPOOF,axon_subject_066da630,axon_camera,unknown,unknown,on_actor,AXON,AXON,train,0.2712310334924031,-0.4713391088666462,0.4013516637856915,0.0692361680476033,-0.3850193437007398,-0.3365410426745223,-0.7509849862806028,-0.6339701927021812,-0.1573961191812276,18.355912684868485,84.30462295889768,93.22638930419988,69.74786473913426,349.43384034390414,354.9301829383435,12.026487292965747,23.474173870068004,59.291201823693655,-0.0132169942373551,1.0,0.8503581418604602,1
AXON__axon_0eb84d65aeef40,axon_0eb84d65aeef40,1,SPOOF,axon_subject_8e5db3ea,axon_camera,unknown,unknown,pc_image_replay,AXON,AXON,train,0.7857338078248333,-0.2171392581483675,0.6097999571389225,0.648631282171781,-0.3850193437007398,0.0458171020798164,-0.0521668313119822,0.1107375124285252,-0.1573961191812276,4.964486494793308,152.97421718678916,42.42451653483558,20.71197679067845,358.93500487206995,179.68658177280324,2.777191282159486,94.24207796182613,23.952570301075795,0.4683397785513964,1.0,0.8693514685474989,1
AXON__axon_0ed88434e09dcb,axon_0ed88434e09dcb,1,SPOOF,axon_subject_f8b32dc5,axon_camera,unknown,unknown,silicone_mask,AXON,AXON,train,-0.2852519317989876,-0.5369434905898595,0.1477983783653257,-0.4610365204891092,-0.3850193437007398,-1.0869992517822762,-0.7708386888863049,-1.0581038403392282,-0.1573961191812276,1.7009312270290826,0.9924646570564244,0.2048937644996832,5.605330163937542,3.756597137467765,0.7050826285500591,1.1766339849836664,0.5147187790784743,0.1407033980017839,0.7759806032175678,0.9375,0.5275637694648256,1
AXON__axon_0f6a9c6168364b,axon_0f6a9c6168364b,1,SPOOF,axon_subject_30d8d497,axon_camera,unknown,unknown,silicone_mask,AXON,AXON,train,-2.1353277686349177,2.52518097288678,-2.567726835023729,-0.9673942900513038,6.6848286051229895,-0.76487026774491,-0.8059683307667391,-0.8976115511677444,-0.1573961191812276,2.172351254821232,1.4456227428819006,0.2940663093601891,8.83543790258723,4.855324644445233,0.93456659440659,2.2707542247558243,1.1086888180482524,0.2777525427038248,0.252342731817752,0.9375,0.2638583961707791,0
AXON__axon_101ffdb61e883d,axon_101ffdb61e883d,1,SPOOF,axon_subject_fedd2ddc,axon_camera,unknown,unknown,mobile_image_replay,AXON,AXON,train,1.70803956611777,-0.0166576438532041,1.084831542582549,1.6770339720256795,-0.3850193437007398,-0.3870087273743993,-0.5907339811233898,-0.5805829452730208,-0.1573961191812276,8.973950027673848,84.59952910599263,43.39539295161892,39.3017040915018,353.05052028154074,181.7012705184203,4.85747196936983,47.00556409577272,24.37165663244713,0.0724688015783131,1.0,0.7185216944243777,1
AXON__axon_10d900c062a12f,axon_10d900c062a12f,1,SPOOF,axon_subject_475d828e,axon_camera,unknown,unknown,on_actor,AXON,AXON,train,-0.935005210096683,-0.2406131039653617,-0.4062505000691441,-0.8245157478265576,-0.3850193437007398,0.6157689802228663,-0.4836267603994551,0.0323798246125941,-0.1573961191812276,1.8875796497421928,1.3056644116892175,0.7864101725095218,5.829621981529672,5.81428484929063,2.888173372203105,1.336332257967131,1.2401548654113432,0.4982000523125841,0.1513829518654776,0.9375,0.8898501893691387,1
AXON__axon_10e84e64d5fe64,axon_10e84e64d5fe64,1,SPOOF,axon_subject_b2f47e27,axon_camera,unknown,unknown,on_actor,AXON,AXON,train,1.203251815280351,-0.5674603726399572,1.126103585310114,0.9162952111786492,-0.3850193437007398,-0.168326188828533,-0.6420996515604054,-0.4571364957567365,-0.1573961191812276,1.4244930715103832,86.62012395549961,0.2973642047936258,5.721915317426902,358.5147548524456,0.9725430857717146,0.6820404453262402,24.274559160969883,0.2162751060802051,-0.813607456896268,1.0,0.6905305403211558,1
AXON__axon_1118e8a6804cd0,axon_1118e8a6804cd0,0,REAL,axon_subject_2902e73a,axon_camera,unknown,unknown,real_video,AXON,AXON,train,0.959330292592879,-0.6136629576820224,1.0222973165690157,0.6068584331090376,-0.3850193437007398,-0.0063683233997973,-0.3305524940791836,-0.163359072583655,-0.1573961191812276,4.641959096892933,0.693056974699247,0.2424751491289905,20.253740778779424,3.250211384933124,0.7010858746941887,2.088234235380433,0.5294729025583782,0.2507200690583528,0.2950083024972681,1.0,0.5137389242439795,1
AXON__axon_11b3fa95f7df2e,axon_11b3fa95f7df2e,1,SPOOF,axon_subject_579622e2,axon_camera,unknown,unknown,on_actor,AXON,AXON,train,0.5613247894615193,-0.4398289251276279,0.7330138769935874,0.4378396735080901,-0.3850193437007398,-0.4786577845056897,-0.6641688591774229,-0.6153336416773001,-0.1573961191812276,2.244435646113837,139.7171171879768,0.2078190823938941,8.613418799767107,359.5589704708322,0.9978437289439824,1.4779247719654467,48.05614256268732,0.1583982194871251,0.5820548185237194,1.0,0.7239903129414024,1
AXON__axon_11e9e821dceff4,axon_11e9e821dceff4,1,SPOOF,axon_subject_18426bb2,axon_camera,unknown,unknown,mobile_video_replay,AXON,AXON,train,-1.0376344305274183,0.0462305366029526,-0.8584722754795001,-0.7209311019362016,0.6249589347026502,-0.0843593083398545,-0.3461849275310454,-0.3008208682254324,-0.1573961191812276,1.252469304906505,1.2950789376552778,0.4394642817841076,4.876905059908722,4.700713447387187,1.3539889563082044,1.342196995861171,1.0668086204857872,0.3512884093083145,0.151393008665525,0.9375,0.6793155477038535,1
AXON__axon_12e0cf8f307787,axon_12e0cf8f307787,1,SPOOF,axon_subject_a77a64aa,axon_camera,unknown,unknown,pc_video_replay,AXON,AXON,train,-0.995106645393105,-0.7376983596625064,-0.224185032164689,-1.2570944066928746,-0.3850193437007398,-0.4310010284921349,-0.4689494384565645,-0.4290910746628249,-0.1573961191812276,1.237220859931289,179.31509794826098,0.2091259325279805,4.830217352530794,359.91062520458684,0.8543314799074053,1.0466658096516477,48.21730953735805,0.0974853300578736,0.7336244401553065,1.0,0.7613590125643483,1
AXON__axon_1441ffed87e72c,axon_1441ffed87e72c,1,SPOOF,axon_subject_90ebf4ee,axon_camera,unknown,unknown,silicone_mask,AXON,AXON,train,-0.5414075772095704,0.7011102888553654,-0.5951406837955283,0.0048914113645667,-0.3850193437007398,-0.9312385144411643,-0.7863102921022282,-0.9570498272253368,-0.1573961191812276,8.306310235996005,2.658300747945316,57.64665819703821,27.91471694288069,9.135739243931027,175.37717369359444,2.1681554818622857,0.8585978578031662,11.998401478900222,0.6615387790733634,1.0,0.6847060273331369,1
AXON__axon_1474e565f994d4,axon_1474e565f994d4,0,REAL,axon_subject_3983cd6d,axon_camera,unknown,unknown,real_video,AXON,AXON,train,0.3916995384502492,-0.6629309411435921,0.6480385017318125,0.0825029804188984,-0.3850193437007398,-0.3440797528667385,-0.5279442684081984,-0.4969636522053758,-0.1573961191812276,0.5123369600909361,0.6106303719062818,0.1257316958059429,1.58252711624965,2.542302899748534,0.4384396049659143,0.5948395664426281,0.4994769396045986,0.0885206455908629,-0.0166463323900425,1.0,0.6784056157699955,1
AXON__axon_15f881852d0cda,axon_15f881852d0cda,1,SPOOF,axon_subject_67f0aed3,axon_camera,unknown,unknown,print_cut,AXON,AXON,train,-1.2537758559825167,-0.6553096704702708,-0.4431459591523138,-1.4739944517904475,-0.3850193437007398,-0.3974066291602141,-0.3947196903606629,-0.4532485072652997,-0.1573961191812276,2.03985614264432,0.7030115456327977,0.2497528040294436,9.264963353307284,2.918693946524684,1.075106946764416,1.0436460064506436,0.6211612448392467,0.1783230232746353,-0.6764793458015638,1.0,0.4888120178519661,1
AXON__axon_1606a891d53641,axon_1606a891d53641,1,SPOOF,axon_subject_b8122760,axon_camera,unknown,unknown,silicone_mask,AXON,AXON,train,-1.0552592706452828,2.6070407091947003,-2.394540150424284,-0.1685656590582332,3.65489376991282,0.4011961714776183,-0.3519839794088287,0.0343147807046991,-0.1573961191812276,1.889596639334152,5.7218349781018425,141.34917270877338,6.75602940190044,24.31581184051848,359.5774329509228,1.4454249576412754,4.009327067754907,96.1407062004343,0.2681336329709161,1.0,0.9802176563472619,1
AXON__axon_1637aa01c95cad,axon_1637aa01c95cad,1,SPOOF,axon_subject_5ff6fe3c,axon_camera,unknown,unknown,cylinder_attack,AXON,AXON,train,-0.6618038628244317,-0.5271497727566681,-0.1207075639308468,-0.8362212167138101,-0.3850193437007398,0.1146482720517587,-0.6729677310889133,-0.3100143441824231,-0.1573961191812276,2.2314363754974496,1.3664233823354632,0.3693164091087076,7.059997726168961,6.078250488681903,1.3293067312253068,1.7753075555478497,0.829247469645326,0.4281333920678064,0.592047337730915,0.9375,0.8475120190441477,1
AXON__axon_18f22f2058137a,axon_18f22f2058137a,1,SPOOF,axon_subject_f5e23caa,axon_camera,unknown,unknown,on_actor,AXON,AXON,train,0.1923055296011188,-0.5215966145853842,0.4532272889504542,-0.0772639231862773,-0.3850193437007398,1.1275422376197768,-0.416313633069207,0.3638077612196586,-0.1573961191812276,0.9013613100010852,0.6692916534728657,0.1398640279295367,2.960687219623507,2.18404359206096,0.4996095338611397,0.8531793791657544,0.5368011040515037,0.1626972497530257,-0.2509758396004874,0.9375,0.9406548695305746,1
AXON__axon_1908ca7831f7ce,axon_1908ca7831f7ce,1,SPOOF,axon_subject_71f3a25e,axon_camera,unknown,unknown,on_actor,AXON,AXON,train,0.4429664174906553,-0.414848110025422,0.4826288286750136,0.336191093537947,-0.3850193437007398,-0.3218478523304349,-0.6014657811200749,-0.5367698109233983,-0.1573961191812276,1.3028982235270885,0.6124262576476615,0.2082229600072473,5.49860152196294,2.456239862047596,0.6697644303283521,0.7920736018398133,0.3685604456952565,0.2222466054754291,0.7641895672242386,1.0,0.7080119520995111,1
AXON__axon_19e893f51fca11,axon_19e893f51fca11,1,SPOOF,axon_subject_bdb84922,axon_camera,unknown,unknown,on_actor,AXON,AXON,train,0.0811801600272814,-0.5853024741702655,0.3776200146523963,-0.2052771956531963,-0.3850193437007398,-0.247634486682937,-0.3028000293568891,-0.2248020841482878,-0.1573961191812276,2.56713512129631,0.5693232392551928,0.4343968636389936,10.9832728050747,2.361973959715783,1.3772986863217913,1.2433002124607548,0.4513148252159624,0.2422353305900731,0.7033308019159523,1.0,0.5504224833781248,1
AXON__axon_1c22571120ebe7,axon_1c22571120ebe7,1,SPOOF,axon_subject_e48a175f,axon_camera,unknown,unknown,silicone_mask,AXON,AXON,train,-1.2969804553426574,1.1679106972705375,-1.2818664617377244,-0.5918817116949542,5.674850326719601,-0.6797408902887404,-0.5683536787588642,-0.6798510253192006,-0.1573961191812276,1.8781447284547728,0.8550352284900351,0.7559001176310043,7.755598294744891,3.066464619971839,3.2174850083623574,1.569160081973567,0.7240889532900951,0.2355623609488567,-0.6080031852589812,1.0,0.19807156052365135,0
AXON__axon_1c3fb5cc427d13,axon_1c3fb5cc427d13,1,SPOOF,axon_subject_cd0d68d6,axon_camera,unknown,unknown,on_actor,AXON,AXON,train,0.4579111175466383,-0.6300748142534802,0.6816004813410176,0.1202992667983489,-0.3850193437007398,-0.0727341182863699,-0.6957947805405231,-0.4440863148837788,-0.1573961191812276,2.292493817363962,0.5158518305870757,0.1173293981645003,8.487476575359665,1.563155753890186,0.3927725467198382,1.463630250861247,0.2239002419166752,0.1015163645427538,0.6151798952446935,1.0,0.777575985067629,1
AXON__axon_1c8e7a9a70d134,axon_1c8e7a9a70d134,0,REAL,axon_subject_dfbd7eaa,axon_camera,unknown,unknown,real_video,AXON,AXON,train,1.0223304628973826,-0.644292515204855,1.1010896703397557,0.6496586973758707,-0.3850193437007398,-0.3592894003943928,-0.2717898531462848,-0.2770334217227282,-0.1573961191812276,1.0672834091594177,0.4133268762490237,0.3058024446790097,3.9558889762843856,1.67829988301213,1.2485772375263826,1.0800818704743351,0.4815997740967134,0.1361824369211941,0.0523396129392835,1.0,0.5595190141608136,1
AXON__axon_1d299f1439b77d,axon_1d299f1439b77d,0,REAL,axon_subject_259bce94,axon_camera,unknown,unknown,real_video,AXON,AXON,train,-0.5264800327063276,-0.621876854424845,0.0149304115167293,-0.7546689190889339,-0.3850193437007398,-0.3557072568952295,-0.5659079116086372,-0.5049213052053275,-0.1573961191812276,4.568397799734859,0.3833983143079963,0.2534279217326594,16.422792456779167,1.5121000974655487,0.9568124911031182,1.286333177241822,0.4376218862220732,0.1673515122516355,0.9687241033400154,0.9375,0.5150816420897653,1
AXON__axon_1d628c39414dbd,axon_1d628c39414dbd,0,REAL,axon_subject_e5a98489,axon_camera,unknown,unknown,real_video,AXON,AXON,train,-0.0913737098581327,-0.3744930133840636,0.1901255020603987,-0.1279082747337617,-0.3850193437007398,-0.5397852909242465,-0.4787610676984125,-0.5498487191263596,-0.1573961191812276,8.26831278303554,0.598246808283206,1.2057684754426017,29.02015956558673,2.471172940021092,4.543935529889808,2.753364539140228,0.5542253125457743,0.4650296048775578,0.9517737757476554,1.0,0.23492875796552276,0
AXON__axon_1e66888cbed034,axon_1e66888cbed034,1,SPOOF,axon_subject_6546f31c,axon_camera,unknown,unknown,3d_attack,AXON,AXON,train,-1.2490259814933298,-0.5139913552978116,-0.5040801599313329,-1.278035606225162,-0.3850193437007398,-0.3616353302937188,-0.7037266100558657,-0.6186130611587675,-0.1573961191812276,1.432130516899872,2.5174195738843994,43.46577850248998,6.364619582167611,12.305344526215606,180.6144092437254,1.365547133853943,1.5877244968477082,24.143199834149502,-0.0904704577639388,1.0,0.9280980975996957,1
AXON__axon_1f28b8983fd047,axon_1f28b8983fd047,1,SPOOF,axon_subject_a55dafd1,axon_camera,unknown,unknown,silicone_mask,AXON,AXON,train,-0.2984843970105633,1.047479458222116,-0.8883489572006014,0.0491695768243281,1.6349372131060402,-0.7387690153354366,-0.740281200975574,-0.8363261443087131,-0.1573961191812276,4.163802293933242,1.8912613740485504,0.5542198823065196,15.532786648001144,5.389164493582939,1.978953371064248,1.4017705341498266,0.7509750144534129,0.2483533493346104,0.8591897059419258,1.0,0.3271135716435144,0
AXON__axon_1f5d72b8527b2b,axon_1f5d72b8527b2b,1,SPOOF,axon_subject_a21651b3,axon_camera,unknown,unknown,on_actor,AXON,AXON,train,0.1998683613346889,-0.6485618395074387,0.5416598415435057,-0.1364383293155988,-0.3850193437007398,-0.4818675984073977,-0.763755473302575,-0.7085040416152854,-0.1573961191812276,6.3257716357569365,84.36078265605289,42.279402152366224,27.80068163392737,349.03617083096105,175.50885023871302,2.678703757025184,23.47485348821941,11.878679971090602,-0.3380567374494868,1.0,0.8220399155751454,1
AXON__axon_1fa757afac443b,axon_1fa757afac443b,1,SPOOF,axon_subject_fd721560,axon_camera,unknown,unknown,pc_video_replay,AXON,AXON,train,0.6069707346575037,-0.561546939671434,0.7123572705098286,0.3080597792826691,-0.3850193437007398,-0.1145391620766459,-0.4351353951854187,-0.2465206759868362,-0.1573961191812276,0.8971577640147419,0.4193217031844941,0.1886385391707436,2.8459995295344527,1.8984186226893485,0.7747441770353276,0.5210247024430895,0.3088807139034827,0.1820163163642584,0.3651147238673796,1.0,0.702885705468298,1
AXON__axon_1ff5f637400170,axon_1ff5f637400170,1,SPOOF,axon_subject_8b231bea,axon_camera,unknown,unknown,3d_attack,AXON,AXON,train,0.5936502780625211,-0.5726002322621272,0.7437720349680609,0.4212448958942501,-0.3850193437007398,-0.2706334148392129,-0.7544620569794894,-0.5931634464730174,-0.1573961191812276,0.6211605997229223,0.7549199418591851,0.1971294035403206,2.7083585063706206,2.470171957110381,0.7534266403800791,0.4144671554087644,0.4606974899065242,0.2728658426917006,0.2681614336601847,0.9375,0.7821936987785384,1
AXON__axon_200e5acdefa7f3,axon_200e5acdefa7f3,1,SPOOF,axon_subject_abeed21c,axon_camera,unknown,unknown,print_cut,AXON,AXON,train,-1.0548101825469518,-0.7120679384372127,-0.2855243855323308,-1.300489517231333,-0.3850193437007398,1.0826731603531945,-0.605666122218054,0.2225664349298053,-0.1573961191812276,0.6976803036739085,0.5605758297506843,0.1030865857688859,3.0505733395592904,2.272913297389493,0.3244058398958916,0.6674807064158741,0.3889834041200383,0.0912962544919686,0.1536248255170949,1.0,0.9557724964977486,1
AXON__axon_20c2050103a65b,axon_20c2050103a65b,1,SPOOF,axon_subject_545fbbdc,axon_camera,unknown,unknown,3d_attack,AXON,AXON,train,-0.5067013406122407,-0.6283852406991702,0.0167012932470461,-0.7439519597976442,-0.3850193437007398,-0.2801331637546938,-0.7142858365545774,-0.5723962648518756,-0.1573961191812276,2.365155404919773,0.7343700362865349,0.1499510641248964,10.16356473119864,3.203553460521277,0.5393981028181267,1.0865498690877249,0.3630714388081894,0.1669165884496507,0.5936105092351197,1.0,0.7012250757758167,1
AXON__axon_21a0f8ef94ac19,axon_21a0f8ef94ac19,1,SPOOF,axon_subject_7e819619,axon_camera,unknown,unknown,pc_video_replay,AXON,AXON,train,-0.6837745918347101,-0.2566947536325855,-0.3481828708155386,-0.6462563943795594,-0.3850193437007398,5.209633259625994,1.829704248184245,4.426936558706482,4.480298834367969,6.201021935700935,175.70145210883405,1.1720140659804776,18.16395116492877,356.54121625990206,4.1155150923767865,6.549897256347705,45.61441601999981,1.4227166072279418,0.7846653705710694,0.5625,0.9999961364005902,1
AXON__axon_23299274edfbd9,axon_23299274edfbd9,1,SPOOF,axon_subject_bb803b45,axon_camera,unknown,unknown,on_actor,AXON,AXON,train,1.1751438256286788,-0.4938821346349211,1.0702692544364725,0.8874354406027832,-0.3850193437007398,-0.4735204294236664,-0.6457676171729202,-0.6344578269563944,-0.1573961191812276,1.563276764059114,140.28598540679744,0.2327171269445138,6.484981365427451,359.9190874542984,0.8784065519429535,1.111945207618922,143.89154922602853,0.3146326759676662,-0.253407178539268,1.0,0.7348488444334946,1
AXON__axon_23d935c9a2a1ac,axon_23d935c9a2a1ac,1,SPOOF,axon_subject_4e30900f,axon_camera,unknown,unknown,3d_attack,AXON,AXON,train,0.3678068341281978,-0.6302227706285339,0.654457316415302,0.0807030841271299,-0.3850193437007398,-0.0410663786204759,-0.6500684557585839,-0.3335888919555667,-0.1573961191812276,0.8517910496969949,0.657706770452288,0.1761395343986274,3.6936258735400007,2.5294881168100005,0.679851216722219,0.6368749093292219,0.4177171207270135,0.1599265215956773,0.650561835390337,1.0,0.8081588856023565,1
AXON__axon_23ec7bc87f6b2d,axon_23ec7bc87f6b2d,1,SPOOF,axon_subject_d8658859,axon_camera,unknown,unknown,pc_video_replay,AXON,AXON,train,-0.2060519390638683,-0.5513917554960175,0.0834049417430324,-0.472201918105652,-0.3850193437007398,-0.4102880872635913,-0.3322717847163896,-0.2523775212543019,-0.1573961191812276,0.9892849822712128,0.4400154562670648,0.2193909403022273,3.379034215541349,1.3590699607965178,0.910365479621229,0.41644096949591,0.438950221684837,0.116181126784816,0.8104351192340418,1.0,0.5708707177270289,1
AXON__axon_2418e0e3682622,axon_2418e0e3682622,1,SPOOF,axon_subject_918c5b76,axon_camera,unknown,unknown,on_actor,AXON,AXON,train,1.7656932914216867,-0.552633233664045,1.538117755833129,1.4618557560456733,-0.3850193437007398,-0.1444972047806826,-0.6525407924406,-0.4247612208836215,-0.1573961191812276,1.3036066180491095,0.613239973018041,0.3030156383065238,4.984579599467521,2.114002766036151,1.1490800775550296,1.364205525574716,0.4099374083149219,0.2940514800267126,-0.0065800981621093,1.0,0.758758304971932,1
AXON__axon_250392006fdee3,axon_250392006fdee3,1,SPOOF,axon_subject_747727d1,axon_camera,unknown,unknown,silicone_mask,AXON,AXON,train,-0.5933764503999867,2.2629412840830803,-1.4258621830330942,0.3848758310339838,3.65489376991282,-0.7126732723902641,-0.7618911046719898,-0.8404664098824908,-0.1573961191812276,7.175685378228149,2.2802142641852847,84.90940971669819,19.944587354771365,9.74952548946152,177.16632235866544,3.4548776505074303,2.156578666748074,46.90948961538609,0.4397547788927758,1.0,0.644753320174503,1
AXON__axon_252db003761325,axon_252db003761325,1,SPOOF,axon_subject_8fa5deb8,axon_camera,unknown,unknown,silicone_mask,AXON,AXON,train,0.915246056101134,-0.3361830547679816,0.887224870508422,0.9036887703137194,-0.3850193437007398,-0.3844128881743842,-0.736879562269335,-0.6322376669058217,-0.1573961191812276,2.865041471865714,0.8404693066320164,0.2027154095130879,9.356083059594964,3.157401614078225,0.7633292677141336,1.70844787253195,0.4991060211446969,0.1426128556507399,0.8258155459263857,1.0,0.6869130250168312,1
AXON__axon_2562c2265876a2,axon_2562c2265876a2,1,SPOOF,axon_subject_03ab74ba,axon_camera,unknown,unknown,on_actor,AXON,AXON,train,0.9475101167552294,-0.4863637091882004,0.9823868859591488,0.7556140257824896,-0.3850193437007398,-0.3253382081543451,-0.7499591529296648,-0.6176569036283519,-0.1573961191812276,5.021534560843459,1.0510899262810152,0.6716850673568516,20.376696107415658,4.570212471546796,2.69644336871474,2.4300104434072614,0.4791409687418858,0.3604667312080677,0.8483026801169443,1.0,0.6007555306948449,1
AXON__axon_25a83886ce823b,axon_25a83886ce823b,1,SPOOF,axon_subject_19ecac77,axon_camera,unknown,unknown,on_actor,AXON,AXON,train,0.0490472563409057,-0.5949468206687323,0.4039027215631064,-0.1857424850462884,-0.3850193437007398,-0.8382495555918934,-0.7315718540416625,-0.8843852023780593,-0.1573961191812276,2.099931055860666,0.8970651760814788,0.3412941718173648,9.100407125324107,4.0771418445329175,1.4297561981134626,0.9828484513397752,0.4684946175955303,0.184216097689729,0.6707474339551257,1.0,0.5268683580681622,1
AXON__axon_2651ee8034c7fe,axon_2651ee8034c7fe,1,SPOOF,axon_subject_d7f7450e,axon_camera,unknown,unknown,mobile_image_replay,AXON,AXON,train,1.4070470535146036,-0.3451371802154411,1.1619048516978212,1.2011395495848471,-0.3850193437007398,0.7624890998560131,0.6533504532146551,1.2043424139578334,-0.1573961191812276,17.506144760717312,175.3520388296562,90.68527377882756,46.60436237945558,358.53816476844474,183.5697389098726,10.66913187925054,76.25850927713999,52.544796538004654,0.5376639695614986,0.9375,0.7082300417951698,1
AXON__axon_27e2204a12ac7a,axon_27e2204a12ac7a,1,SPOOF,axon_subject_8ba3216b,axon_camera,unknown,unknown,mobile_image_replay,AXON,AXON,train,-1.1471720813654434,-0.2927519847453682,-0.6494401132687622,-1.1594308360183154,-0.3850193437007398,-0.7125180156862649,-0.4539709880168083,-0.653623885970748,5.142826684874997,2.924363630489902,0.8088274197409514,0.5441195647975443,8.437050679367673,2.994599245047027,1.8204871671917968,1.3497787160097918,0.6630702419097645,0.5016955143270515,0.8464559101775725,1.0,0.99889247046511,1
AXON__axon_2801eafcaeca6a,axon_2801eafcaeca6a,1,SPOOF,axon_subject_71f5e86c,axon_camera,unknown,unknown,silicone_mask,AXON,AXON,train,-0.6650744859435155,2.0577435347334885,-1.5276322091336374,0.2255957594462913,4.66487204831621,-0.2726808419627158,-0.7511609425231549,-0.6031903193150486,-0.1573961191812276,4.854868150725773,85.30925019915438,43.17222865822276,19.87400851311952,343.11655081771715,173.94983296178438,2.7952689198996348,49.42871168434217,24.982902476089784,-0.0620867417644922,0.9375,0.7275101612616932,1
AXON__axon_28681b19a996af,axon_28681b19a996af,1,SPOOF,axon_subject_6de26cf7,axon_camera,unknown,unknown,on_actor,AXON,AXON,train,0.4078323988846875,-0.4131509776076074,0.5924459524491644,0.3286945971509565,-0.3850193437007398,0.1409470387564194,-0.6288846815351411,-0.2735046465823104,-0.1573961191812276,2.646706003912936,1.145009951496177,0.5133534707170765,10.684911632613725,3.668306848725592,1.7980516278711405,2.0605131099599547,0.426042977588573,0.5025063135485467,0.3251172821299327,1.0,0.80756768018031,1
AXON__axon_28e0c0ab37fd93,axon_28e0c0ab37fd93,1,SPOOF,axon_subject_80e159b3,axon_camera,unknown,unknown,on_actor,AXON,AXON,train,0.2752476464532,-0.636616135575933,0.5823629864099105,0.0194590020286332,-0.3850193437007398,-0.2779627653879947,-0.6933575451859593,-0.5542220290784926,-0.1573961191812276,1.583508588903587,0.4070633410381324,0.1306220389811982,7.038473397052699,1.3773709094699882,0.5682443476897365,0.8423826647142711,0.2991185993370379,0.1662305394590809,0.6108896440548613,1.0,0.7287592333813527,1
AXON__axon_2924e42a49bb79,axon_2924e42a49bb79,0,REAL,axon_subject_04b35996,axon_camera,unknown,unknown,real_video,AXON,AXON,train,0.3916995384502492,-0.6629309411435921,0.6480385017318125,0.0825029804188984,-0.3850193437007398,-0.3440797528667385,-0.5279442684081984,-0.4969636522053758,-0.1573961191812276,1.7174142102323515,0.4955778831127459,0.1191511454808831,7.951425055081431,1.6928988904382152,0.4260348041966189,1.1463043107309516,0.3822290479544411,0.0934604269291123,0.0927736404555281,1.0,0.6277564623413016,1
AXON__axon_2942a51a036c68,axon_2942a51a036c68,1,SPOOF,axon_subject_5cf18506,axon_camera,unknown,unknown,print_cut,AXON,AXON,train,-0.321692539437808,-0.5842089896130719,0.078938532120559,-0.5638451018805115,-0.3850193437007398,-0.5469721116315638,-0.6418745063579145,-0.674520888343792,-0.1573961191812276,0.6031834666617822,0.5537233327194375,0.1174431287611891,2.4131997139021824,1.8709731429732697,0.3885605275283078,0.4826532270745928,0.2161074382967001,0.1202793360908282,0.3273634734753383,1.0,0.6592193551997657,1
AXON__axon_29a7be0b75260b,axon_29a7be0b75260b,1,SPOOF,axon_subject_42de72fa,axon_camera,unknown,unknown,3d_attack,AXON,AXON,train,-1.2490259814933298,-0.5139913552978116,-0.5040801599313329,-1.278035606225162,-0.3850193437007398,-0.3616353302937188,-0.7037266100558657,-0.6186130611587675,-0.1573961191812276,1.3913486330217777,0.8145461929251931,0.3872057793546273,6.129027642168209,3.4134986832931133,1.2378293684553672,0.5742526475672484,0.339041011035952,0.1272852191501633,0.7127987006207548,1.0,0.7223257714133583,1
AXON__axon_29f5b604714788,axon_29f5b604714788,1,SPOOF,axon_subject_ad28a7ac,axon_camera,unknown,unknown,on_actor,AXON,AXON,train,-0.3804104624165129,-0.6416103288235694,0.1308843338306952,-0.6596158635281043,-0.3850193437007398,-0.1009076455033432,-0.5483269530498979,-0.3458880235652956,-0.1573961191812276,1.4710474733808012,1.2247074635537285,0.3222974855629005,6.576294812901701,5.548857912568593,1.1045071878786723,1.5265541096982034,0.7605903576310424,0.2588853175575906,0.2550979651908027,1.0,0.7616928137286881,1
AXON__axon_2bb5fb02a137f4,axon_2bb5fb02a137f4,1,SPOOF,axon_subject_60657ae9,axon_camera,unknown,unknown,advanced_paper,AXON,AXON,train,0.596188193058142,-0.6547485644892265,0.809187803503354,0.2631616836723583,-0.3850193437007398,0.0784058037982499,-0.6891748243334775,-0.3820907282574883,-0.1573961191812276,1.848315790969226,0.3542784435150152,0.3293818399246194,8.460146480968822,1.6440945791237596,1.2769254210358076,1.3441661651965104,0.2959232157143977,0.138334453874465,0.0296143283430621,1.0,0.8063910230059322,1
AXON__axon_2bd7540453f9c9,axon_2bd7540453f9c9,1,SPOOF,axon_subject_0823e298,axon_camera,unknown,unknown,on_actor,AXON,AXON,train,0.6382956671503325,-0.3123711452970021,0.6395121450376685,0.580928869124208,-0.3850193437007398,-0.0062304766029886,-0.6066685493315801,-0.346666339446833,-0.1573961191812276,1.903522129199624,0.4939711234345881,0.2611899549483524,6.946118981960718,1.9225196852811168,1.0164407331347602,1.6531918512440105,0.3972051715426232,0.2510873313139745,0.4339657490150877,1.0,0.7896371728663509,1
AXON__axon_2c796271db8fa9,axon_2c796271db8fa9,1,SPOOF,axon_subject_e9baa57a,axon_camera,unknown,unknown,pc_video_replay,AXON,AXON,train,0.3957454818721818,-0.6783428122034735,0.6871105565462847,0.0355567093070615,-0.3850193437007398,-0.0220470467180307,-0.4968316464203101,-0.3675570120691979,-0.1573961191812276,1.0035753637431777,0.3243330292970248,0.3329141119615275,5.147044049908551,1.1226096735692863,1.577515741802042,0.8447653961910577,0.3771123627497275,0.2333134729724888,0.1817846341997977,1.0,0.762773266838126,1
AXON__axon_2c9c8f1d5a79e6,axon_2c9c8f1d5a79e6,1,SPOOF,axon_subject_928b6bee,axon_camera,unknown,unknown,cylinder_attack,AXON,AXON,train,1.5471392971869526,-0.5006659725977974,1.3718790638536529,1.162721797307158,-0.3850193437007398,-0.4958538142923929,-0.7427053335473374,-0.7171731220737362,-0.1573961191812276,2.1244611344137883,0.9292846756336924,0.1610912627201819,7.323452708355008,3.276633019443949,0.4953801379870646,1.148318719316293,0.361309802391245,0.1027991438110354,0.8455784859090895,0.9375,0.6846026602730314,1
AXON__axon_2d53c5680d62e4,axon_2d53c5680d62e4,1,SPOOF,axon_subject_4e9887d8,axon_camera,unknown,unknown,pc_video_replay,AXON,AXON,train,0.8780948765359339,-0.6809077617288748,1.017904826241002,0.4673593036744251,-0.3850193437007398,-0.3103202899843623,-0.5181166460638155,-0.4049693077709055,-0.1573961191812276,5.400313703923199,1.0050496842464651,43.23475205195331,25.580492038576004,4.791344965572222,179.2721761335462,2.268139011317176,0.5805967113993366,12.104595984637506,0.8330093503134182,1.0,0.8522178111825319,1
AXON__axon_2dbceb4bae3dda,axon_2dbceb4bae3dda,1,SPOOF,axon_subject_a6ea4d29,axon_camera,unknown,unknown,latex_mask,AXON,AXON,train,0.3597913171642707,-0.1391235949082751,0.3533602636229843,0.4235618272413902,-0.3850193437007398,-0.0954029193417355,-0.3166829415680913,-0.2820559571603445,-0.1573961191812276,16.303416854169615,1.868880642357364,89.96946409597919,37.667766102777605,6.811347301506032,182.7501191403545,3.730728105011417,1.5096389644951,13.752538531021411,0.8690531812013493,0.9375,0.6255748092500689,1
AXON__axon_2dcb82d482fab9,axon_2dcb82d482fab9,1,SPOOF,axon_subject_169bdbfe,axon_camera,unknown,unknown,on_actor,AXON,AXON,train,1.735832114961003,-0.5227602327357354,1.502624891970156,1.4432220174164423,-0.3850193437007398,-0.1307117537748126,-0.7569555732822324,-0.5234857944532506,-0.1573961191812276,10.845594593614011,168.7892224788805,85.66876941377345,26.098428059671672,346.39818225172576,174.02940999849005,16.382145527082347,249.45780533576828,126.66414237997355,-0.4910812683809322,1.0,0.9625070692121328,1
AXON__axon_2df1cd826004dd,axon_2df1cd826004dd,1,SPOOF,axon_subject_483f07f5,axon_camera,unknown,unknown,silicone_mask,AXON,AXON,train,9.646463903272137,7.756991674793745,2.970116012854209,15.33972114433065,-0.3850193437007398,-0.0123395909984057,-0.485157152584628,-0.2829367054495005,-0.1573961191812276,54.67909674454107,125.00307171884133,90.64918554675155,151.3542452864978,344.4612334951228,286.0825849915892,76.96937794257835,187.7014373107317,98.67272270075388,-0.4033601458768118,0.9375,0.9988085381384839,1
AXON__axon_2e050ebd363cf2,axon_2e050ebd363cf2,1,SPOOF,axon_subject_badbeb81,axon_camera,unknown,unknown,mobile_image_replay,AXON,AXON,train,-0.7343115297762889,0.351820642728028,-0.8730869621127885,-0.4944856170762677,0.6249589347026502,-0.2515265926436694,-0.187769543027939,-0.2196002463500986,-0.1573961191812276,4.116160243131733,1.224480332107103,1.0780353506947538,13.018935660917544,4.334816210807389,3.0996366504574056,1.8671002113953985,0.7165256090601376,0.4690143876017136,0.8203522188009269,0.9375,0.4120846904351598,0
AXON__axon_2e5b4c5f33746e,axon_2e5b4c5f33746e,1,SPOOF,axon_subject_582e332b,axon_camera,unknown,unknown,on_actor,AXON,AXON,train,1.5857038729359323,-0.4529209884250787,1.3487432603749414,1.3566775159698012,-0.3850193437007398,-0.1536610967523803,-0.6693422103569555,-0.4682389393102574,-0.1573961191812276,5.522187947523316,85.88469030161048,43.16718010424098,27.30363744551843,345.2967436961912,174.2031393891169,4.632273528959869,49.43258594016028,25.000664362608603,-0.0694436922845149,0.9375,0.9195631635199514,1
AXON__axon_2f2bab9524118d,axon_2f2bab9524118d,1,SPOOF,axon_subject_f54c1fb3,axon_camera,unknown,unknown,on_actor,AXON,AXON,train,0.3508482935425459,-0.3193986542095073,0.5317789839549272,0.3055877374189176,-0.3850193437007398,-0.2206896801943519,-0.6800553410291283,-0.5065806736909576,-0.1573961191812276,1.0006691172711817,0.7269840688723876,0.3162662594106384,3.4002116189830955,2.902414178743953,1.21043413550762,0.722514351700567,0.5743686627852895,0.3352640252973429,-0.3491951812385871,0.9375,0.739486955935669,1
AXON__axon_303eef090b443a,axon_303eef090b443a,1,SPOOF,axon_subject_eec2fdff,axon_camera,unknown,unknown,on_actor,AXON,AXON,train,-0.1476555443478009,-0.7574528815863342,0.3293520253321905,-0.5286647057317031,-0.3850193437007398,-0.3106021541779967,-0.649120901900477,-0.5130703114373368,-0.1573961191812276,1.897493954865816,1.4138863419269845,0.2014746275358393,8.54627027782057,6.428919749028211,0.6604748571180453,0.9261977891874352,0.93380037807615,0.1719415974103929,0.199542277940921,1.0,0.6642250853215699,1
AXON__axon_30f2c9942268a1,axon_30f2c9942268a1,1,SPOOF,axon_subject_5ea728e5,axon_camera,unknown,unknown,wrapped_3d_paper,AXON,AXON,train,0.3301631241778907,-0.4766120677873258,0.5260065420386909,0.1565582697408877,-0.3850193437007398,0.347760979115987,-0.6773808104242972,-0.1888527520722069,-0.1573961191812276,2.2918447743324006,1.3789469982714564,0.7290364372013883,10.405694249481677,6.136439270296336,3.201821066617016,1.2887359389750226,0.7981884405118043,0.427795903759201,0.29789984777689,1.0,0.8490465365395974,1
AXON__axon_310d9be33b9d5e,axon_310d9be33b9d5e,1,SPOOF,axon_subject_6780891f,axon_camera,unknown,unknown,on_actor,AXON,AXON,train,-0.479979630302921,-0.438001839834782,-0.0456343799274439,-0.6572661695635942,-0.3850193437007398,-0.4061392402664365,-0.5879102029713384,-0.5058662639460805,-0.1573961191812276,1.3513333894252122,0.4021425262307363,0.333506558516594,5.914348157650929,1.7602108352922414,1.3400390877907444,1.0789691774557275,0.4963467473442089,0.2417333298800417,-0.5802533485160263,1.0,0.6101937672760284,1
AXON__axon_311b15579422cd,axon_311b15579422cd,1,SPOOF,axon_subject_63ff2539,axon_camera,unknown,unknown,on_actor,AXON,AXON,train,0.3504254921782516,-0.642325572319282,0.6094256822302643,-0.0014978109384944,-0.3850193437007398,-0.404523644954839,-0.6444902243085762,-0.604709824655873,-0.1573961191812276,0.6112119979070253,0.5775129767006993,0.1046215283939981,2.586725844802324,2.32443162562538,0.3478514600340463,0.6050025204131045,0.3912236398908553,0.0708649918341484,0.2780076295648915,0.9375,0.7239666195747888,1
AXON__axon_315adeadb33207,axon_315adeadb33207,1,SPOOF,axon_subject_ce1da464,axon_camera,unknown,unknown,on_actor,AXON,AXON,train,1.1099532786227648,-0.5084941997408678,1.1067097823681684,0.9257625837668082,-0.3850193437007398,0.6468593280300252,-0.4255734467491483,0.0758547433418142,-0.1573961191812276,2.1066744996848468,0.7238809089616155,0.3066902106322848,6.110857511038921,2.8795591397085047,1.2164708022088844,1.9976729301599432,0.6320068099139178,0.2864869146994727,0.4958749833684882,1.0,0.8909747585638638,1
AXON__axon_3237dee0f44e96,axon_3237dee0f44e96,1,SPOOF,axon_subject_e0896bb4,axon_camera,unknown,unknown,on_actor,AXON,AXON,train,-0.3804104624165129,-0.6416103288235694,0.1308843338306952,-0.6596158635281043,-0.3850193437007398,-0.1009076455033432,-0.5483269530498979,-0.3458880235652956,-0.1573961191812276,1.1359272986170332,0.7697091372340631,0.2827524979824093,5.402874831195411,3.382569079120998,0.8649101886321944,0.8008834703448972,0.5759511579893858,0.1552722861143056,0.5251894271746159,0.9375,0.7727767404389891,1
AXON__axon_324d55c0f4a99b,axon_324d55c0f4a99b,1,SPOOF,axon_subject_18515eb3,axon_camera,unknown,unknown,3d_attack,AXON,AXON,train,0.5740032963410808,-0.5892021216409552,0.7355503380495646,0.2729520751911505,-0.3850193437007398,-0.6037323207934352,-0.6264130299659518,-0.6612879967829728,-0.1573961191812276,4.23695614991448,85.2876781633308,0.4414497095258974,22.574233564858982,353.14720579667915,1.8884741314501976,3.238241654493688,23.80344223295124,0.2531258462280176,0.913299023134888,1.0,0.5775877570279869,1
AXON__axon_327a147d18f66e,axon_327a147d18f66e,1,SPOOF,axon_subject_79033097,axon_camera,unknown,unknown,silicone_mask,AXON,AXON,train,0.3029560777475157,0.1760466818470391,-0.5161011214476194,0.1752611170161335,-0.3850193437007398,-1.2768519619499843,-0.8030244598296865,-1.1776826143860852,-0.1573961191812276,0.7312904064992231,1.3760994709743906,0.3796911886614408,3.2906523006624866,6.626193768230905,1.6046867559857103,0.6714277901365354,0.9582090267587604,0.3765257276053811,-0.6575086810727035,1.0,0.3746128759187963,0
AXON__axon_33634faa70315e,axon_33634faa70315e,1,SPOOF,axon_subject_774e9f75,axon_camera,unknown,unknown,mobile_video_replay,AXON,AXON,train,0.0792072714622164,-0.6302073177794969,0.4400041564275577,-0.1662712520105351,-0.3850193437007398,-0.4267483831875514,-0.6153376672967314,-0.5028288965650884,-0.1573961191812276,1.6988366736165237,81.41177323683021,0.5252624502883374,6.183203710280457,343.6427830144218,1.7882832692696196,1.1407885950407937,23.88625522966318,0.2392322557014368,-0.7624338892364885,1.0,0.6047874846211456,1
AXON__axon_3393472058bd4c,axon_3393472058bd4c,1,SPOOF,axon_subject_95134532,axon_camera,unknown,unknown,3d_attack,AXON,AXON,train,-0.8636851501183543,-0.600519006324011,-0.2321503507707545,-1.041842730781734,-0.3850193437007398,-0.4834185126081028,-0.6814375347460957,-0.6832144965861233,-0.1573961191812276,1.820398667842821,0.3665200608334481,0.3237372108655689,6.89751479760333,1.3844671748843211,0.9876452379298994,1.7916238657499215,0.3448015468484747,0.2432680747066165,0.2132248300315664,0.9375,0.705449175737256,1
AXON__axon_33d466f10ed0ba,axon_33d466f10ed0ba,1,SPOOF,axon_subject_175dad6f,axon_camera,unknown,unknown,print_cut,AXON,AXON,train,0.3652335012172438,-0.6699462367199911,0.6397932254940708,-0.0092773968161982,-0.3850193437007398,-0.2271292522585375,-0.4744423305401655,-0.3328097848551945,-0.1573961191812276,0.7606468471157303,139.95139251705186,0.2049113654327974,2.6520568325169043,359.7225087539554,0.7163215523123264,0.8689717137515109,72.06472392384184,0.1517131364091617,0.2888861285275476,1.0,0.7878565506035617,1
AXON__axon_340e68ad132092,axon_340e68ad132092,1,SPOOF,axon_subject_26e4cc65,axon_camera,unknown,unknown,silicone_mask,AXON,AXON,train,-0.1422792154811513,1.5784947579637494,-1.4707872424378916,0.2330533502251548,1.6349372131060402,-0.6750069932774725,-0.7554432188331851,-0.8168437803493835,-0.1573961191812276,15.32204629378004,2.1915936960673155,98.63259594831398,55.719558169103,8.836820677478926,355.75361171931456,5.16555508388916,1.021829897513743,36.06773944726094,0.3952449582378461,1.0,0.6513044825020431,1
AXON__axon_3477197b2624a7,axon_3477197b2624a7,1,SPOOF,axon_subject_1dbcbcfc,axon_camera,unknown,unknown,mobile_video_replay,AXON,AXON,train,0.3576031540825691,-0.6056486447243483,0.6322560773835106,0.0469427426749557,-0.3850193437007398,-0.7463568699492171,-0.5351368183645813,-0.7405081739918712,-0.1573961191812276,0.5327263236326089,0.3331472044037448,0.1106098850949418,1.8067133583874124,1.3513729188049126,0.3615593529846643,0.5205612500930314,0.170487831390606,0.086327976999047,0.5179851221599984,1.0,0.5667565342544897,1
AXON__axon_353a7eb2bf9bf4,axon_353a7eb2bf9bf4,1,SPOOF,axon_subject_bb85c8a7,axon_camera,unknown,unknown,on_actor,AXON,AXON,train,0.3608173298990899,-0.273402560189931,0.3947445888231471,0.3860619401659597,-0.3850193437007398,-0.6332271277390518,-0.7090226071361656,-0.7486991148221271,-0.1573961191812276,4.256937906177599,0.6167481633453711,0.5297021309506132,17.126772474575382,2.7962206080998726,1.707361420011392,1.850582637146162,0.3803880112829896,0.3007640964494762,0.8317808048948543,1.0,0.4888492466004614,1
AXON__axon_3562500ff9dc7c,axon_3562500ff9dc7c,1,SPOOF,axon_subject_40bba5cd,axon_camera,unknown,unknown,mobile_image_replay,AXON,AXON,train,2.3194468636126846,-0.8450861467253262,2.0629215414548585,1.6914996914263614,-0.3850193437007398,-0.5174512449198041,-0.2600182017479454,-0.440562834823256,9.780521638424194,0.0,0.0,0.0,0.0,0.0,0.0,0.0,0.0,0.0,0.0,0.0,0.9999994650380906,1
AXON__axon_359de8e9fcac41,axon_359de8e9fcac41,1,SPOOF,axon_subject_4012beba,axon_camera,unknown,unknown,on_actor,AXON,AXON,train,0.0731452738909062,-0.670779089429396,0.4510362836351688,-0.2441290526110388,-0.3850193437007398,-0.2260368356769538,-0.7187939217701497,-0.548573091775629,-0.1573961191812276,0.4403808045563852,0.4623939607396628,0.2437560380265603,1.527287819772602,1.3991119006988697,1.122285857180736,0.3846895933342704,0.1947909817305496,0.1361413544024603,0.3738386664051038,1.0,0.7878338947580269,1
AXON__axon_361611f6951d4d,axon_361611f6951d4d,1,SPOOF,axon_subject_50edb6b8,axon_camera,unknown,unknown,print_cut,AXON,AXON,train,0.3574897060725163,-0.6485618953611099,0.6361331911623017,0.0509576990504793,-0.3850193437007398,0.1720944646137359,-0.6745278935673589,-0.2590095175279656,-0.1573961191812276,0.3610430087219241,0.2996327759399858,0.1426193638363625,1.6186927905561015,0.992995051085984,0.5040637189857742,0.3414205884920337,0.3472550339804191,0.0848507994856731,0.0047983594683707,1.0,0.8482652726892178,1
AXON__axon_36ab0cb2c6c2a2,axon_36ab0cb2c6c2a2,1,SPOOF,axon_subject_40b5e164,axon_camera,unknown,unknown,pc_video_replay,AXON,AXON,train,-0.4316208941543564,-0.2086295417448901,0.0024221440693698,-0.5798824030831636,-0.3850193437007398,6.500699086043203,1.535489396125424,4.836493338297246,9.117993787917166,10.352666980824516,166.05122328601365,83.83333533283538,23.55524082779862,352.6536211937778,178.02919819197348,11.77762041389931,176.7332973778973,89.01459909598674,1.0,0.1875,0.9999999998958855,1
AXON__axon_3799151b1fcfa0,axon_3799151b1fcfa0,1,SPOOF,axon_subject_1ededdc6,axon_camera,unknown,unknown,print_cut,AXON,AXON,train,0.3054015741203127,-0.6342576584551299,0.4709129012092842,-0.0441301667913059,-0.3850193437007398,-0.4795781956117991,-0.6374560852834639,-0.594825432067101,-0.1573961191812276,0.6515088685617304,0.4074862072539228,0.2037575182485027,2.6776684514831546,1.4735260779712291,0.7615165729223714,0.6931905748760404,0.2571290076144938,0.186601630519905,0.4050469186059836,1.0,0.6852898626099332,1
AXON__axon_38a02076a01b54,axon_38a02076a01b54,1,SPOOF,axon_subject_747b6485,axon_camera,unknown,unknown,print_cut,AXON,AXON,train,-0.8842856485291654,-0.6356338556781325,-0.2023668635019092,-1.1194519962145315,-0.3850193437007398,-0.4263129151292077,-0.7058902284754885,-0.6644935285978628,-0.1573961191812276,2.27047916861179,1.1594238234495635,0.2312189933473199,9.566448227996622,5.42304495800235,0.7628571009671503,0.9124336119754548,0.7432693935037814,0.1674168769798146,0.9096220190207256,1.0,0.6708168718316666,1
AXON__axon_38bcc597c8d33b,axon_38bcc597c8d33b,1,SPOOF,axon_subject_991fa065,axon_camera,unknown,unknown,on_actor,AXON,AXON,train,0.8576908368742389,-0.5672803376397353,0.8837186631641111,0.5676907240431116,-0.3850193437007398,-0.0987510207973963,-0.6646903049723332,-0.461003364791582,-0.1573961191812276,2.5929862982861827,89.18538309392308,0.5663616740456494,10.217901990617143,358.1256708873926,2.421487850115093,2.103398035735609,51.59504100858096,0.5507872063980653,-0.0667929110849769,0.9375,0.7901115142711558,1
AXON__axon_3afe5119660ea2,axon_3afe5119660ea2,1,SPOOF,axon_subject_edfa1171,axon_camera,unknown,unknown,pc_video_replay,AXON,AXON,train,-0.7706569517676503,0.0645118900216003,-0.7895132463839389,-0.6248245234605656,0.6249589347026502,5.252415792572536,1.8672535694030736,3.722979179815717,1.8301874323398568,4.316102762261453,131.8033161769954,1.3572278792847037,14.777492037562586,359.19798621385416,5.6943213218051385,5.719571856321035,35.56952477510848,1.1966055011856658,0.6917697903204825,0.75,0.9998696899512239,1
AXON__axon_3b09f32b8681ab,axon_3b09f32b8681ab,1,SPOOF,axon_subject_9a91f0b1,axon_camera,unknown,unknown,pc_video_replay,AXON,AXON,train,-0.1915704389318574,-0.3684282728202137,0.2323440860319608,-0.1133217431815281,-0.3850193437007398,-0.7223650261366321,-0.6314863118533157,-0.7357782069341854,-0.1573961191812276,1.2818143590731128,177.87015277396992,0.2096892180519987,6.32830254753648,359.396768881875,0.9657291082285124,1.0438855257017496,119.60364398347656,0.1378615105145701,0.3289964638195358,1.0,0.7273099266351386,1
AXON__axon_3b6093feadb7cb,axon_3b6093feadb7cb,1,SPOOF,axon_subject_aefab87f,axon_camera,unknown,unknown,3d_attack,AXON,AXON,train,0.640611113365264,-0.5289801347982254,0.7154064881906678,0.3429161326690516,-0.3850193437007398,-0.2987918461240015,-0.6737102221142452,-0.5770344505247194,-0.1573961191812276,0.6950805651384202,1.654819337667933,0.2989372127850191,2.6250763672693864,7.208540473519776,1.3779688642256085,0.5738429309885014,0.7095868263696048,0.1686603619603608,0.5844554067678813,1.0,0.7576058591904428,1
AXON__axon_3be54d1b937b73,axon_3be54d1b937b73,1,SPOOF,axon_subject_239aa4e5,axon_camera,unknown,unknown,latex_mask,AXON,AXON,train,0.1751948026605179,-0.2722644485494354,0.2020094789601162,0.1372416353058494,-0.3850193437007398,-0.414194517831506,-0.5986795343050307,-0.5596637887726015,-0.1573961191812276,0.6121274872790732,0.9814672401294032,0.4590552733876996,2.674804415487088,3.7250347138812856,1.7422368339976018,0.5000447086818193,0.4875441227178661,0.2703465579281087,0.402904151294098,0.9375,0.705049061713089,1
AXON__axon_3bf5b146ddd4b4,axon_3bf5b146ddd4b4,1,SPOOF,axon_subject_6cb34bfd,axon_camera,unknown,unknown,cylinder_attack,AXON,AXON,train,0.5740221121086018,-0.4447869065784251,0.6460073118025239,0.3197463072817545,-0.3850193437007398,-0.2830217758876591,-0.6778319572203123,-0.5655721849903065,-0.1573961191812276,10.737665143882898,83.88120677924867,43.033818509734544,44.995289241177474,348.5964875628879,179.32163454101502,3.6734876407579766,23.86453091602432,12.250124525088893,0.5055037141898948,1.0,0.6907988991246677,1
AXON__axon_3c249376cb77f1,axon_3c249376cb77f1,1,SPOOF,axon_subject_5177b6ae,axon_camera,unknown,unknown,on_actor,AXON,AXON,train,0.27011647596925,-0.6605292705170481,0.5606673927797163,-0.0722154086159072,-0.3850193437007398,-0.1020142765028233,-0.4932450165461244,-0.2832087021397251,-0.1573961191812276,1.332968911442053,0.5329206647965992,0.1967872611755363,4.787080450621259,2.024465524625384,0.8631852107447924,1.0801648119159672,0.3998149983335639,0.1778426825578628,0.512204465341477,0.9375,0.7542377372196722,1
AXON__axon_3dae356d308da6,axon_3dae356d308da6,1,SPOOF,axon_subject_5fb7aa62,axon_camera,unknown,unknown,on_actor,AXON,AXON,train,-0.4596010472678717,-0.4121886560883218,-0.0667927019262593,-0.5592516805420475,-0.3850193437007398,0.8534571871997115,-0.3860047126557117,0.2537389963109702,-0.1573961191812276,2.764783813633342,157.99978981249564,0.6533402955132485,8.588284740825431,359.58671007530984,2.0673817553528817,2.067821902138527,102.85589166444352,0.717212317141751,0.306035929288343,0.9375,0.9416237081343694,1
AXON__axon_3f0456e8dd88ef,axon_3f0456e8dd88ef,1,SPOOF,axon_subject_a31f516f,axon_camera,unknown,unknown,on_actor,AXON,AXON,train,0.0355142922539219,-0.5500807581252154,0.3642834768321759,-0.1533417922149724,-0.3850193437007398,-0.2817702459770652,-0.7183890950241147,-0.5922495278557852,-0.1573961191812276,0.8283225921501465,1.0740680933689026,0.2765066661129493,3.741652481913152,5.118075195786759,1.099458167674331,0.924439310109764,0.6129227997446322,0.2690851087945512,0.3403964463214357,1.0,0.7745958521456685,1
AXON__axon_3fc0680f8c7988,axon_3fc0680f8c7988,1,SPOOF,axon_subject_b92f7e1b,axon_camera,unknown,unknown,mobile_image_replay,AXON,AXON,train,-0.6478882192303673,-0.6493103904090872,-0.0600188874919074,-0.9037009463464456,-0.3850193437007398,-0.0568252095496446,-0.0579555208582705,-0.0676725967508657,-0.1573961191812276,11.238970541749358,86.13261035474834,69.46523707550261,58.26725434624216,358.98260097076445,178.8000878617018,5.898580217092982,48.79099716834354,12.024378034466617,0.5476513254064613,1.0,0.7936436001446953,1
AXON__axon_403cea80068d77,axon_403cea80068d77,1,SPOOF,axon_subject_c13dd610,axon_camera,unknown,unknown,print_cut,AXON,AXON,train,-0.321692539437808,-0.5842089896130719,0.078938532120559,-0.5638451018805115,-0.3850193437007398,-0.5469721116315638,-0.6418745063579145,-0.674520888343792,-0.1573961191812276,0.8809399098422787,0.6797787179349184,0.1133450214433944,3.522581900596536,2.3076948854591137,0.3535701281556337,0.5755981227827959,0.2827316251196846,0.1211537838166544,0.3026209145657784,0.9375,0.6617806820244725,1
AXON__axon_4117034e8c260e,axon_4117034e8c260e,1,SPOOF,axon_subject_4ab3477c,axon_camera,unknown,unknown,mobile_video_replay,AXON,AXON,train,0.0483383446293073,-0.2127169878761014,0.2625974754486266,0.0711353760232749,-0.3850193437007398,-0.420778878617519,-0.4617363565251736,-0.5122368536893094,-0.1573961191812276,1.276415583594993,173.49363937593645,0.2239440372058138,5.839664110919362,359.53401932642606,0.964678899248685,1.3482544731180848,72.0426527976678,0.1741987232802143,0.5733152110437376,1.0,0.7690505434468403,1
AXON__axon_41380d4f889708,axon_41380d4f889708,1,SPOOF,axon_subject_54994e65,axon_camera,unknown,unknown,latex_mask,AXON,AXON,train,0.8445336347327469,1.3943612898190758,-0.7285927066390857,1.2187310274489924,-0.3850193437007398,0.1115476557324945,-0.7169633966426873,-0.3005575749423911,-0.1573961191812276,5.569918017860338,1.2177283194470394,42.167475856686295,23.10979071471219,3.852283458485033,176.87504333568086,2.767819148745281,0.612620593045915,23.7002947112584,-0.1737256608706051,1.0,0.8879519286403219,1
AXON__axon_415368d4b5eac5,axon_415368d4b5eac5,1,SPOOF,axon_subject_d1af2e98,axon_camera,unknown,unknown,silicone_mask,AXON,AXON,train,0.0522143927386242,-0.685523360175113,0.4446676217894397,-0.2823742892316385,-0.3850193437007398,-0.6789172804703978,-0.7617233911931277,-0.8128979111570286,-0.1573961191812276,11.266176327199563,1.336673023040664,86.65892412966264,48.191566291833325,4.267781771445641,358.8805113422736,4.005529908935205,0.6250434154165437,24.005228373773893,0.4524364221914436,1.0,0.8923842711974779,1
AXON__axon_41664e11cbf0d3,axon_41664e11cbf0d3,1,SPOOF,axon_subject_a32d5173,axon_camera,unknown,unknown,silicone_mask,AXON,AXON,train,-0.5585017020023587,0.3419553204883365,-0.700587960873639,-0.1475965601095917,-0.3850193437007398,-0.5706496956004253,-0.633432567523957,-0.6949752950732214,-0.1573961191812276,5.024361897266053,1.4003755918431409,43.2841901729952,22.75818559154992,5.661107256835237,179.96115326508212,2.357298582555116,0.842699674294846,12.181258550580392,0.0564666142840422,1.0,0.8229292345661384,1
AXON__axon_418d56103657b7,axon_418d56103657b7,1,SPOOF,axon_subject_107f31a5,axon_camera,unknown,unknown,mobile_video_replay,AXON,AXON,train,1.1355947425144115,-0.4356994397998807,0.98084674471002,0.8754816925057731,-0.3850193437007398,-0.0127576491495585,-0.4813524213241947,-0.2906517585820914,-0.1573961191812276,1.2379022619506947,118.51187983328587,43.31241643245957,5.553416800489253,359.8076418772933,179.36173401796415,1.208143495367075,95.65422580016684,12.109445424079796,-0.3557755840831736,1.0,0.9648987676735391,1
AXON__axon_41921c34471742,axon_41921c34471742,1,SPOOF,axon_subject_d1a6a107,axon_camera,unknown,unknown,print_cut,AXON,AXON,train,0.0871829432713933,-0.6520568271301626,0.4360360938459627,-0.1954233265632494,-0.3850193437007398,-0.3253785374330277,-0.7412746841552523,-0.6094424696849997,-0.1573961191812276,2.7457212483106885,0.5480664825015001,0.3923566708794738,11.869462543948048,2.300275520789455,1.8658877675422336,1.2786835520426056,0.35657063908277,0.2249021454083651,0.7675931855089513,1.0,0.6893861304510985,1
AXON__axon_43199a6cde634a,axon_43199a6cde634a,0,REAL,axon_subject_74742868,axon_camera,unknown,unknown,real_video,AXON,AXON,train,0.959330292592879,-0.6136629576820224,1.0222973165690157,0.6068584331090376,-0.3850193437007398,-0.0063683233997973,-0.3305524940791836,-0.163359072583655,-0.1573961191812276,4.3924409507068525,85.22045746226323,0.2359661884469687,23.367971813352103,353.61289145049534,0.8004229929881601,3.2908409233972784,23.9430881724866,0.2449635849166626,0.7569750022381295,1.0,0.6559149446853527,1
AXON__axon_43b57ffe739065,axon_43b57ffe739065,1,SPOOF,axon_subject_9b31494a,axon_camera,unknown,unknown,mobile_image_replay,AXON,AXON,train,-0.1203782154916859,-0.0834966895965566,-0.0051808764251142,-0.1693632240248359,-0.3850193437007398,0.2103304774298846,-0.1061743610359328,0.3512735158900066,3.155243133353913,33.822202093321046,125.53563480429254,105.75584055423695,92.55914493391714,329.19577544582773,349.3361691668447,22.32124571033169,82.93454094119338,103.839240726835,0.3132561506679422,1.0,0.9709600087783736,1
AXON__axon_44acead93a45ed,axon_44acead93a45ed,1,SPOOF,axon_subject_be845ea1,axon_camera,unknown,unknown,pc_video_replay,AXON,AXON,train,0.6259724462339603,-0.6547545408320464,0.7948788994704397,0.2736308756697869,-0.3850193437007398,-0.0128378669497797,-0.0449734035547909,0.2302806968435614,-0.1573961191812276,10.339450134182265,85.80162729064277,43.42476987565945,39.93749973411787,355.79327389035706,180.08603199379436,2.9185038939024923,46.88471535727324,23.662488145587304,0.0350410823588834,1.0,0.41699653420984817,0
AXON__axon_451664c7633ea7,axon_451664c7633ea7,1,SPOOF,axon_subject_1af353e3,axon_camera,unknown,unknown,on_actor,AXON,AXON,train,0.9579412462258908,-0.6624930669791422,1.056351841958015,0.5907970718592542,-0.3850193437007398,-0.526215480351114,-0.5334162217310504,-0.5056656595399539,-0.1573961191812276,2.9315257542505297,0.3723528505062276,0.2688225623975604,12.041360121682503,1.1998772705434249,1.1779191061102234,1.7077485010423212,0.3253401108116501,0.2340070380994569,0.6760329771858877,1.0,0.5314697059742691,1
AXON__axon_45972a9ff50f22,axon_45972a9ff50f22,1,SPOOF,axon_subject_416e916d,axon_camera,unknown,unknown,on_actor,AXON,AXON,train,1.2194261810843214,-0.3575387804293093,1.0761348908049653,1.102648978779642,-0.3850193437007398,-0.371215958145137,-0.6245426077212537,-0.5138408977194876,-0.1573961191812276,2.848412356677912,139.29304067596885,0.3575377635531577,12.504369517088216,359.6142365317919,1.208643338042604,1.999935938884737,48.38329118054159,0.2062269826984417,0.42704113483123,1.0,0.7157954215553902,1
AXON__axon_45ae60db5a2263,axon_45ae60db5a2263,1,SPOOF,axon_subject_1c77f014,axon_camera,unknown,unknown,on_actor,AXON,AXON,train,0.3909900733337237,-0.3065543577975744,0.4860687893604922,0.2184816642339171,-0.3850193437007398,-0.4967828201628115,-0.7628771265447964,-0.7272538586595239,-0.1573961191812276,2.4334373199337467,0.5576729592541596,0.2720216078892352,10.279086146220234,2.6304023174570546,0.9688511164163676,1.698101387857213,0.3716696443134897,0.2393828378791232,0.5176118714818472,1.0,0.6673108561463452,1
AXON__axon_46d137c79ed28c,axon_46d137c79ed28c,1,SPOOF,axon_subject_c0ab17ae,axon_camera,unknown,unknown,print_cut,AXON,AXON,train,0.3432295679113403,-0.5461390156043184,0.5795772582647669,0.1425711917033473,-0.3850193437007398,-0.1362251848900157,-0.6176615271834566,-0.4771578014685697,-0.1573961191812276,0.908533489959396,0.6982046013787262,0.1165077679180318,3.4918377959221045,2.1776615457401363,0.3950757088317114,0.5225960282921753,0.3481529372983686,0.1207682323314684,0.8873804459771527,1.0,0.7872367134363566,1
AXON__axon_47f59ccec5b22b,axon_47f59ccec5b22b,1,SPOOF,axon_subject_47a509d9,axon_camera,unknown,unknown,on_actor,AXON,AXON,train,0.827174428979884,-0.3314631588996913,0.6831065635734584,0.6502146380393693,-0.3850193437007398,-0.285458391569378,-0.6819585844601534,-0.5356689820721807,-0.1573961191812276,1.43635662369362,0.973003317558163,0.3725240751784326,5.829022050379938,3.971004364403029,1.4954625168136344,1.3404022887044995,0.644735889796414,0.337250328090908,0.1664627054401675,0.9375,0.7458467752291403,1
AXON__axon_48263fea0769b5,axon_48263fea0769b5,1,SPOOF,axon_subject_b89f8828,axon_camera,unknown,unknown,pc_image_replay,AXON,AXON,train,0.5427182090030023,0.0049688231704021,0.406505429277916,0.6474671854233505,-0.3850193437007398,0.1079573582261658,-0.3179372975136558,-0.0835728087299191,-0.1573961191812276,19.193940588135845,154.9361903947701,78.20632497209385,52.61723781628835,352.4174416927373,180.57350823957464,10.586538480518843,75.47734919217257,39.98388668834013,0.3998204016582104,0.9375,0.7178697460069583,1
AXON__axon_48862ec339a3d6,axon_48862ec339a3d6,1,SPOOF,axon_subject_6ffc606e,axon_camera,unknown,unknown,3d_attack,AXON,AXON,train,-0.3863036714850616,-0.6251030369458923,0.1116204042820538,-0.6653938582508551,-0.3850193437007398,0.2740521702091663,-0.6569106347337218,-0.2437387505635241,-0.1573961191812276,0.7620224615622366,121.62460737169548,0.1878089661241012,2.7866565100917025,359.42023379652653,0.5934018567010382,0.7996393561502513,77.14549244086054,0.2328630832222095,-0.1243569290200607,0.9375,0.9090388264110525,1
AXON__axon_49e5edb82464a5,axon_49e5edb82464a5,1,SPOOF,axon_subject_2e9c4faa,axon_camera,unknown,unknown,advanced_paper,AXON,AXON,train,0.4391379622050682,-0.5157290002451491,0.6150136066165321,0.2762232177691941,-0.3850193437007398,-0.0504826040571551,-0.7370173769962691,-0.4657429482012604,-0.1573961191812276,1.067223132643682,0.3097985380718767,0.1075920841869545,4.608778676968902,1.3100953680807663,0.3756026556464029,0.9538863437705256,0.2174940417552591,0.1170292093046422,0.2752392236850177,0.9375,0.8303143409602347,1
AXON__axon_4a270fa439137f,axon_4a270fa439137f,1,SPOOF,axon_subject_f5c7b3ad,axon_camera,unknown,unknown,pc_video_replay,AXON,AXON,train,-0.4359385593954886,-0.4979475744196731,-0.0098542600720758,-0.6942311045272788,-0.3850193437007398,-0.1083901591596902,-0.6726987707802126,-0.4764840481992061,-0.1573961191812276,0.8727477975289933,0.511440042904951,0.1597880847809861,3.0649798458862394,2.5059372097286143,0.6178173309024064,0.5284760612283764,0.525420689297556,0.1068769117202117,0.3626681255050635,1.0,0.7901410119825611,1
AXON__axon_4b673f620abc86,axon_4b673f620abc86,1,SPOOF,axon_subject_a7ffb50e,axon_camera,unknown,unknown,on_actor,AXON,AXON,train,1.6431428771281396,-0.508057982568664,1.4595885173231753,1.397792553105661,-0.3850193437007398,-0.0851255646348246,-0.6362661727631082,-0.3889618552082369,-0.1573961191812276,2.63612944353045,0.5014417997427164,0.2627430623958291,8.927138940460324,2.214564288888681,0.9721212060050536,2.375025428938597,0.5211924306545958,0.3126230652175597,0.063461571636004,1.0,0.7492128226184323,1
AXON__axon_4d121341778f4c,axon_4d121341778f4c,1,SPOOF,axon_subject_a15d63ab,axon_camera,unknown,unknown,cylinder_attack,AXON,AXON,train,0.8628972704282726,-0.3949188126554113,0.79334736654421,0.7012132353871674,-0.3850193437007398,-0.7017312559100924,-0.7711709632545398,-0.8345675995852848,-0.1573961191812276,13.60191008619952,116.12436725532386,62.55128839100594,64.64308364935795,353.86278679827603,353.8074102640793,6.080429157998266,23.92047235402259,35.45674761006594,0.3568302238728951,1.0,0.7226353484960717,1
AXON__axon_4d88881a1eba0d,axon_4d88881a1eba0d,1,SPOOF,axon_subject_b9abc6f6,axon_camera,unknown,unknown,silicone_mask,AXON,AXON,train,-0.2355594897761435,-0.3782212087020081,0.1608508415298744,-0.301741603340421,-0.3850193437007398,-1.1018007030998762,-0.8084919344950598,-1.0847072955381296,-0.1573961191812276,7.054748098951734,84.44344550123364,58.95544611542062,21.12388582246349,359.06415934157013,180.55691965528388,1.7731197363458089,25.224800000343706,12.280738684910098,0.9739228715436016,1.0,0.7597925408045807,1
AXON__axon_4d9ea9e84a9239,axon_4d9ea9e84a9239,1,SPOOF,axon_subject_03942db2,axon_camera,unknown,unknown,pc_video_replay,AXON,AXON,train,0.1423031808191061,0.1567880381252195,0.1365690082808515,0.351662727675069,-0.3850193437007398,1.879460923071736,0.4735175853752882,1.356306824801393,-0.1573961191812276,16.366088922737926,161.53196960305016,77.19273671497082,47.75440691877292,357.6288094029344,184.22113541547904,14.337756305471604,71.74294838213693,72.50417672590798,0.7015680910624137,1.0,0.9635587271873604,1
AXON__axon_4e774c934e1e2e,axon_4e774c934e1e2e,1,SPOOF,axon_subject_263229ec,axon_camera,unknown,unknown,3d_attack,AXON,AXON,train,-0.5352636757090513,-0.5710107857224188,0.0464853419282543,-0.6297926672351997,-0.3850193437007398,1.236757450349505,-0.5539241749710546,0.3631347383061427,-0.1573961191812276,0.8389135738360902,0.7348247837205696,0.1135007863216956,3.210870285499721,2.74924128977554,0.4104123029418414,1.075788197733384,0.535168159471831,0.0977951940329633,0.3494532572396331,0.9375,0.9676889461922275,1
AXON__axon_4e95e4347da3e2,axon_4e95e4347da3e2,1,SPOOF,axon_subject_b23c137a,axon_camera,unknown,unknown,print_cut,AXON,AXON,train,0.3652335012172438,-0.6699462367199911,0.6397932254940708,-0.0092773968161982,-0.3850193437007398,-0.2271292522585375,-0.4744423305401655,-0.3328097848551945,-0.1573961191812276,2.471235113426651,118.7497542729167,0.1918450152930022,11.278945753314154,359.89763220016334,0.626463745670037,1.416406442535337,72.10484735500631,0.1507582058179157,-0.106315119886408,1.0,0.669227660630303,1
AXON__axon_4ed887255eab44,axon_4ed887255eab44,1,SPOOF,axon_subject_992f0b64,axon_camera,unknown,unknown,on_actor,AXON,AXON,train,-0.1742112331789944,-0.6875220465638275,0.3010748074332405,-0.4812505434905498,-0.3850193437007398,-0.5341145095086095,-0.7452997541235062,-0.744371634699428,-0.1573961191812276,1.6944098764022717,0.8085067158398284,0.2864344340527485,5.641949578203307,3.3677845907320147,1.1063446727895418,0.7318050224973246,0.3339672509548393,0.1298830286490195,0.4946522918452088,1.0,0.6547871913130203,1
AXON__axon_4f14c330e2e0fc,axon_4f14c330e2e0fc,1,SPOOF,axon_subject_5437db80,axon_camera,unknown,unknown,cylinder_attack,AXON,AXON,train,-0.6941916094797309,-0.5976019924910394,-0.071541314829861,-0.8662215359068716,-0.3850193437007398,0.1202705701815476,-0.702546310524852,-0.3210051041542561,-0.1573961191812276,4.297211195501261,88.81369075563988,0.4034069312161973,14.478736317633716,358.49515850095565,1.2925291654879116,1.6928355368945762,26.01081775194552,0.20672880074363,0.2285140844386397,0.9375,0.7590657875903323,1
AXON__axon_5209dabbbf24e3,axon_5209dabbbf24e3,1,SPOOF,axon_subject_6b17476a,axon_camera,unknown,unknown,on_actor,AXON,AXON,train,0.4832150044327611,-0.4302209766049039,0.5725820602219438,0.2434887557734205,-0.3850193437007398,0.0350215271607622,-0.6641637529458905,-0.3526112534569154,-0.1573961191812276,2.155278480892385,177.48328311991912,0.3309383356684903,10.442532837634614,359.4452204941905,1.1685823481996698,2.0602843763553134,24.299906259021327,0.3135913272075648,0.8690511179342584,1.0,0.8893666288555031,1
AXON__axon_527d0393b0c389,axon_527d0393b0c389,1,SPOOF,axon_subject_78562e85,axon_camera,unknown,unknown,silicone_mask,AXON,AXON,train,0.647917165212666,-0.2342863352119432,0.5802973631890255,0.5877854706406893,-0.3850193437007398,-0.2752193827340013,-0.7248125951282642,-0.5729721504376675,-0.1573961191812276,6.510309782572032,1.374178129398749,157.72782980288656,20.27976173370672,5.630188890696587,359.447207122342,3.5564297419475586,0.8914460591331325,36.317636319733474,0.7836727587651907,1.0,0.9973629940570355,1
AXON__axon_5297f5067ad62a,axon_5297f5067ad62a,1,SPOOF,axon_subject_81758ec6,axon_camera,unknown,unknown,3d_attack,AXON,AXON,train,-0.4555058508074284,-0.6456439506336181,0.1072426978129324,-0.7150671053428546,-0.3850193437007398,-0.0072146873057026,-0.6420296844130355,-0.345116280886386,-0.1573961191812276,0.84020051365933,0.5338606092136016,0.2304938606053115,3.6888258746718217,2.0220448408322227,1.001949504599855,0.6767589736452279,0.4348260553005521,0.247464479985135,0.2448273841305719,1.0,0.8062250390171843,1
AXON__axon_52fb7b05f9f61c,axon_52fb7b05f9f61c,1,SPOOF,axon_subject_ef72043e,axon_camera,unknown,unknown,on_actor,AXON,AXON,train,0.83295419003838,-0.4720217524362586,0.8434867304077073,0.638615135742673,-0.3850193437007398,-0.1656061663031755,-0.6545393307837862,-0.4722053801923181,-0.1573961191812276,1.0903665906965825,0.4746257571053549,0.324235413324599,3.7864483337857777,1.8282673964871488,1.2077896917797268,0.9336611516934902,0.4651219092165358,0.2713883807960325,0.4106850334352139,1.0,0.7725647005264903,1
AXON__axon_53475c1e597612,axon_53475c1e597612,1,SPOOF,axon_subject_e3dcdf06,axon_camera,unknown,unknown,3d_attack,AXON,AXON,train,-0.1992727287070533,-0.6780006526135993,0.2479562152968235,-0.5272200790720413,-0.3850193437007398,-0.3353720445391558,-0.5529299478016666,-0.5231103915476106,-0.1573961191812276,1.56402823644302,0.4071625110528867,0.2668603317752219,7.11433282567293,1.4866920259510152,0.971593545200448,1.2343026859410913,0.3251111449264366,0.2601003266704131,-0.205388303715863,1.0,0.6452455422632407,1
AXON__axon_534a4054f03a48,axon_534a4054f03a48,1,SPOOF,axon_subject_83520e0d,axon_camera,unknown,unknown,mobile_image_replay,AXON,AXON,train,0.4812316011740816,-0.2009205435719776,0.5815979684966129,0.5729460526356305,-0.3850193437007398,-0.2474139979216148,-0.3081221998881256,-0.2556248050784769,-0.1573961191812276,15.515189158387216,137.33673974818797,68.05121419892127,66.70421470204967,357.3936177564335,178.4200479708103,8.42269811744929,24.33174380787076,12.658025089421152,0.753390360563283,1.0,0.7226266868018373,1
AXON__axon_536fbe132ad3a7,axon_536fbe132ad3a7,1,SPOOF,axon_subject_f07b6fea,axon_camera,unknown,unknown,print_cut,AXON,AXON,train,0.5089383722536162,-0.5309174007664919,0.6881577777407102,0.2045810999828695,-0.3850193437007398,-0.585434893998338,-0.5664300532212614,-0.5536109038230563,-0.1573961191812276,0.3153251067426298,0.2558379838535127,0.0950713331121876,1.2336764072315365,0.8098628369389758,0.4159292051688814,0.2288205379065906,0.4030228237969473,0.0669071087104188,0.030642419974468,0.9375,0.6085585375600694,1
AXON__axon_53f35bbe775077,axon_53f35bbe775077,1,SPOOF,axon_subject_a32f2a8a,axon_camera,unknown,unknown,pc_image_replay,AXON,AXON,train,-0.2236358272171284,-0.5549746567972367,0.1632570549176384,-0.4708453409801721,-0.3850193437007398,-0.0031836326553013,-0.1046415923656446,0.1228673840705846,-0.1573961191812276,3.472043991751085,84.2257988861902,42.67837418031406,16.091876549095602,351.7842750530899,178.74879563759393,2.97768698291908,24.05981686867032,24.016825055415552,0.8880386454920164,1.0,0.8928244635420127,1
AXON__axon_53fddeff76f687,axon_53fddeff76f687,1,SPOOF,axon_subject_cc735c73,axon_camera,unknown,unknown,on_actor,AXON,AXON,train,0.0625431422977747,-0.6553540182852171,0.4131813708236537,-0.2881451171318396,-0.3850193437007398,-0.5589374009163435,-0.7622598827079933,-0.7645787551114749,-0.1573961191812276,1.2853444276177743,0.4806050415284648,0.2081974181250732,4.634799700020641,2.041127928013111,0.8111571601992997,1.2521483573641226,0.3460052315247566,0.2237827065848507,0.3248454734458009,0.9375,0.7127839894459238,1
AXON__axon_544b1647b911cf,axon_544b1647b911cf,1,SPOOF,axon_subject_ac39eae7,axon_camera,unknown,unknown,on_actor,AXON,AXON,train,0.5534243807224262,-0.5978566666138978,0.7469073358778912,0.2036663062759894,-0.3850193437007398,0.2969663628044941,-0.7620959052350117,-0.2800901435336805,-0.1573961191812276,3.052238296073727,84.1911280312069,69.10257135439517,9.692809782168895,353.19601880972226,178.25362317930606,2.3631393713755897,24.584358269850625,35.830101570600874,-0.4766515970940421,1.0,0.9778140984553967,1
AXON__axon_5472fc9161850e,axon_5472fc9161850e,1,SPOOF,axon_subject_8fa3e8ab,axon_camera,unknown,unknown,silicone_mask,AXON,AXON,train,-0.4778650700765217,2.7641602141333137,-1.9577389223099204,0.3129951604399332,3.65489376991282,-0.8274183895334557,-0.7956923743356389,-0.9186875515864238,-0.1573961191812276,3.0342698709739806,1.579362255510938,0.8322355680854647,9.861165696528358,7.493811077695994,2.680288041700834,1.046126026168448,0.6968973817086028,0.2998372090674536,0.9469532729541432,1.0,0.2697538233020476,0
AXON__axon_5486199b40a542,axon_5486199b40a542,1,SPOOF,axon_subject_c2948fbf,axon_camera,unknown,unknown,wrapped_3d_paper,AXON,AXON,train,-0.1591265216764588,-0.5383679453847936,0.2071441564319992,-0.393133948326041,-0.3850193437007398,0.3254142613436525,-0.6038778278733902,-0.1522039825461238,-0.1573961191812276,2.458532705360289,0.6451986448261193,0.2110436783438449,8.872498173808644,2.530496590469255,0.8625136098075945,1.4947851852810712,0.6974128735955067,0.1722888297510577,0.3070488908823827,1.0,0.8311957357711088,1
AXON__axon_5544ab64ee5911,axon_5544ab64ee5911,1,SPOOF,axon_subject_6c5385ef,axon_camera,unknown,unknown,on_actor,AXON,AXON,train,-1.4933091543006527,-0.6337209419105165,-0.618153350829291,-1.666340194958889,-0.3850193437007398,-0.8754565657605621,-0.6580299699280967,-0.8525215113446574,-0.1573961191812276,0.6203459922656523,0.3286405308367816,0.2986700730695703,2.4196562675585223,1.2992950433288115,0.8640668579024509,0.412351857633711,0.3611527872032581,0.1140407422249349,0.3484737656624914,1.0,0.5533086265692428,1
AXON__axon_55e27a7b713419,axon_55e27a7b713419,1,SPOOF,axon_subject_6117843a,axon_camera,unknown,unknown,on_actor,AXON,AXON,train,-0.5447329874164358,-0.5992357682278037,0.0286532010426851,-0.6976266426681494,-0.3850193437007398,-0.1805456297015134,-0.2698890932492545,-0.297697197128455,-0.1573961191812276,1.1908823993156945,0.9422357327060252,0.2853441414233951,4.5618653803078,3.872618662520353,1.2314298059458224,0.7398891416614314,0.7018089347895625,0.2384555222836259,0.6229060070358171,1.0,0.6511294695574084,1
AXON__axon_55f6182dd391cc,axon_55f6182dd391cc,1,SPOOF,axon_subject_2ca57f76,axon_camera,unknown,unknown,silicone_mask,AXON,AXON,train,0.925645641490952,0.121516668166458,0.540089009751867,1.013472205793673,-0.3850193437007398,-0.4402200151068416,-0.742967116228696,-0.6914509629308763,-0.1573961191812276,8.339104358952095,2.180350131053974,77.55184043544637,29.20560426604298,6.983662557119374,181.8493775808248,4.527672966031811,1.1557048876595502,36.04819005177559,0.4725899470607762,1.0,0.8733302431822495,1
AXON__axon_571f938b3eaa3f,axon_571f938b3eaa3f,1,SPOOF,axon_subject_272af95d,axon_camera,unknown,unknown,cylinder_attack,AXON,AXON,train,0.484384902448623,-0.6074150915481429,0.6563275681338675,0.2133328141478511,-0.3850193437007398,-0.730821502892093,-0.735750667610058,-0.8238520924734966,-0.1573961191812276,3.95162381391856,0.6417338066422794,0.6975979421250096,16.555463485539676,2.417297224547525,3.13583785936002,2.416861521899559,0.6908276114241646,0.518334033038624,0.6033768077683546,0.9375,0.5324833683066188,1
AXON__axon_57237eeac763ba,axon_57237eeac763ba,1,SPOOF,axon_subject_d8f2b511,axon_camera,unknown,unknown,print_cut,AXON,AXON,train,0.0167129132610703,-0.667281011236865,0.420143632674515,-0.3084666424715255,-0.3850193437007398,-0.4968352702629562,-0.7084516084151271,-0.7005629433478783,-0.1573961191812276,1.9428735573873257,0.6691092711407803,0.3672425353108666,8.639676046865633,3.1811236876829696,1.5780861856754005,0.9218471438386752,0.5267363632025724,0.21425654358376,0.6208202609464383,1.0,0.6492472166266363,1
AXON__axon_588248ad7dafe4,axon_588248ad7dafe4,1,SPOOF,axon_subject_1bd92d26,axon_camera,unknown,unknown,cylinder_attack,AXON,AXON,train,0.995456566233114,-0.392642626610201,0.933908928415186,0.8579521564650933,-0.3850193437007398,-0.7184534166722744,-0.7492860777499749,-0.8303434648150136,-0.1573961191812276,3.642710832273216,0.4581241243627602,0.8968733637762789,12.8972424975948,1.9861363149508409,3.156710684901068,3.537420618657509,0.6552656983233912,0.9292668131515108,0.2223131643169127,1.0,0.5965487601459124,1
AXON__axon_5930c743871726,axon_5930c743871726,1,SPOOF,axon_subject_ffadedd2,axon_camera,unknown,unknown,on_actor,AXON,AXON,train,0.0077649089950017,-0.5788177512346454,0.404037834805132,-0.212197274740832,-0.3850193437007398,-0.4110602937800063,-0.6948401935710597,-0.6488521669037777,-0.1573961191812276,3.3711654253430527,1.1799131233137157,0.958397377574195,14.690282180597803,4.61874335957134,3.789416558835865,2.134601365582284,0.6812398821710133,0.3535713621836882,0.1618782745616752,1.0,0.6225926336400202,1
AXON__axon_59856574a3abf6,axon_59856574a3abf6,0,REAL,axon_subject_ef068db6,axon_camera,unknown,unknown,real_video,AXON,AXON,train,-0.5002514061870424,-0.5408096817114905,-0.002236081443791,-0.6912512420942912,-0.3850193437007398,0.5773309904454463,-0.4899379127050048,0.0423488167537067,-0.1573961191812276,1.0413442590996518,85.90880960997332,0.20701605652313,4.888099864004003,356.1381110771102,0.9316287985469648,0.735327349234526,23.994097069435,0.118479217148112,-0.5194097161887207,1.0,0.8741600072409836,1
AXON__axon_5a258665cd4e3d,axon_5a258665cd4e3d,1,SPOOF,axon_subject_45580a9e,axon_camera,unknown,unknown,on_actor,AXON,AXON,train,0.163266159457159,-0.357340574368051,0.1538257014943586,-0.0950110234829304,-0.3850193437007398,-0.0810538501378827,-0.6290602202870645,-0.3975731766917442,-0.1573961191812276,1.257438232849328,1.3572264372921057,0.265764831385677,5.013452600983548,6.066815216130067,1.195320597072001,1.3097161978246403,0.9023091108249598,0.266494848706319,0.4879047461908176,1.0,0.7965634970254659,1
AXON__axon_5a5b947e6268c1,axon_5a5b947e6268c1,1,SPOOF,axon_subject_cf3c0a65,axon_camera,unknown,unknown,on_actor,AXON,AXON,train,0.9130833496460784,-0.5907428265435815,0.923911297055106,0.5552050953297343,-0.3850193437007398,-0.5089781295821544,-0.6622129798125518,-0.6738275980555067,-0.1573961191812276,7.81548849998609,83.82730879203498,42.64991963522564,34.57895551610165,346.81666255395123,176.87386244203535,3.5156588148119408,23.36760479224976,12.040218877337216,0.3305966382304104,1.0,0.7747377159525716,1
AXON__axon_5aba5040212e5c,axon_5aba5040212e5c,1,SPOOF,axon_subject_4076c20a,axon_camera,unknown,unknown,silicone_mask,AXON,AXON,train,-0.1295426010842456,1.838005361920231,-1.1524672747425728,0.3115367120510685,3.65489376991282,-1.1040312097220983,-0.7926753729568399,-1.0561301601714563,-0.1573961191812276,1.914010275127436,0.8131046193603559,0.110500530804013,9.186445702067369,2.6318607942300503,0.3954961763547502,1.1447144186591431,0.3560369926876149,0.1333567371448153,0.6567130679321592,1.0,0.23977915555192808,0
AXON__axon_5b3a468fd7f863,axon_5b3a468fd7f863,1,SPOOF,axon_subject_ca256d3f,axon_camera,unknown,unknown,print_cut,AXON,AXON,train,0.1844610147596615,-0.6984591542094443,0.5436584695557409,-0.1936956104128744,-0.3850193437007398,-0.7309347223834769,-0.7737867614918613,-0.8527542514080763,-0.1573961191812276,1.3113859718190644,85.94410150048573,0.2536573423863013,5.767964982226431,355.5255984865049,1.1549268497234082,0.802199566789694,23.95305915245721,0.1758560155763562,-0.0203437176499018,1.0,0.6154390186273493,1
AXON__axon_5b9527a55c1450,axon_5b9527a55c1450,1,SPOOF,axon_subject_6017ad07,axon_camera,unknown,unknown,mobile_image_replay,AXON,AXON,train,1.578207449793613,0.1700337734900785,0.8707215926860439,1.6541344382316854,-0.3850193437007398,0.1034859871888361,0.189470578408358,0.406937951988836,-0.1573961191812276,22.990772309946163,154.03680985096543,97.7708524962038,69.54641529186986,350.80231071702906,352.4136811049875,16.300314104354094,80.57063887118491,64.44949030260689,0.1547745907983962,1.0,0.7343511239179933,1
AXON__axon_5bfdb5e390c1e5,axon_5bfdb5e390c1e5,1,SPOOF,axon_subject_585dfef2,axon_camera,unknown,unknown,on_actor,AXON,AXON,train,1.6946792643680373,-0.5526159748796389,1.466690009440058,1.322775373814322,-0.3850193437007398,-0.5098225100809108,-0.585513357158853,-0.5733137743853584,-0.1573961191812276,0.7222480534659841,0.697149785129314,0.2044276859573454,2.246263057990709,2.966071349978563,0.7806070269906815,1.1778506483686528,0.6992495282998448,0.2163010830562443,0.2344145391644071,0.9375,0.6815058373673967,1
AXON__axon_5c2eb200fb548b,axon_5c2eb200fb548b,1,SPOOF,axon_subject_09add9ce,axon_camera,unknown,unknown,on_actor,AXON,AXON,train,-0.2619801478051278,-0.6959505889651363,0.2502493976621727,-0.5921525152041536,-0.3850193437007398,-0.5659987711215291,-0.7530233093397012,-0.7415996908060324,-0.1573961191812276,4.216824487563276,0.3380508723608893,0.3168025164031946,19.12920439762444,1.5006776518356446,1.3622835269811997,2.0378848089005857,0.2851768501328839,0.1444303796191647,0.5062297686698661,1.0,0.5277042496718332,1
AXON__axon_5d6b6840dc9c93,axon_5d6b6840dc9c93,1,SPOOF,axon_subject_6c512aad,axon_camera,unknown,unknown,print_cut,AXON,AXON,train,0.5089383722536162,-0.5309174007664919,0.6881577777407102,0.2045810999828695,-0.3850193437007398,-0.585434893998338,-0.5664300532212614,-0.5536109038230563,-0.1573961191812276,0.5604606848098512,0.5364075794914683,0.0718440849048568,2.4361617713256507,2.3916126185003463,0.2208049106465486,0.4568300881525908,0.4137410528888589,0.0994514400375835,0.1670007875057045,1.0,0.5923087744349234,1
AXON__axon_5d9cee054f214e,axon_5d9cee054f214e,1,SPOOF,axon_subject_bd422e03,axon_camera,unknown,unknown,mobile_video_replay,AXON,AXON,train,-0.0710443798615942,-0.7105374454474737,0.3546432780098648,-0.4330219230582122,-0.3850193437007398,-1.1793784782173655,-0.74047044198402,-1.082373108680858,-0.1573961191812276,0.3734527005059331,0.5104322006348834,0.1172793264778021,1.3172144542615327,2.1076703223138225,0.440240451371273,0.4225319128783891,0.264985061220517,0.0895423469768959,0.466032130714515,1.0,0.48941706876586194,1
AXON__axon_5e7a48b2488b5b,axon_5e7a48b2488b5b,1,SPOOF,axon_subject_ecd80354,axon_camera,unknown,unknown,silicone_mask,AXON,AXON,train,-0.8758478836058711,2.428276491699884,-1.9390674699416848,0.0495202392133672,4.66487204831621,-0.8924369000198845,-0.7911004270281918,-0.9420925046454682,-0.1573961191812276,1.9023142753128368,84.64369023796911,72.1812354738327,7.435410208063283,352.7915676699546,181.4993549472084,1.9197101258569924,28.74962473928436,64.76364427991955,-0.0584206021027365,0.9375,0.6245169826419005,1
AXON__axon_5eb652e5de7e3c,axon_5eb652e5de7e3c,1,SPOOF,axon_subject_50c13399,axon_camera,unknown,unknown,cylinder_attack,AXON,AXON,train,0.5973038573911493,-0.4537433034085144,0.6620098097971173,0.4357208536128597,-0.3850193437007398,-0.597688658833913,-0.6917082966303393,-0.6946914909634615,-0.1573961191812276,11.891384877837934,166.6870528501918,85.33738567071967,40.365462923928725,354.73126685136856,356.8618833997828,7.696366212311002,71.91150208877661,48.30784571298761,0.3257112386490834,1.0,0.9407483565962215,1
AXON__axon_5f1817e6673372,axon_5f1817e6673372,1,SPOOF,axon_subject_6d4697ac,axon_camera,unknown,unknown,on_actor,AXON,AXON,train,0.5705793800571941,-0.6165969882668247,0.7546971195517959,0.2757287070132646,-0.3850193437007398,-0.673970332474614,-0.6343348825257634,-0.7556671965116379,-0.1573961191812276,4.120259626964389,116.25535884400804,80.72458823374036,13.129625024099068,359.4041995784312,174.94564053390152,5.65730775778866,33.59754488264818,93.04749869459565,0.5154545656237896,1.0,0.8569482245703179,1
AXON__axon_5f4726d1b7d946,axon_5f4726d1b7d946,1,SPOOF,axon_subject_e87b963c,axon_camera,unknown,unknown,latex_mask,AXON,AXON,train,0.4144754716294391,-0.1260707408880184,0.4540143890833628,0.6115782976739141,-0.3850193437007398,0.3883680449886738,-0.6464247474220699,-0.1495952731846553,-0.1573961191812276,15.353608873493258,82.69871030937658,172.88654248967225,66.23537499377363,346.6357201891884,359.648052473562,6.714834683744969,24.05283317411908,24.94608685085869,0.8399113613621838,1.0,0.9964147544193857,1
AXON__axon_5fc315583c18fb,axon_5fc315583c18fb,1,SPOOF,axon_subject_b59ef9e1,axon_camera,unknown,unknown,pc_video_replay,AXON,AXON,train,0.8780948765359339,-0.6809077617288748,1.017904826241002,0.4673593036744251,-0.3850193437007398,-0.3103202899843623,-0.5181166460638155,-0.4049693077709055,-0.1573961191812276,3.4584872304649283,85.13186150881177,43.24511358100454,17.039321450095535,352.20024600781943,179.28682660181835,1.6730689572485349,23.686148066450087,12.15384680409644,-0.7196402174050505,1.0,0.8727783435358643,1
AXON__axon_5fce6828126022,axon_5fce6828126022,1,SPOOF,axon_subject_1011afc0,axon_camera,unknown,unknown,mobile_image_replay,AXON,AXON,train,0.2216603405535181,-0.5720780562899208,0.4971117705404545,-0.0663698409948306,-0.3850193437007398,-0.5485315104072923,-0.4115395527988847,-0.4965690165957506,-0.1573961191812276,15.841686222140352,2.8445188071157377,70.88693476583758,44.474310436436994,8.557485956755755,182.44920601111093,10.999606129899934,2.117466126740658,48.745314972531375,-0.1379240453239144,1.0,0.5165899081165061,1
AXON__axon_60a7c368e45f36,axon_60a7c368e45f36,1,SPOOF,axon_subject_1f8b48b5,axon_camera,unknown,unknown,on_actor,AXON,AXON,train,1.0138107940448793,-0.4984658592527846,0.9680109867175846,0.7385452140485762,-0.3850193437007398,-0.3725843988881961,-0.5861077139453079,-0.512265398430351,-0.1573961191812276,0.7443067382242473,0.3854566408042678,0.2278409295610387,2.4480459882704526,1.3789168264563614,0.8985214999963598,1.0730496501182978,0.4939808363641852,0.2718976390197893,-0.4894494079885867,0.9375,0.6830160101158217,1
AXON__axon_60c2b96a9cda15,axon_60c2b96a9cda15,1,SPOOF,axon_subject_2bd21da5,axon_camera,unknown,unknown,mobile_video_replay,AXON,AXON,train,2.461966341295237,-0.6886624668227331,2.0731239011899745,1.93245594428586,-0.3850193437007398,-0.5833324273264691,-0.5318575258222479,-0.5666481817427074,-0.1573961191812276,4.205602890850657,0.8675092941976921,0.3071026849466013,18.452596334306044,3.265752642024978,1.3620899223697605,2.0774590284303835,0.695610381566388,0.1919754257092252,0.5005987235676664,1.0,0.4123466087816972,0
AXON__axon_60c397c14bc325,axon_60c397c14bc325,1,SPOOF,axon_subject_7a40d1e4,axon_camera,unknown,unknown,on_actor,AXON,AXON,train,0.4202131739134765,-0.4442958038653057,0.6051776620169931,0.2257017260368476,-0.3850193437007398,-0.5714122054596708,-0.7323614786884566,-0.7417772281399739,-0.1573961191812276,10.943316021309496,114.12830079757885,59.35104923238048,59.97136342694431,351.2143065248431,184.57704266990967,7.76438156767146,23.631834535570874,12.59206352296326,0.514566355902659,1.0,0.8756729025535037,1
AXON__axon_61a626edc9455f,axon_61a626edc9455f,1,SPOOF,axon_subject_fbc6de24,axon_camera,unknown,unknown,on_actor,AXON,AXON,train,0.1053700427951783,-0.612498967173863,0.3970063320961689,-0.2018622047082622,-0.3850193437007398,-0.2980177663897243,-0.692509161409436,-0.5907469424254288,-0.1573961191812276,1.406883632464916,1.0519702599517176,0.1533964286570888,4.106337735937872,3.312587906447618,0.5012733842342358,0.6292569506709912,0.2866758713051455,0.1354325883898806,0.0343974316560666,0.9375,0.7158586880821632,1
AXON__axon_61ec6ed98aef1c,axon_61ec6ed98aef1c,1,SPOOF,axon_subject_947ef7da,axon_camera,unknown,unknown,mobile_image_replay,AXON,AXON,train,0.5394337507607414,1.063239874808281,0.2690735541931407,1.1977690953229008,-0.3850193437007398,-0.1055548786411577,-0.0690716477406461,-0.0087859523786271,3.155243133353913,20.428610485042327,161.1634225608374,98.67251638712042,67.38189747944035,353.9174825393951,359.18176816672235,15.213141418956026,56.72570060905972,55.47759435862005,0.67909825056741,1.0,0.9984303590508982,1
AXON__axon_62c2f46ba5e1cc,axon_62c2f46ba5e1cc,1,SPOOF,axon_subject_c51b168f,axon_camera,unknown,unknown,print_cut,AXON,AXON,train,-0.800443695265641,-0.6803917668962832,-0.1499966340453545,-1.0582324860790626,-0.3850193437007398,0.4062279652236361,-0.4632979855732632,-0.0286418933539778,-0.1573961191812276,0.4435301217313124,89.08146444495068,0.1869372141909678,1.9073838269800056,358.0832249475609,0.5825731550587421,0.3417256995430539,25.832898771955342,0.0891359548186423,-0.222638239629511,0.9375,0.8709885159011178,1
AXON__axon_6319467956f033,axon_6319467956f033,1,SPOOF,axon_subject_fad14bd6,axon_camera,unknown,unknown,on_actor,AXON,AXON,train,0.4916782259827015,-0.6408706028019732,0.7053953829338759,0.1178558922247962,-0.3850193437007398,-0.4044306451974395,-0.7605001864713771,-0.6890098093734329,-0.1573961191812276,0.6206262357449076,0.3033414721587933,0.2379025439062683,2.1930090420707624,0.9954047060972472,0.7624420239625661,0.5947604824028574,0.297741379330292,0.2311783097387293,0.2223383070726052,1.0,0.7421322439945165,1
AXON__axon_641ef96d1654fd,axon_641ef96d1654fd,1,SPOOF,axon_subject_e77caa54,axon_camera,unknown,unknown,on_actor,AXON,AXON,train,0.4949892476614629,-0.6054693730576325,0.7070994565929971,0.1807549984163781,-0.3850193437007398,-0.106875717612657,-0.7497568680153024,-0.5145927990645387,-0.1573961191812276,7.456609085849452,1.9470062442248728,69.54438146013756,29.410207463770472,5.982069516317779,178.97822870400117,6.15603824757288,2.4108470230148726,71.61984079722198,-0.2989202377875672,1.0,0.8472945580711587,1
AXON__axon_645943a7ae2e5e,axon_645943a7ae2e5e,1,SPOOF,axon_subject_2ddc9888,axon_camera,unknown,unknown,silicone_mask,AXON,AXON,train,-0.7041221841938424,0.5482295562611812,-0.8819647629461628,-0.5475677121224443,1.6349372131060402,-0.8585575511943208,-0.769340673634611,-0.9046720533034628,-0.1573961191812276,5.535439147096595,138.98303941388457,43.13982407395569,24.363115185965988,359.45987216739013,178.6235522201925,2.6301959781701667,24.49547802861384,12.16810562119676,0.8289115820371266,1.0,0.7805679207694514,1
AXON__axon_64902ee5fb418b,axon_64902ee5fb418b,1,SPOOF,axon_subject_8ad5e51a,axon_camera,unknown,unknown,on_actor,AXON,AXON,train,-0.3084705889198469,-0.6893860604422927,0.1977678214202921,-0.6263019127375975,-0.3850193437007398,-0.5852330823209956,-0.7545168499482486,-0.7521631926070494,-0.1573961191812276,6.6780820021938885,84.4694820935595,43.23644907574474,29.41148466843084,350.8525167292189,179.37326966737675,2.394130012968634,23.681583297424588,12.078751243198496,-0.0132235282931552,1.0,0.7874655452794904,1
AXON__axon_650358541c7920,axon_650358541c7920,1,SPOOF,axon_subject_29d265e7,axon_camera,unknown,unknown,advanced_paper,AXON,AXON,train,-0.4815153289755872,-0.6722522486256309,0.0741356493552016,-0.7891167635899832,-0.3850193437007398,-0.1384897950962602,-0.6548482417341612,-0.442586955191749,-0.1573961191812276,1.0090437742699554,0.687964544428144,0.2418363654482992,3.0669220856252224,2.733228556046555,0.917129689558406,1.055212764255595,0.3363852338082539,0.1684861628506661,0.339061160515914,0.9375,0.8060822592699238,1
AXON__axon_6589003a27f134,axon_6589003a27f134,1,SPOOF,axon_subject_577d6cc7,axon_camera,unknown,unknown,mobile_image_replay,AXON,AXON,train,1.877562990622456,-0.359191304381712,1.461133898421026,1.5079327939654106,-0.3850193437007398,1.2172261790242196,0.2985797630396095,1.0519263997485395,3.817770983860941,12.931217204768949,116.02426298992503,65.65698495896024,44.98661976204369,345.3558708363785,359.51116901680564,6.661004142777975,49.67670512992311,51.91065966392029,0.2361320888196119,0.9375,0.9994974483673766,1
AXON__axon_6593b58f7ab753,axon_6593b58f7ab753,1,SPOOF,axon_subject_de07af4b,axon_camera,unknown,unknown,print_cut,AXON,AXON,train,-0.0512230755881215,-0.7073725250948059,0.3829197473589973,-0.3854905320767816,-0.3850193437007398,0.0300568386899295,-0.5982134434854954,-0.2808192821214833,-0.1573961191812276,0.7068070507251675,0.5196886724853812,0.1413047570859182,2.722327369849379,1.7885782980984288,0.563339263696524,0.727569271696862,0.3511543846277882,0.1240155704896379,0.1517263194266403,0.9375,0.8187850993631941,1
AXON__axon_674453a7091cea,axon_674453a7091cea,1,SPOOF,axon_subject_edba0498,axon_camera,unknown,unknown,mobile_image_replay,AXON,AXON,train,0.9354298406018484,-0.5568707772277064,0.936840623774706,0.6339044856639318,-0.3850193437007398,-0.4878979274633119,-0.3162882737606814,-0.4169478131635604,-0.1573961191812276,2.162511411239933,0.8366854206967617,0.2515765929036268,6.755649325651175,2.904156834605658,0.8813926703987843,0.7695311041743536,0.3227298658405781,0.1247339798872468,0.860108008346997,1.0,0.4817835811142681,1
AXON__axon_679138f0608d89,axon_679138f0608d89,1,SPOOF,axon_subject_6a81e309,axon_camera,unknown,unknown,print_cut,AXON,AXON,train,-1.2623104667680516,-0.6329624304375014,-0.4876846732826486,-1.518946298569881,-0.3850193437007398,-0.5768599637604072,-0.7566636402840797,-0.761185765295714,-0.1573961191812276,0.3759132746669327,0.4677529695976745,0.2679299448654367,1.2368073429520443,1.279090667000787,0.8454915351737071,0.470225239137688,0.5634989806079927,0.114600694386361,0.1324654628704653,0.9375,0.7188675048440278,1
AXON__axon_67c42682a02a92,axon_67c42682a02a92,1,SPOOF,axon_subject_280c7096,axon_camera,unknown,unknown,on_actor,AXON,AXON,train,-1.5387318006085575,1.6144938640226858,-2.101736234273652,-1.0380929468405495,3.65489376991282,-0.5130319934147611,-0.6115053816548219,-0.6489682326205506,-0.1573961191812276,4.488772497428947,0.5252234779338903,0.9559656599749806,18.000580291524333,1.779810656864072,4.270991621146662,1.4467204297093146,0.3156992765370698,0.4006791928612132,0.952001140479845,1.0,0.2502640911155268,0
AXON__axon_67ddbd22614c18,axon_67ddbd22614c18,1,SPOOF,axon_subject_56380ce3,axon_camera,unknown,unknown,print_cut,AXON,AXON,train,0.4152790155835691,-0.5759794352244182,0.6564162712872196,0.184784288437001,-0.3850193437007398,-0.628433783607977,-0.6935034956277033,-0.7079380158334352,-0.1573961191812276,1.2019857513623606,0.4187556960992049,0.1119921412008684,4.729056357921264,1.3555984039296902,0.4583438529927788,1.0059138435067143,0.2302025423594083,0.1076695237136164,0.3111122912611111,1.0,0.62972639374617,1
AXON__axon_68f8a5c6f26e68,axon_68f8a5c6f26e68,1,SPOOF,axon_subject_b19005a8,axon_camera,unknown,unknown,wrapped_3d_paper,AXON,AXON,train,0.5349257142246913,-0.5540147928394843,0.6372107286243288,0.2233320673523775,-0.3850193437007398,0.0040270440324389,-0.6385445154664467,-0.3811947033585211,-0.1573961191812276,2.550095100216509,0.8443603524903686,0.3816367005339873,9.090871924863,4.061127844019779,1.2402697460524037,2.723212943974258,0.6569537694181917,0.3480400350505325,-0.0303257120242992,1.0,0.7975361389749979,1
AXON__axon_69fff6662a1a0b,axon_69fff6662a1a0b,1,SPOOF,axon_subject_33a8789e,axon_camera,unknown,unknown,print_cut,AXON,AXON,train,-0.0437316330901456,-0.6137696009582657,0.3199917841415557,-0.2603025234421354,-0.3850193437007398,-0.381609893116655,-0.6946119332461872,-0.5918597612851434,-0.1573961191812276,0.6114331727276102,0.4771808326707879,0.1900985608901922,2.2322213241985254,2.139692304085088,0.7722258004707061,0.6378130610618583,0.2356521152566605,0.1656124761055264,0.4111580280405781,1.0,0.739884242550763,1
AXON__axon_6a5221bcaa6311,axon_6a5221bcaa6311,1,SPOOF,axon_subject_4c44bf36,axon_camera,unknown,unknown,wrapped_3d_paper,AXON,AXON,train,0.0685044201723551,-0.3447845573711587,0.3599987776778562,0.0440007620183022,-0.3850193437007398,0.0026048309178029,-0.6750639301244884,-0.3873551940696049,-0.1573961191812276,1.7728361781798312,89.10396977222123,0.6255963420758298,6.351947876341724,358.408361317565,2.8760158305202945,1.951184586627204,26.13884530324979,0.3389283095719393,-0.1303077830277908,0.9375,0.8423103926785415,1
AXON__axon_6a9e32fcf91f53,axon_6a9e32fcf91f53,1,SPOOF,axon_subject_29fa7c1b,axon_camera,unknown,unknown,latex_mask,AXON,AXON,train,0.3578355841519456,-0.2112299397336238,0.3162759828483962,0.4734787463000794,-0.3850193437007398,-0.0968933396244167,-0.2152274520545438,-0.289302304427771,-0.1573961191812276,31.11336638995808,162.25026032324234,117.16965771298872,77.78061485275225,337.96868464898444,359.50450513875944,25.94800905008141,130.68724030003946,72.98134969537706,0.1835838495611012,1.0,0.9142380660001266,1
AXON__axon_6c47f961a9a2f5,axon_6c47f961a9a2f5,1,SPOOF,axon_subject_2eb3c980,axon_camera,unknown,unknown,on_actor,AXON,AXON,train,0.3797736622715259,-0.3494415992414396,0.3277849362896383,0.300676928224681,-0.3850193437007398,-0.499126325897845,-0.7012860990056016,-0.6566177363158242,-0.1573961191812276,3.8653562469857374,0.204696105057542,0.6326356602625016,15.860746839226923,0.771555126572423,2.73065832688124,2.897110750878804,0.2486616785957759,0.4215709343201145,0.5452322872298018,1.0,0.6139979420941263,1
AXON__axon_6c829b66632440,axon_6c829b66632440,1,SPOOF,axon_subject_386d9f82,axon_camera,unknown,unknown,mobile_image_replay,AXON,AXON,train,-1.1471720813654434,-0.2927519847453682,-0.6494401132687622,-1.1594308360183154,-0.3850193437007398,-0.7125180156862649,-0.4539709880168083,-0.653623885970748,5.142826684874997,2.8038959437375564,0.7709327779906721,0.393438488630861,8.552218109418781,2.3698362517003204,1.456939934266352,1.2082298421942017,0.5794993816061569,0.3941367105809475,0.8900743797958517,0.9375,0.9989807508119657,1
AXON__axon_6d1b50e44ae108,axon_6d1b50e44ae108,1,SPOOF,axon_subject_d08e7571,axon_camera,unknown,unknown,cylinder_attack,AXON,AXON,train,0.0387910028272035,-0.4246819680303279,0.3002592624072742,-0.0811698414758661,-0.3850193437007398,-0.4692595199226314,-0.7030900760110512,-0.6758391806486169,-0.1573961191812276,6.717141408841475,168.41987115867238,79.47756444445822,21.16157791272567,359.8536474891088,359.5346802370158,2.2438767879580843,128.780998770116,64.59953281713284,-0.0603366933887556,0.9375,0.9350738250203515,1
AXON__axon_6d63516b7712f9,axon_6d63516b7712f9,1,SPOOF,axon_subject_87aa301c,axon_camera,unknown,unknown,silicone_mask,AXON,AXON,train,0.2228717439389114,0.8379494002466982,-0.7005754226641989,0.5422561827301082,-0.3850193437007398,0.27874369943996,-0.7686637928672698,-0.3084865614753264,-0.1573961191812276,6.308123258536923,1.6036702032914356,1.3589469927345352,19.20218963699419,6.096238921235027,3.7781906790224298,1.5725686277905433,1.029845012488706,0.402144290607157,0.9815550274043062,1.0,0.686870126691355,1
AXON__axon_6d9e020a7e4c98,axon_6d9e020a7e4c98,1,SPOOF,axon_subject_1fe7ecea,axon_camera,unknown,unknown,on_actor,AXON,AXON,train,1.0264987088082014,-0.3559076298150921,0.9447393214470304,0.7651755908955874,-0.3850193437007398,0.0581328483887765,-0.5598115635838591,-0.3151149059697525,-0.1573961191812276,2.4203422418466523,0.903830442759068,0.1900480746290188,12.329133079862364,3.808447890469836,0.7161980690311691,2.629429592057724,0.8223720260687212,0.2116179338062034,-0.6505065375053869,1.0,0.7545225500450632,1
AXON__axon_6e9af7d66b5dd3,axon_6e9af7d66b5dd3,1,SPOOF,axon_subject_8ed3f154,axon_camera,unknown,unknown,3d_attack,AXON,AXON,train,-0.1064772371281893,-0.688623332017101,0.3226712182126404,-0.4493556235648843,-0.3850193437007398,-0.3671203325731291,-0.7380731786809067,-0.6453658132655052,-0.1573961191812276,8.73053442419899,134.68785154327426,62.41204048799813,49.24336335885585,350.50997372327134,353.0101616081146,6.883774840618089,23.74073266073849,47.46730206025887,0.4167592158137988,1.0,0.9487464177571142,1
AXON__axon_6edaa253a809eb,axon_6edaa253a809eb,1,SPOOF,axon_subject_af905c82,axon_camera,unknown,unknown,on_actor,AXON,AXON,train,0.9207325125482736,-0.6034787854512446,0.9528681981881796,0.546172339337625,-0.3850193437007398,-0.4259291258460065,-0.7148559146552563,-0.6348873370577403,-0.1573961191812276,0.8957574041856088,1.0801904345946567,0.2063382918702394,3.437493844725428,4.728575027033827,0.8847869554920571,0.7097493931289276,0.6333662752067217,0.1886063654134958,0.076814276235548,1.0,0.6951921196817074,1
AXON__axon_6eff10c4a4328e,axon_6eff10c4a4328e,1,SPOOF,axon_subject_e86ff2d1,axon_camera,unknown,unknown,print_cut,AXON,AXON,train,0.4152790155835691,-0.5759794352244182,0.6564162712872196,0.184784288437001,-0.3850193437007398,-0.628433783607977,-0.6935034956277033,-0.7079380158334352,-0.1573961191812276,1.0689372921975897,0.4850714745996229,0.1310424166807987,3.766991375407491,2.012267496708432,0.5603343300339361,0.934017844086106,0.2891207917815685,0.1277774052321121,0.0713293631485121,0.9375,0.6405788015228607,1
AXON__axon_6f91c0bc052afd,axon_6f91c0bc052afd,1,SPOOF,axon_subject_e1634058,axon_camera,unknown,unknown,silicone_mask,AXON,AXON,train,-0.1586284572420806,0.0002800936506508,-0.1667656470528798,-0.0895360829708528,-0.3850193437007398,0.9526504639875192,-0.605265716590725,0.1759087471429437,-0.1573961191812276,7.240495412516488,1.2291201235240805,0.5305524239245083,25.46941250726604,5.128029992247576,1.8655350342382784,1.8470899031625465,0.4829620632507821,0.3376021719515936,0.9671985102266136,1.0,0.7879213913921419,1
AXON__axon_6fe15456bf0db0,axon_6fe15456bf0db0,1,SPOOF,axon_subject_ecb53431,axon_camera,unknown,unknown,on_actor,AXON,AXON,train,0.4963268273702318,-0.2142990617312095,0.5763075926627282,0.5270691738313886,-0.3850193437007398,-0.4400682844599947,-0.7254032587283905,-0.6707636944120536,-0.1573961191812276,12.582675928834648,149.64647221349725,63.08472593646367,40.13403632419848,353.86532736076106,356.79958792044124,5.243872731354778,24.772010993237654,47.969223957587005,0.4226381422826124,1.0,0.8109960463350385,1
AXON__axon_703b6645081d24,axon_703b6645081d24,1,SPOOF,axon_subject_c9ea2f55,axon_camera,unknown,unknown,pc_video_replay,AXON,AXON,train,-0.1915704389318574,-0.3684282728202137,0.2323440860319608,-0.1133217431815281,-0.3850193437007398,-0.7223650261366321,-0.6314863118533157,-0.7357782069341854,-0.1573961191812276,2.3250179750227336,179.0817441024378,0.4166772312410127,12.367860313998367,359.44151655697743,1.905272452516072,2.086024371032176,72.09728426174073,0.2501148772634901,0.6041870006977186,1.0,0.7103260004861894,1
AXON__axon_70d133acc8bba1,axon_70d133acc8bba1,1,SPOOF,axon_subject_df4b53fd,axon_camera,unknown,unknown,silicone_mask,AXON,AXON,train,0.5932518265150187,-0.2395401921770667,0.3553326923916133,0.437397378173594,-0.3850193437007398,-1.016170239865539,-0.786608688176456,-1.0026804521015835,-0.1573961191812276,3.62617094574459,1.148260935966616,43.14407583816395,15.98625713892173,4.764889797440162,179.42829360688265,1.6539636200836816,0.7855824330847686,12.086541765352848,0.5185674280199359,1.0,0.8117018552206332,1
AXON__axon_70e82a3ea8939f,axon_70e82a3ea8939f,1,SPOOF,axon_subject_afd402e8,axon_camera,unknown,unknown,wrapped_3d_paper,AXON,AXON,train,0.5984272693931356,-0.6494131425462358,0.8143565399919247,0.3271701116114552,-0.3850193437007398,0.5561938204657327,-0.6767253394327729,-0.1093733594004162,-0.1573961191812276,4.7474304190898255,140.15579737585446,70.53645377653186,16.683189704946336,352.2964637803393,178.12621306347845,5.126882042306113,50.44148094767313,25.48268686268957,0.3926227299175801,0.9375,0.9943939035644206,1
AXON__axon_71ee7db432da10,axon_71ee7db432da10,1,SPOOF,axon_subject_5d6f50bb,axon_camera,unknown,unknown,latex_mask,AXON,AXON,train,0.0440953890533318,-0.1931547235975472,0.2413663569800773,0.2962084143649405,-0.3850193437007398,0.096215257340216,-0.3861795877045849,-0.2709045797650382,-0.1573961191812276,11.09887364933845,0.7800326921660035,70.649870018154,36.71643166187676,3.4053468843942483,182.72925243154424,5.894955940313368,0.7315729366840477,48.7218773124115,0.2182481251297413,1.0,0.7631441560218939,1
AXON__axon_7234f4c56b1295,axon_7234f4c56b1295,1,SPOOF,axon_subject_835f29d5,axon_camera,unknown,unknown,cylinder_attack,AXON,AXON,train,1.5471392971869526,-0.5006659725977974,1.3718790638536529,1.162721797307158,-0.3850193437007398,-0.4958538142923929,-0.7427053335473374,-0.7171731220737362,-0.1573961191812276,2.232093607680081,0.765938823933058,0.213889902876953,8.787977395053575,2.607982017471585,0.7764674272795045,1.486330898281416,0.4015806277743195,0.1772944995444665,0.638590839328368,1.0,0.665015818842193,1
AXON__axon_725a4e9a0b76e0,axon_725a4e9a0b76e0,1,SPOOF,axon_subject_98f4c88b,axon_camera,unknown,unknown,on_actor,AXON,AXON,train,0.6512591775673436,-0.5453713627471137,0.8095923946796137,0.3595605661248431,-0.3850193437007398,-0.1628129780919019,-0.705258201188484,-0.5161168691294105,-0.1573961191812276,2.104900492683352,4.78502496210498,87.28917669943472,9.403377752016802,12.301869653222582,176.42644021900688,1.3949398129104518,4.696783178463291,82.16017950079748,0.0681488318373984,1.0,0.9067999524288517,1
AXON__axon_728ef25de322bd,axon_728ef25de322bd,1,SPOOF,axon_subject_4c6f1b8d,axon_camera,unknown,unknown,on_actor,AXON,AXON,train,-0.0962065950863828,-0.5436950265128824,0.2112102790396626,-0.3310247283626157,-0.3850193437007398,-0.5085748367953277,-0.732897579474913,-0.6720503988264718,-0.1573961191812276,1.3310982654238372,0.9604096220287892,0.2102996300872384,6.038597703262907,3.79601440584392,0.6469068735304297,1.0777700526502787,0.4696821581798284,0.2894812765679556,0.6253678270066481,1.0,0.6977208329991066,1
AXON__axon_731f6c39a52d32,axon_731f6c39a52d32,1,SPOOF,axon_subject_e9317add,axon_camera,unknown,unknown,silicone_mask,AXON,AXON,train,-0.6328065514549306,-0.0842586826150777,-0.3107667953344251,-0.417730995232522,-0.3850193437007398,-0.3802204062199664,-0.5863380831330987,-0.5211981982127543,-0.1573961191812276,1.3077818076524217,0.7218444718236975,0.2878385622695269,6.284181772455291,2.7333411889668184,1.116244403300616,1.250739512788503,0.6044125249467905,0.2903536094419393,-0.4172256429830318,1.0,0.6434050864654849,1
AXON__axon_73275f9626bf90,axon_73275f9626bf90,1,SPOOF,axon_subject_9000b804,axon_camera,unknown,unknown,pc_video_replay,AXON,AXON,train,-0.7706569517676503,0.0645118900216003,-0.7895132463839389,-0.6248245234605656,0.6249589347026502,5.252415792572536,1.8672535694030736,3.722979179815717,1.8301874323398568,4.316102762261453,131.8033161769954,1.3572278792847037,14.777492037562586,359.19798621385416,5.6943213218051385,5.719571856321035,35.56952477510848,1.1966055011856658,0.6917697903204825,0.75,0.9998696899512239,1
AXON__axon_7357b941a5b6bc,axon_7357b941a5b6bc,1,SPOOF,axon_subject_c8bb5e03,axon_camera,unknown,unknown,on_actor,AXON,AXON,train,0.3647730683179075,-0.6214432623751883,0.6087310279997945,0.0526331997794208,-0.3850193437007398,-0.5265261590430419,-0.6444581096448513,-0.6742003838526929,-0.1573961191812276,0.4487163540689336,0.3368693599084113,0.1123464229279293,1.8263547870328432,1.2338941531893397,0.3388440563010126,0.3491523797061778,0.3043715992445944,0.058344958242474,0.5333220625439383,1.0,0.6793668833309702,1
AXON__axon_743469a612c6d0,axon_743469a612c6d0,1,SPOOF,axon_subject_5473a886,axon_camera,unknown,unknown,3d_attack,AXON,AXON,train,-0.167250506006095,-0.6661191059324312,0.243856033672472,-0.4554581729659574,-0.3850193437007398,-0.0167051803211579,-0.6825509287276814,-0.4170380729737201,-0.1573961191812276,6.621156780224393,83.28883821834829,63.28157631774989,22.15815986260933,352.4691851244445,357.9576120791104,2.9362530610724966,47.62545901284155,47.89714195139536,-0.3881683994132773,1.0,0.9449685980620635,1
AXON__axon_7466f049541c3e,axon_7466f049541c3e,1,SPOOF,axon_subject_4d93aee5,axon_camera,unknown,unknown,mobile_image_replay,AXON,AXON,train,0.5394337507607414,1.063239874808281,0.2690735541931407,1.1977690953229008,-0.3850193437007398,-0.1055548786411577,-0.0690716477406461,-0.0087859523786271,3.155243133353913,6.055517275962672,1.2293598416809484,1.0131781605931298,16.227948555700273,4.017964054639919,2.596971755341824,1.491972912320617,0.5685060577378067,0.2880851882592142,0.966207618079112,1.0,0.9712515709606774,1
AXON__axon_74866b9083463f,axon_74866b9083463f,1,SPOOF,axon_subject_85417b6d,axon_camera,unknown,unknown,pc_video_replay,AXON,AXON,train,0.3802363087905705,-0.6060746779105,0.6139607712984767,0.0493108656117366,-0.3850193437007398,-0.0433582055803669,-0.3823200045985085,-0.0719095127484688,-0.1573961191812276,1.0156023442813638,0.5151527198446292,0.2266619418181566,4.091483532201595,2.200038386004877,0.8225717319044108,0.7628317182316655,0.583546941250477,0.2708280090214314,0.4268614067535561,0.9375,0.7231551096660364,1
AXON__axon_759b638ebc29a3,axon_759b638ebc29a3,1,SPOOF,axon_subject_df60d03d,axon_camera,unknown,unknown,on_actor,AXON,AXON,train,0.6781408219005919,-0.5658194662511676,0.8128429722613111,0.3974525807769216,-0.3850193437007398,-0.2067437935880396,-0.6728966399283128,-0.4831235914832945,-0.1573961191812276,1.7832233339838302,0.7377818842529914,0.6202826446001327,8.800719039872956,3.025260387692242,2.8966382699816644,1.5045151480337953,0.6442546903615891,0.4988178012862908,0.2940287856877746,1.0,0.7460415542599682,1
AXON__axon_75c00bfec0367f,axon_75c00bfec0367f,1,SPOOF,axon_subject_99939004,axon_camera,unknown,unknown,latex_mask,AXON,AXON,train,0.8144970289101767,-0.5570919205299445,0.9060617523862842,0.5763456861036723,-0.3850193437007398,0.1703761728875691,-0.6948571072939557,-0.3233801605074963,0.5051317313258005,3.8485741522680414,5.388184025672661,43.63798932705134,14.540696638754008,17.51002412862823,181.15301264599367,1.562578810974208,1.4138062891058667,24.4579593879232,-0.0465012276307292,1.0,0.9702243323401397,1
AXON__axon_75dcc7596f475f,axon_75dcc7596f475f,1,SPOOF,axon_subject_3368fec3,axon_camera,unknown,unknown,mobile_image_replay,AXON,AXON,train,0.2216603405535181,-0.5720780562899208,0.4971117705404545,-0.0663698409948306,-0.3850193437007398,-0.5485315104072923,-0.4115395527988847,-0.4965690165957506,-0.1573961191812276,1.7919375624062135,0.5102019861537714,0.2263386571797929,6.227117334321607,2.24190761799926,0.9651299521082372,1.2650747927181925,0.3922719412298193,0.3206988522945957,0.547177519786954,1.0,0.5390835861263079,1
AXON__axon_75e85898557abb,axon_75e85898557abb,1,SPOOF,axon_subject_11954054,axon_camera,unknown,unknown,silicone_mask,AXON,AXON,train,-0.2846498272383171,0.1726320862750868,-0.2912438675489922,0.0612543753908185,-0.3850193437007398,-0.2950523523244044,-0.6942249622531838,-0.5536993986065843,-0.1573961191812276,10.911011108436712,0.9376208355553808,70.82909533570205,33.873518646820386,3.694936568028084,178.20978114259455,3.839323345895124,0.8235795388916338,25.54797450810413,0.5447589132906248,0.9375,0.7914795681982941,1
AXON__axon_7621cfa6871b0f,axon_7621cfa6871b0f,1,SPOOF,axon_subject_81581e4c,axon_camera,unknown,unknown,silicone_mask,AXON,AXON,train,0.6894048257865191,-0.0181170630463198,0.5931046762884029,0.6857866498489292,-0.3850193437007398,-0.656034161253727,-0.7353802356688727,-0.7683831178583674,-0.1573961191812276,3.591452274461791,1.7965895736062247,43.457240175435246,12.786933847562803,6.513277976183275,181.2395549764275,2.202322254962749,0.9240085280677705,24.346689723087,-0.0630093180194506,1.0,0.8376772426566568,1
AXON__axon_766c7cca8bbd4c,axon_766c7cca8bbd4c,0,REAL,axon_subject_ec151fff,axon_camera,unknown,unknown,real_video,AXON,AXON,train,-0.2697117680414594,-0.1114265785390126,-0.0916170466553823,-0.2092844732902736,-0.3850193437007398,-0.5794582271247146,-0.6136164283699265,-0.7174418321626467,-0.1573961191812276,10.350016536185416,139.58067753354104,0.5924185445643889,28.9448387199564,359.8934562639022,2.095379681053307,2.620327117503188,24.723936929453163,0.4114804517035202,0.8030225852582961,1.0,0.20720858298993772,0
AXON__axon_772d72f22704f4,axon_772d72f22704f4,1,SPOOF,axon_subject_ab3a5aa0,axon_camera,unknown,unknown,pc_video_replay,AXON,AXON,train,-0.1418613947612007,-0.6048457482006057,0.2877539891591838,-0.3980657460720302,-0.3850193437007398,-0.3342689395968283,-0.1432014550030344,-0.2535559504143214,-0.1573961191812276,1.3472583804680518,5.301623750147502,0.2222160476901098,5.320168788450015,23.30737215993404,0.7879699398247072,0.9225041676494176,2.1775578270307543,0.2114424685298634,0.8916686010392422,1.0,0.5546667766757897,1
AXON__axon_775e72a77f194c,axon_775e72a77f194c,1,SPOOF,axon_subject_0752a7d1,axon_camera,unknown,unknown,silicone_mask,AXON,AXON,train,-0.5493209909644501,-0.4364086324812115,-0.0955145584166952,-0.6673831634242944,-0.3850193437007398,-0.9362233124566957,-0.7649836986167552,-0.973886020654517,-0.1573961191812276,2.951831046077596,3.1769808537225472,89.545153414192,9.04966767707068,8.462903200413308,180.683991631924,1.8129655561222315,0.8981261346624781,12.116071189316235,0.8867936948582652,1.0,0.9670408458367377,1
AXON__axon_7765af6caf4876,axon_7765af6caf4876,1,SPOOF,axon_subject_95a18974,axon_camera,unknown,unknown,silicone_mask,AXON,AXON,train,0.0365585673513348,0.4367772044544585,0.1211348467350559,0.7122347846368196,-0.3850193437007398,-0.3649102660634635,-0.5837381441872136,-0.483805378666981,-0.1573961191812276,3.223575598093161,162.00134857534607,86.46731953120224,9.557120338976423,359.9511951281004,177.4251741963632,3.6742619827514895,120.69212570484366,92.96701152883092,0.1938625337607006,1.0,0.9139395853946722,1
AXON__axon_788ca130383912,axon_788ca130383912,1,SPOOF,axon_subject_bee6636b,axon_camera,unknown,unknown,silicone_mask,AXON,AXON,train,0.8719238581939875,-0.3512830947814594,0.8149976729104567,0.6836611750470456,-0.3850193437007398,-0.0752651661862063,-0.32978114267605,-0.3068447823930249,5.805354535382025,11.397651194954248,2.982304549215848,130.14621407814994,29.80354980542916,9.952613513053592,359.77097448567554,5.057988812067411,1.9732288289508573,131.45394540133964,-0.178004149201994,1.0,0.9998426055822158,1
AXON__axon_7896fae7ed28ae,axon_7896fae7ed28ae,1,SPOOF,axon_subject_93f13ce0,axon_camera,unknown,unknown,latex_mask,AXON,AXON,train,-1.096833539090225,1.4601718088248603,-1.5961896412522083,-0.2143918581887306,4.66487204831621,-0.2738574431588173,-0.7062885787643391,-0.5769997586219608,-0.1573961191812276,7.030914174729285,0.9243447943350104,0.3057275513360301,23.23188614991936,3.386267909689053,1.2308468144481957,1.8788652288674843,0.7841396934811902,0.2390104863352394,0.9215618974454716,1.0,0.18657660427462228,0
AXON__axon_795b2c196dda0d,axon_795b2c196dda0d,1,SPOOF,axon_subject_e55907a1,axon_camera,unknown,unknown,on_actor,AXON,AXON,train,0.4850749983927003,-0.420843368622278,0.6277011517451393,0.3293769810408677,-0.3850193437007398,0.2018886558494637,-0.4812155272176212,-0.0776822453674917,-0.1573961191812276,1.7807941235584444,0.7965230262861377,0.2798148190751603,5.931182507548565,3.2211243813951285,1.0757625304727991,1.7777148651549668,0.8042637279666773,0.2385645336615432,-0.0977337748577681,1.0,0.7940777378997129,1
AXON__axon_795b3f12d453d3,axon_795b3f12d453d3,1,SPOOF,axon_subject_ce4239c4,axon_camera,unknown,unknown,on_actor,AXON,AXON,train,1.4232728859767936,-0.5904907589253799,1.2574707097749909,1.0390147613608187,-0.3850193437007398,-0.1232766215114533,-0.6886704528347816,-0.4720496926708158,-0.1573961191812276,0.601792138886411,0.3216649593964261,0.1405732498653082,2.42388297643152,1.1300790003866723,0.5379878366168211,0.4202901141522607,0.3408057565801092,0.120125822922127,0.2951236723969569,1.0,0.785963847778455,1
AXON__axon_79da3a3dde5a35,axon_79da3a3dde5a35,1,SPOOF,axon_subject_7efb645e,axon_camera,unknown,unknown,silicone_mask,AXON,AXON,train,-0.3197202042776702,0.4843879164015719,-0.6182237145121188,-0.1086607489447383,-0.3850193437007398,-0.6673654213867583,-0.7788292668264889,-0.8259386278354618,-0.1573961191812276,3.7063293180157,3.0611154927304773,1.312560115612101,15.4872088906937,14.065053458318062,5.471008818273759,2.267579030673484,1.4263255252312148,0.4410930591381562,0.7163270460775286,1.0,0.5721791467993961,1
AXON__axon_79f5afbfa1c0fe,axon_79f5afbfa1c0fe,1,SPOOF,axon_subject_7143273c,axon_camera,unknown,unknown,on_actor,AXON,AXON,train,0.1450264864653008,-0.707144539717844,0.5306277143358941,-0.2184851376964045,-0.3850193437007398,-0.3443137949102409,-0.6670146893985658,-0.565303900942307,-0.1573961191812276,0.5158177703449841,0.1692235013775243,0.1648257980612002,2.100709787572706,0.6765497783627268,0.7222614261245441,0.561002922271046,0.1563548750943671,0.1150520719137361,0.0332805736251719,1.0,0.7248173966052427,1
AXON__axon_7a44e58ab7c69f,axon_7a44e58ab7c69f,1,SPOOF,axon_subject_e93a381d,axon_camera,unknown,unknown,silicone_mask,AXON,AXON,train,-0.653672960933207,0.82467707853434,-1.3992153066362594,-0.4970533872126474,1.6349372131060402,-0.3241209471117028,-0.7614044390578939,-0.6301249908908135,-0.1573961191812276,3.207195838082658,8.685730965054583,1.039862284682942,11.310276791772408,31.31394717116632,3.4033883797961835,1.4240394823758271,7.818741143280906,0.4207468822525034,0.6160645117776201,1.0,0.5565876960855303,1
AXON__axon_7a9f93fba56118,axon_7a9f93fba56118,0,REAL,axon_subject_79144cbb,axon_camera,unknown,unknown,real_video,AXON,AXON,train,-0.1404856301124626,-0.5410960434838195,0.1936137442090938,-0.3970675100740358,-0.3850193437007398,-0.5744591595966441,-0.5407036598138539,-0.6535241315345706,-0.1573961191812276,6.053197239079811,139.95682784141124,0.5144776405162291,20.77206086673,359.4029889873326,2.401770009563686,2.2211407147314404,72.14414426714885,0.3888891436667651,0.295195406374363,1.0,0.4191015247881634,0
AXON__axon_7bc25bae75075c,axon_7bc25bae75075c,1,SPOOF,axon_subject_39c78c4b,axon_camera,unknown,unknown,silicone_mask,AXON,AXON,train,-0.4447720088416503,1.2273693878424174,-1.0068344749967315,-0.0598613422879065,2.64491549150943,-0.3974215047138263,-0.7190628713739626,-0.6458097478948401,-0.1573961191812276,4.252205146696047,2.66869138199607,43.34788091059272,15.368368138258784,12.567858427576482,179.74563076708108,1.2971420161800973,1.345042136774155,12.05979865058403,0.5355312746209943,1.0,0.7918542518105675,1
AXON__axon_7bc9ddd2a51241,axon_7bc9ddd2a51241,1,SPOOF,axon_subject_cb6828ba,axon_camera,unknown,unknown,cylinder_attack,AXON,AXON,train,1.579047518472931,-0.5806876576754243,1.4162804190925091,1.2012578021569174,-0.3850193437007398,-0.5394737307180303,-0.7367376154556685,-0.7131091786860274,-0.1573961191812276,28.922145495089136,83.3220249767858,157.1894528474245,68.07409804717759,351.82542597802217,354.7280020094516,20.52889596838164,47.61224000407928,105.41402248262054,-0.1341467145417013,1.0,0.7931226143777144,1
AXON__axon_7c39c1e013a23c,axon_7c39c1e013a23c,1,SPOOF,axon_subject_7d5851fa,axon_camera,unknown,unknown,on_actor,AXON,AXON,train,0.3234353804792948,-0.0405086508940353,0.2663896288231522,0.5108588450557507,-0.3850193437007398,1.016015033290816,-0.4838828213182262,0.3084145305922189,-0.1573961191812276,3.0758107130367645,168.08333279261151,1.2196355326777704,11.76690082791448,359.6754908910678,5.3396783213372565,3.02309958571403,153.49062648724447,0.9678797061938658,-0.0580031911762811,0.9375,0.9661497447026489,1
AXON__axon_7dc843642a1d2e,axon_7dc843642a1d2e,1,SPOOF,axon_subject_1aeeb688,axon_camera,unknown,unknown,mobile_image_replay,AXON,AXON,train,-0.3833584504631049,-0.2177946078906454,-0.0799400437801527,-0.3794729607145121,-0.3850193437007398,-0.4097355981834964,-0.3849737034914697,-0.5326166423963143,-0.1573961191812276,11.20647043183686,160.27223664695086,62.15276246340834,57.21089909787211,353.69284947995226,351.2013883398996,9.328619942843352,46.39565510912602,48.146149874713416,0.721947846784407,1.0,0.9167438323091038,1
AXON__axon_7e341a728db8ea,axon_7e341a728db8ea,1,SPOOF,axon_subject_ea5d0391,axon_camera,unknown,unknown,pc_video_replay,AXON,AXON,train,0.3103728105803349,0.9285506084578664,-0.4796093178534377,0.5759003192737978,-0.3850193437007398,-0.4430059308252381,-0.3884241886012353,-0.4499093811932952,-0.1573961191812276,1.0912971085462506,0.7884876329370102,0.2010475453989758,3.887902519827653,2.573929538250269,0.6498379790332671,0.6884076873046412,0.449943824615752,0.1227311833477785,0.8170022472228706,0.9375,0.6054644924686259,1
AXON__axon_7e7e66f21d82e0,axon_7e7e66f21d82e0,0,REAL,axon_subject_7ef93e3d,axon_camera,unknown,unknown,real_video,AXON,AXON,train,1.0223304628973826,-0.644292515204855,1.1010896703397557,0.6496586973758707,-0.3850193437007398,-0.3592894003943928,-0.2717898531462848,-0.2770334217227282,-0.1573961191812276,0.9874685817626062,0.460587955968166,0.2747554837240261,3.546200380194274,1.9012870177347736,1.0904569136741302,1.3098749224872224,0.5357284681994259,0.1158845572380383,0.0098314459426401,1.0,0.5780388846164473,1
AXON__axon_7e8ff82b479e0e,axon_7e8ff82b479e0e,1,SPOOF,axon_subject_80ff5e1b,axon_camera,unknown,unknown,print_cut,AXON,AXON,train,0.4791983914719641,-0.7595734499945893,0.7738678546481815,0.0573515285966082,-0.3850193437007398,-0.5740746540830838,-0.705379926468891,-0.7104040623526824,-0.1573961191812276,0.4819814277579957,0.8396663593569523,0.2230620409089794,1.7962241522465248,3.835782702920966,0.9220429621438704,0.4444062155886715,0.4561197219152423,0.1223561083262834,0.7063749966101809,1.0,0.6969635409277893,1
AXON__axon_7edfc0d54d5750,axon_7edfc0d54d5750,1,SPOOF,axon_subject_35f1bf9d,axon_camera,unknown,unknown,on_actor,AXON,AXON,train,2.175297608419861,-0.5198192762957021,1.787883004902964,1.7655237538786694,-0.3850193437007398,-0.3654563641649694,-0.6924914555248353,-0.5436806205418634,-0.1573961191812276,2.640578033323207,0.5540880905768888,0.2312470788797195,10.07293233419179,2.5194940174837086,0.921657529584718,1.4051099982553832,0.3868378556741826,0.1909837981916246,0.8614781668482292,1.0,0.6596673887885571,1
AXON__axon_7f19b944f47a37,axon_7f19b944f47a37,1,SPOOF,axon_subject_dea146dc,axon_camera,unknown,unknown,on_actor,AXON,AXON,train,0.6295496556826508,-0.3615208493008248,0.5270103473437123,0.4449123035328553,-0.3850193437007398,-0.2153129939830975,-0.6976658986029348,-0.5146588962687417,-0.1573961191812276,0.7244785195698832,0.6349555055257344,0.2241221300671527,2.568657416929357,2.5034701461733846,0.8852302832144594,0.6864591478692147,0.4401463626483197,0.2389188986253261,-0.250740837361254,1.0,0.7457586811979303,1
AXON__axon_7f5543f6312bd3,axon_7f5543f6312bd3,1,SPOOF,axon_subject_55a08da2,axon_camera,unknown,unknown,pc_video_replay,AXON,AXON,train,-0.2060519390638683,-0.5513917554960175,0.0834049417430324,-0.472201918105652,-0.3850193437007398,-0.4102880872635913,-0.3322717847163896,-0.2523775212543019,-0.1573961191812276,0.785160611656185,0.6631323240721958,0.1657815461016774,2.665282328547796,3.118591248662512,0.5782289956891529,0.4205327326606006,0.4931582844547582,0.1126287781277275,0.5196058311813171,1.0,0.5672341508833522,1
AXON__axon_7fc3a8c30578c6,axon_7fc3a8c30578c6,1,SPOOF,axon_subject_67b584e3,axon_camera,unknown,unknown,on_actor,AXON,AXON,train,0.8026525032557349,-0.5775709483499619,0.872786093082203,0.5094341831160488,-0.3850193437007398,-0.2977128726353121,-0.7507527544423164,-0.5870971716662671,-0.1573961191812276,2.315684724620425,118.12117291975842,0.2722591408174626,9.937880501512597,359.77279194800144,0.9692596749152632,1.3962713257664618,71.76456184516101,0.2052334763197755,-0.0938005444202723,1.0,0.7507975877232057,1
AXON__axon_810c40b815c62a,axon_810c40b815c62a,1,SPOOF,axon_subject_9133c383,axon_camera,unknown,unknown,cylinder_attack,AXON,AXON,train,-0.1465952205075023,-0.6298201028948409,0.2809560339932236,-0.3146434196775777,-0.3850193437007398,-0.8261699449228702,-0.654233235218931,-0.8307472298727333,-0.1573961191812276,6.300057353638055,0.4345431457926622,1.138223180012084,27.89322770289505,1.6819523310205398,5.112667683300643,3.1309890813775945,0.4135944030121322,0.461859555489283,0.6958912685995522,1.0,0.3259088140947219,0
AXON__axon_8113416565ed8d,axon_8113416565ed8d,1,SPOOF,axon_subject_f5b47677,axon_camera,unknown,unknown,latex_mask,AXON,AXON,train,1.6785851422784952,-0.0001939923106378,1.1187382293826278,1.8762363167106024,-0.3850193437007398,0.3417832103495035,-0.4218558532762901,-0.0648754555807295,-0.1573961191812276,1.3227231289944088,117.58858853724192,1.7165479937564645,5.585108352569705,359.2547768504047,7.773675073758426,1.1478401417423858,97.1455294843592,0.8951159704587042,-0.187016063652461,1.0,0.8644031464163517,1
AXON__axon_81144a7994eddf,axon_81144a7994eddf,1,SPOOF,axon_subject_0b2fa31f,axon_camera,unknown,unknown,on_actor,AXON,AXON,train,-0.8268283819743646,-0.7053657213058746,-0.13632231312007,-1.11195857132292,-0.3850193437007398,0.0862293532948231,-0.5855612080078041,-0.2298540772717551,-0.1573961191812276,0.8513506695380468,0.6721795588302346,0.1839835577857219,3.3729282079248737,1.9838125888053924,0.7592840254689177,0.7309936880309562,0.3654079549028949,0.0897259212251693,0.1173815030690475,1.0,0.8111373320260594,1
AXON__axon_82308ca4c7e5e9,axon_82308ca4c7e5e9,1,SPOOF,axon_subject_c1a2b63b,axon_camera,unknown,unknown,silicone_mask,AXON,AXON,train,-0.9304916395113618,1.0910631949460554,-1.1281298616696145,-0.4098295733714732,3.65489376991282,-0.7831532597435391,-0.7474426585850265,-0.8758660274573169,-0.1573961191812276,6.300174768654911,84.67638145618278,43.81680228320061,29.9376608571483,350.99904589419543,181.8440467416896,3.180077783880709,23.885073928614435,12.332690252692974,-0.5569627627187286,1.0,0.55749740905399,1
AXON__axon_824f27144ebf97,axon_824f27144ebf97,1,SPOOF,axon_subject_926a6bc8,axon_camera,unknown,unknown,3d_attack,AXON,AXON,train,0.5740032963410808,-0.5892021216409552,0.7355503380495646,0.2729520751911505,-0.3850193437007398,-0.6037323207934352,-0.6264130299659518,-0.6612879967829728,-0.1573961191812276,2.370082001716752,1.259225939091467,0.4332173118349885,10.24218642986098,5.503253526984622,1.8648946440210068,1.3110723910370532,0.5549946572639423,0.2214561203400908,0.1744825500697706,1.0,0.5344299192197858,1
AXON__axon_8271d0d17492bd,axon_8271d0d17492bd,1,SPOOF,axon_subject_ae59d4cb,axon_camera,unknown,unknown,pc_video_replay,AXON,AXON,train,0.4887662092563701,1.0858072900129874,-0.5866133914141125,1.30563233427543,-0.3850193437007398,1.7670273016759903,0.3070993123109033,1.1913223602635867,1.1676595818328286,16.46532160607888,152.65709855894542,77.89902362067,51.100679012984486,349.2655488073618,181.37176282720625,8.844788932975861,51.02120078379456,26.61544937002305,0.6341185526111016,0.9375,0.9919465813481328,1
AXON__axon_8311f0016efdf9,axon_8311f0016efdf9,1,SPOOF,axon_subject_52c70997,axon_camera,unknown,unknown,wrapped_3d_paper,AXON,AXON,train,1.9451835386632088,-0.4742658784741905,1.580318000334167,1.6138737887269297,-0.3850193437007398,0.0127432369350449,-0.6531448692652762,-0.3307725789444327,-0.1573961191812276,1.946621866746652,157.93135977500526,0.2098040533221181,7.3582073199135,359.8381319207716,0.7573464251715336,2.112103717092874,205.0776007508656,0.284838105175999,-0.3973118323151087,0.9375,0.8924027943048698,1
AXON__axon_843967fdf8ca46,axon_843967fdf8ca46,1,SPOOF,axon_subject_1164a308,axon_camera,unknown,unknown,silicone_mask,AXON,AXON,train,0.2187981302706245,-0.1878596466230656,0.3533404270528254,0.2773115509649563,-0.3850193437007398,-0.7597682283290558,-0.6846851087055563,-0.8155306613984787,-0.1573961191812276,2.986902846074918,85.36123313158535,43.42248497005709,12.732626799614714,354.6947683683933,182.6568963047577,2.7964969938449307,45.979392133590224,24.44788020406693,-0.0358730536747053,1.0,0.8729956874368353,1
AXON__axon_864159e73e4a9f,axon_864159e73e4a9f,1,SPOOF,axon_subject_00d94152,axon_camera,unknown,unknown,silicone_mask,AXON,AXON,train,-0.6574042936540907,1.3925263105406978,-1.2872575175220382,0.1373107439518645,2.64491549150943,-0.3228479302903354,-0.6318314802590369,-0.549086410210481,-0.1573961191812276,10.148453572651228,173.01901786241868,0.6405953625498845,28.244547298467968,359.0883924978565,2.3596045980759204,1.978319227930249,24.30724199929977,0.2700510265903676,0.8499663639208153,1.0,0.16265997867891085,0
AXON__axon_867ee47dfad787,axon_867ee47dfad787,1,SPOOF,axon_subject_8efe7691,axon_camera,unknown,unknown,print_cut,AXON,AXON,train,-0.7629388899520324,-0.6173248919280133,-0.121036925850466,-0.9776390069281576,-0.3850193437007398,0.3074455842833901,-0.4240780167278848,-0.1047756476141238,-0.1573961191812276,0.8216685277203563,0.6111989189633713,0.1401618286682513,3.4986558695584886,2.2759407509243488,0.6193764892909888,0.7406704607335899,0.4303857269144923,0.1372526536761623,0.4469037971960926,1.0,0.8409031713245338,1
AXON__axon_877759053355b2,axon_877759053355b2,1,SPOOF,axon_subject_215d5bca,axon_camera,unknown,unknown,on_actor,AXON,AXON,train,0.3964256165275717,-0.6076961099859257,0.6159466739638177,0.1706200874993036,-0.3850193437007398,-0.064875087839699,-0.7080166474096297,-0.4558846658340385,-0.1573961191812276,1.1718233504445366,0.5305808572929336,0.1592884586969931,4.494779937579706,1.7974955049311063,0.5420825811187395,0.8557511503667231,0.2871821031785354,0.1243170388651931,0.4074257054691584,1.0,0.8061919185823785,1
AXON__axon_886229787319b3,axon_886229787319b3,1,SPOOF,axon_subject_9bef595a,axon_camera,unknown,unknown,print_cut,AXON,AXON,train,-0.1080688296984913,-0.6339635330225021,0.2422013643012939,-0.4116514820467872,-0.3850193437007398,-0.5421864256558676,-0.7313852571405299,-0.7327554466701444,-0.1573961191812276,1.565543644472711,0.6475052096366031,0.2785698578847437,7.027909067387331,2.8081642149298034,1.213709540963194,1.0474248777550008,0.4735187180532667,0.2202004253830963,0.325597099834472,1.0,0.6574016173177986,1
AXON__axon_89c42b00588423,axon_89c42b00588423,1,SPOOF,axon_subject_c532539b,axon_camera,unknown,unknown,3d_attack,AXON,AXON,train,0.0696095698117477,-0.7611912608903306,0.5001497599740338,-0.3113349072390964,-0.3850193437007398,-0.2613457802993169,-0.4994243702717446,-0.4476347487690928,-0.1573961191812276,1.085012977357822,0.5867651700359517,0.2673764322389033,4.06453913219652,2.4900022616699005,0.8276744901966815,0.8585047579751722,0.495001998921893,0.2146619464974605,0.4410442640443184,0.9375,0.7180239611375507,1
AXON__axon_8a50152612fe04,axon_8a50152612fe04,1,SPOOF,axon_subject_948da54d,axon_camera,unknown,unknown,on_actor,AXON,AXON,train,0.3219262452431287,-0.6184860711347215,0.583977982640771,0.0053936008589424,-0.3850193437007398,-0.6798527324140491,-0.7744986044231117,-0.8224484093974956,-0.1573961191812276,9.501527495184462,134.9926218967457,58.49336542037107,30.868787011728266,349.9895477718205,179.775183551495,4.362806271164987,23.67814663147771,23.963394777658568,0.8521436882143647,1.0,0.8124407564713898,1
AXON__axon_8b3e6fd7bd4f2b,axon_8b3e6fd7bd4f2b,1,SPOOF,axon_subject_31bcddaf,axon_camera,unknown,unknown,on_actor,AXON,AXON,train,0.4070128061876716,-0.5706759057276929,0.6141916989171188,0.1250053096340224,-0.3850193437007398,-0.0106531439758983,-0.5756537700191752,-0.3394087933897439,-0.1573961191812276,2.038057812608938,0.7791927739075076,0.433757812315741,9.186505453775831,3.0398413703329084,2.061300354695569,0.8966320427040654,0.5008431365826027,0.2648511048477552,0.8366033184776784,1.0,0.7570355456371232,1
AXON__axon_8c58d558217f5a,axon_8c58d558217f5a,1,SPOOF,axon_subject_361109ae,axon_camera,unknown,unknown,3d_attack,AXON,AXON,train,0.6270969650458013,-0.765113082268494,0.8691466438704099,0.1753153801011527,-0.3850193437007398,-0.8930358889786791,-0.7103890432581316,-0.9005626452642449,-0.1573961191812276,4.358357708810715,85.36981098602506,0.2436377627415392,18.66636019436153,352.94281793561026,0.8316519375282199,1.5169706808034105,23.684768296298937,0.191128543836671,-0.7883869316555544,1.0,0.2941018354271944,0
AXON__axon_8c5e45db87d9fb,axon_8c5e45db87d9fb,1,SPOOF,axon_subject_1f44c91d,axon_camera,unknown,unknown,3d_attack,AXON,AXON,train,0.770493036132859,-0.7176056251415699,0.9564200670713464,0.3974612833471604,-0.3850193437007398,0.3225764464715415,-0.4339313522130241,-0.0666368304330672,-0.1573961191812276,1.251287840009787,1.6781595413758308,0.0768279452171231,5.35444769669194,7.317087471924879,0.272655085534994,0.7039235928268516,0.6240175119205503,0.0720944082670319,0.5593866893931558,1.0,0.8214139474710518,1
AXON__axon_8d7d22b9d373a3,axon_8d7d22b9d373a3,1,SPOOF,axon_subject_b7553ede,axon_camera,unknown,unknown,wrapped_3d_paper,AXON,AXON,train,0.2640511579683772,-0.0678829819867876,0.396081873071783,0.3849183200533856,-0.3850193437007398,-0.0009053589775905,-0.6183838501999696,-0.3478187192482899,-0.1573961191812276,1.5798759533057858,1.6146611034340952,0.4000418214776594,5.893078491250122,6.998887687567702,1.4383477268537948,2.049907032803873,0.7279103058923643,0.4050966610654456,0.0787282143680084,1.0,0.8137264087114594,1
AXON__axon_8d82e0cdc69ccd,axon_8d82e0cdc69ccd,1,SPOOF,axon_subject_51e3d980,axon_camera,unknown,unknown,silicone_mask,AXON,AXON,train,-0.5391391704134412,-0.4380459642350434,-0.1951119186724772,-0.6737549805868778,-0.3850193437007398,-0.1218490091218025,-0.4274094634841081,-0.3615310894230248,-0.1573961191812276,4.944016970927002,1.7173709848271372,0.5592943728530667,15.09568810907738,5.43657773605139,1.6664044316947295,1.1640166625607344,0.889871137626263,0.3328342801501473,0.9607179833372584,1.0,0.504704146910675,1
AXON__axon_8da117f35d3b25,axon_8da117f35d3b25,1,SPOOF,axon_subject_15b3e871,axon_camera,unknown,unknown,on_actor,AXON,AXON,train,0.2637456784486252,-0.5790592625089873,0.5378878990140477,0.0051422501538063,-0.3850193437007398,-0.2842222881588266,-0.7439832241889696,-0.5836086878234394,-0.1573961191812276,1.2357879250611294,0.6089316239553234,0.182067509387971,4.363021343387352,2.6597912519332567,0.6124065318292589,0.5349436116243861,0.4447684783781236,0.1105699208606617,0.8001260545963044,1.0,0.7594067153688935,1
AXON__axon_8e78fcc1d1643d,axon_8e78fcc1d1643d,1,SPOOF,axon_subject_ea6f48ed,axon_camera,unknown,unknown,latex_mask,AXON,AXON,train,0.4074046168760494,-0.4204307216993279,0.4659889405109756,0.1863737872953461,-0.3850193437007398,0.3095161511569568,-0.3845208010938378,-0.0874301831387462,-0.1573961191812276,3.090724660066637,1.1460844592350423,0.5148721317698789,12.74661135691028,4.5898079115270605,1.9559904266369643,1.4845930644288634,1.2710306020439683,0.5410169023689245,0.7291286092220555,1.0,0.7540342594125347,1
AXON__axon_8e9a2f84db32f0,axon_8e9a2f84db32f0,1,SPOOF,axon_subject_c9a5d474,axon_camera,unknown,unknown,3d_attack,AXON,AXON,train,0.2032059464499502,-0.6465627807609161,0.4790260584042693,-0.1451066011894659,-0.3850193437007398,-0.5895156991113761,-0.5672190462796682,-0.6996445817325733,-0.1573961191812276,3.075090884009231,0.8634432164396221,0.3033915425822169,14.221415767488164,2.974892526900476,1.2649723167416855,1.4593680538969565,0.532389339398255,0.1882424425079762,-0.1965170094742077,1.0,0.45347736936229244,1
AXON__axon_90d561225042ff,axon_90d561225042ff,1,SPOOF,axon_subject_0b79e110,axon_camera,unknown,unknown,on_actor,AXON,AXON,train,0.4843256881214247,0.0763479531965073,0.1875235428954064,0.5830809635527051,-0.3850193437007398,0.0963208186762214,-0.6545311950689757,-0.320272983280076,-0.1573961191812276,2.908686251136409,121.57900088132622,1.019957241406375,12.379157588741544,359.59724137933773,4.519552196693011,2.2026341586556746,52.33245064927056,0.7235644464442047,0.4070166029017484,0.9375,0.8540012571423509,1
AXON__axon_91f3ac08039364,axon_91f3ac08039364,1,SPOOF,axon_subject_d667cf58,axon_camera,unknown,unknown,3d_attack,AXON,AXON,train,-0.0916094603570717,-0.4909805364152052,0.248376151744338,-0.3022867937700949,-0.3850193437007398,-0.4269725081953122,-0.7113364472478084,-0.6688383546719412,-0.1573961191812276,1.0998427074519572,0.6076840345364745,0.2410055126305551,3.492145963475925,2.693627481153669,0.6947051112191982,1.143129669696204,0.3296145494694806,0.2658003302548362,0.0469918402783084,0.9375,0.7294334677166144,1
AXON__axon_92db22ef6ea37f,axon_92db22ef6ea37f,1,SPOOF,axon_subject_f3b054c5,axon_camera,unknown,unknown,on_actor,AXON,AXON,train,-0.191962249620235,1.2030524867120762,-0.872046852141627,0.2751353964893283,1.6349372131060402,-0.6059239305976926,-0.6805925872385916,-0.7298420571942735,-0.1573961191812276,1.7233873414764571,0.9941535355291318,0.5433077718743502,6.77262231993513,3.19283808475646,2.134497593223108,1.112658803973544,0.4625809745344753,0.5310849453165889,0.8194637574674847,0.9375,0.5313746624083387,1
AXON__axon_9537301a91f6a4,axon_9537301a91f6a4,1,SPOOF,axon_subject_a89a7b52,axon_camera,unknown,unknown,silicone_mask,AXON,AXON,train,0.2627838606853481,0.8512847249001889,-1.0008951064712337,0.3435442534739435,0.6249589347026502,-0.6062726796879401,-0.7465942962182792,-0.776463653229669,-0.1573961191812276,3.80250401408589,2.969312508692664,60.35012363184641,15.451453755425977,9.77933695177532,183.69612611451464,2.2865829213847024,2.3296514546230944,36.194375386038494,0.0864368294705173,1.0,0.8310036038480113,1
AXON__axon_956e5b786dec0a,axon_956e5b786dec0a,1,SPOOF,axon_subject_de38ef57,axon_camera,unknown,unknown,silicone_mask,AXON,AXON,train,-1.3599028722549051,1.8979019452744512,-2.253939430040989,-0.1514405365757151,4.66487204831621,-0.4804882489250228,-0.7241206097640847,-0.6647210344443741,-0.1573961191812276,6.723442822134248,86.05291490137539,0.6140914878991207,22.77605353686391,358.89992909749867,2.4638908104257693,1.5245363230807096,24.598895257559672,0.345691902020717,-0.2757514631040913,1.0,0.12078762221168828,0
AXON__axon_959356e6c5aece,axon_959356e6c5aece,1,SPOOF,axon_subject_0bdfc7e7,axon_camera,unknown,unknown,silicone_mask,AXON,AXON,train,-0.9368917674931222,0.5864711499836937,-0.9097572948384004,-0.2715697923220631,2.64491549150943,-0.4515805304953109,-0.6920587425457985,-0.6780844771129426,-0.1573961191812276,5.824608904583478,6.241153465794355,83.51765556185343,24.11727010117871,26.77866103738461,181.81471910628284,2.9972250944007235,5.275230827334732,59.89623836680791,0.2977051266325628,1.0,0.7305156264059481,1
AXON__axon_95e592245c7e76,axon_95e592245c7e76,1,SPOOF,axon_subject_3f1a91ab,axon_camera,unknown,unknown,advanced_paper,AXON,AXON,train,0.3621294529812131,-0.5762329178022907,0.6512086102081484,0.228138445703747,-0.3850193437007398,0.0749630497458995,-0.6721288211381882,-0.3522082796180306,-0.1573961191812276,1.1353884426690586,0.6313325698622466,0.1981149830696514,4.110198891308144,1.8172854252586887,0.5615200729006631,0.9173694495449156,0.2570589864309416,0.1218977796609215,-0.0555092338438974,1.0,0.816733761876558,1
AXON__axon_9656824fe69c26,axon_9656824fe69c26,1,SPOOF,axon_subject_44202c4f,axon_camera,unknown,unknown,cylinder_attack,AXON,AXON,train,0.7977504424115989,-0.5826163966498847,0.8664204254357429,0.4648422132117898,-0.3850193437007398,-0.5744657709538054,-0.7482689742351264,-0.7605869343637115,-0.1573961191812276,11.03353195327986,4.722553297916678,71.1839868413754,56.138929059390605,13.904085729428743,184.4061052206096,9.885913873223949,1.5474618205827635,24.67172692815197,0.5089432398184254,1.0,0.9112364741664405,1
AXON__axon_9658b4b184e855,axon_9658b4b184e855,1,SPOOF,axon_subject_606c6c0b,axon_camera,unknown,unknown,print_cut,AXON,AXON,train,-0.8639624059868249,-0.628223023020066,-0.2245654826093402,-1.0583904121331045,-0.3850193437007398,0.4072950382694356,-0.5084100531821256,-0.0214230561568087,-0.1573961191812276,1.7427859284399372,85.62899152864526,0.3378933309835332,7.349353263041488,354.5803933249805,1.5461716370413172,1.0578713237303234,24.148760541043348,0.2143924687360543,-0.6136395885909263,1.0,0.8253740462768558,1
AXON__axon_96891a505a5575,axon_96891a505a5575,1,SPOOF,axon_subject_aab1e656,axon_camera,unknown,unknown,pc_video_replay,AXON,AXON,train,0.3957454818721818,-0.6783428122034735,0.6871105565462847,0.0355567093070615,-0.3850193437007398,-0.0220470467180307,-0.4968316464203101,-0.3675570120691979,-0.1573961191812276,0.6369853775357718,0.5638655868438066,0.1427485537016249,2.554196389878573,2.5167462572254635,0.5166573593564769,0.4307249123110029,0.3856484704393532,0.1238891596615565,0.636117407373339,1.0,0.785108813764267,1
AXON__axon_96be1e70d4ee15,axon_96be1e70d4ee15,1,SPOOF,axon_subject_581716ea,axon_camera,unknown,unknown,cylinder_attack,AXON,AXON,train,-5.179465494068949,-0.8450861467253262,-3.008689859769281,-5.245215639010839,-0.3850193437007398,-0.7868425072287119,-0.7471270463748206,-0.8682255314841633,10.443049488931225,18.807009807124253,120.08159421608556,1.4371631441102293,77.97711244840781,357.5806147207734,5.405759531439685,11.230206549681494,76.48524281161785,1.0633443686354147,-0.0940740900218263,0.9375,0.9999942593521398,1
AXON__axon_972d6f65825b75,axon_972d6f65825b75,1,SPOOF,axon_subject_962d3439,axon_camera,unknown,unknown,on_actor,AXON,AXON,train,-0.2232180064971778,-0.43048564853491,0.1146709319250732,-0.3688850042291171,-0.3850193437007398,0.5567271366100606,-0.6597099308071268,-0.1031678909417204,-0.1573961191812276,2.135480887986981,0.5692767802349872,0.3790768769801523,7.399771775178621,1.6366172007480202,1.2607164510857212,2.0002631803441684,0.4420712646063001,0.5030307532782908,0.6097953373598333,0.9375,0.9205507931638003,1
AXON__axon_97b90bed290a79,axon_97b90bed290a79,1,SPOOF,axon_subject_34c4505d,axon_camera,unknown,unknown,silicone_mask,AXON,AXON,train,-0.6102027272080649,1.5225447205461509,-1.474647700983247,0.2134121611117942,1.6349372131060402,-0.4913678982693086,-0.7309764053566414,-0.711568736477573,-0.1573961191812276,10.467697605524336,86.06178407087094,58.05175128521138,34.935399190304054,359.0655102159851,177.0703487374369,3.917512324641672,25.1702993789484,23.667346203260376,0.2059603050300223,1.0,0.583281166194987,1
AXON__axon_9836bb1ba74ab6,axon_9836bb1ba74ab6,1,SPOOF,axon_subject_e589d418,axon_camera,unknown,unknown,latex_mask,AXON,AXON,train,-0.1049669950821691,-0.6467623086923933,0.3243633150746842,-0.3885415508193699,-0.3850193437007398,-0.3727254411742994,-0.2572129216421998,-0.259374086821867,-0.1573961191812276,6.97945094587259,3.3604836957679307,154.5318419096227,30.471084628958195,12.621748925066669,359.5231332112728,2.47193487148338,1.645043493890904,84.19580751622514,0.4198034770920523,1.0,0.9515410086288897,1
AXON__axon_98479557519dcd,axon_98479557519dcd,1,SPOOF,axon_subject_5689f26d,axon_camera,unknown,unknown,3d_attack,AXON,AXON,train,-0.4336131518918693,-0.6836248194188902,0.1252629118401023,-0.7347994154857755,-0.3850193437007398,-0.4033239040086734,-0.7475264457426855,-0.6766452500523613,-0.1573961191812276,3.7901220133756186,84.65407713210747,42.698379673942654,16.823435773159687,349.9976950462764,176.6372273102738,1.6012437385538525,23.462921101018004,11.865046168983922,-0.0768030842024987,1.0,0.9060045810552015,1
AXON__axon_98512dfbea272c,axon_98512dfbea272c,1,SPOOF,axon_subject_54ad2754,axon_camera,unknown,unknown,advanced_paper,AXON,AXON,train,-0.0873122710982417,-0.6690130335812999,0.3070695686452201,-0.4230805163499797,-0.3850193437007398,0.0658145842742444,-0.5651451455256061,-0.3197323982269157,-0.1573961191812276,1.1668711180101037,0.9329744228777096,0.404906158993899,3.865071642169257,3.52641797973098,1.1781274286226786,0.8121762580560697,0.5436667655117446,0.1968218647203027,0.3289278776429921,0.9375,0.8150890856066253,1
AXON__axon_99ef925e0fab01,axon_99ef925e0fab01,1,SPOOF,axon_subject_f58d92a9,axon_camera,unknown,unknown,mobile_video_replay,AXON,AXON,train,-0.1154241345844037,-0.5442503050942298,0.2602474032971613,-0.2228743045922019,-0.3850193437007398,-0.5931706226339547,-0.72384434872183,-0.7355135746654239,-0.1573961191812276,1.9137141663098376,83.99011298179894,0.3687717092603818,7.468772205511639,348.23222088485,1.34821579524778,2.059221477301374,23.622819970530298,0.3252391990091177,-0.4935904517927818,1.0,0.6519313876497701,1
AXON__axon_9afdf18d87b7b5,axon_9afdf18d87b7b5,1,SPOOF,axon_subject_86f247ff,axon_camera,unknown,unknown,mobile_image_replay,AXON,AXON,train,0.4704612344831156,-0.4228043165471404,0.5282671624869868,0.2890421037311327,-0.3850193437007398,-0.8489164845195215,-0.571724241175505,-0.8160351851316666,-0.1573961191812276,5.103395750556893,115.06763196980192,42.63474312865384,24.154804079632388,351.8819569594889,178.0505159609035,3.1267936588633365,24.029148928151617,24.04332100428242,0.8837191452623628,1.0,0.7825035675080866,1
AXON__axon_9b18787c8ee8ab,axon_9b18787c8ee8ab,1,SPOOF,axon_subject_1ad4f67d,axon_camera,unknown,unknown,mobile_video_replay,AXON,AXON,train,-0.2270614037157966,-0.4607111233643791,0.1314391963827812,-0.3554589860140392,-0.3850193437007398,-0.2810317573821717,-0.2246240742019557,-0.29381748600329,-0.1573961191812276,1.7518364523892898,168.47821389119127,0.4613530738867805,5.302922926927597,359.58821575585443,1.7053152003791578,1.7335516765350818,103.038759128866,0.2946708524459843,0.2995232243214002,0.9375,0.7475902037375307,1
AXON__axon_9be55e57aadbd2,axon_9be55e57aadbd2,1,SPOOF,axon_subject_ccb7efd5,axon_camera,unknown,unknown,latex_mask,AXON,AXON,train,-0.9295281615333036,1.2286993009898717,-1.5880625423168753,-0.4727389178809832,2.64491549150943,-0.2251624836923998,-0.3774945408662256,-0.379258103965759,-0.1573961191812276,6.315371253548618,0.7164510386402924,0.2797143027042847,21.878705309060493,2.8784586646400783,1.002087534010844,2.406182776580953,0.4457942546979515,0.172270839861223,0.9223104411279373,1.0,0.24569042106926559,0
AXON__axon_9c03518a0a7167,axon_9c03518a0a7167,1,SPOOF,axon_subject_b1f38e3b,axon_camera,unknown,unknown,print_cut,AXON,AXON,train,-1.259787217002999,-0.7081269127050964,-0.4743442055758873,-1.5393535698222152,-0.3850193437007398,-0.6606908706701393,-0.7136351613528367,-0.7557741936433037,-0.1573961191812276,0.6615809602978951,0.3547767760162365,0.1898398777130853,2.742155676200073,1.3025803329435917,0.7191564774992052,0.7811385099574151,0.3433850436376853,0.1605597794965862,-0.0547394818513703,1.0,0.6425853861120444,1
AXON__axon_9c91e76931b346,axon_9c91e76931b346,1,SPOOF,axon_subject_9d2175b4,axon_camera,unknown,unknown,mobile_video_replay,AXON,AXON,train,0.3088393255273768,-0.7161392428574425,0.6289325161946251,-0.0772971977195438,-0.3850193437007398,-1.10697139044092,-0.7529803399196365,-1.0316005351859217,-0.1573961191812276,1.860689309688696,0.1442961708146563,0.2707094368368553,7.169463699722475,0.4900006404706403,0.987201069786224,0.681356774807852,0.0788357145711643,0.1242398659479747,0.6602810545298538,1.0,0.43130043009026525,1
AXON__axon_9c92738aaf1f5b,axon_9c92738aaf1f5b,0,REAL,axon_subject_ec306b6e,axon_camera,unknown,unknown,real_video,AXON,AXON,train,-0.5640886014437649,1.250276095481876,-1.539054611502252,-0.2654426709579625,1.6349372131060402,-0.653893844562111,-0.7076631720108918,-0.7684128798591551,-0.1573961191812276,3.2717071928681563,0.5651508509324625,0.6075982643961192,12.43742291180833,2.046431357925485,2.010825748311744,2.263545465573152,0.4862908361507781,0.3418013386931317,0.4107709558444019,0.9375,0.44946411106436945,1
AXON__axon_9d5d062abe0b93,axon_9d5d062abe0b93,1,SPOOF,axon_subject_785d9e57,axon_camera,unknown,unknown,latex_mask,AXON,AXON,train,0.6407953972059841,-0.6356880523571032,0.8067976839366626,0.2763138268828582,-0.3850193437007398,0.0815925881391803,-0.718130229424712,-0.3841776592288708,-0.1573961191812276,0.9198352258559296,0.9189687522964544,0.1743063294564948,3.263600677988775,3.521514854375397,0.6174932607230004,0.8413806910668767,0.4837806072101439,0.1995239022538774,0.6282216003276656,0.9375,0.8666797346550128,1
AXON__axon_9e4812a9e6d48b,axon_9e4812a9e6d48b,1,SPOOF,axon_subject_43e1a665,axon_camera,unknown,unknown,on_actor,AXON,AXON,train,0.5901732349056339,-0.656895803025487,0.8032435694040438,0.2631693624108044,-0.3850193437007398,-0.2678304197814837,-0.7658926560015084,-0.5997339711295125,-0.1573961191812276,15.822638566162652,147.432930762735,84.52185650006021,60.85410284647459,344.5523841222145,349.1871042989522,12.437875281239563,68.37973181888155,58.45913537124842,0.3045404248683838,1.0,0.9497655922978416,1
AXON__axon_9ee77d696da070,axon_9ee77d696da070,1,SPOOF,axon_subject_d953771a,axon_camera,unknown,unknown,on_actor,AXON,AXON,train,-0.0467554376117487,-0.3650635359587678,0.1202023408001338,-0.0483678065817667,-0.3850193437007398,0.6962404361804777,-0.5201943577579728,0.0198281724685755,-0.1573961191812276,2.7401425464271907,88.40992014548003,0.7605773948178507,10.900568736008143,355.88873088073046,2.96638083372606,1.8469684449201265,25.74287874384611,0.7543828407312383,-0.3823335018193985,0.9375,0.8894784272441918,1
AXON__axon_9f2ea61a6394ac,axon_9f2ea61a6394ac,1,SPOOF,axon_subject_863bea58,axon_camera,unknown,unknown,silicone_mask,AXON,AXON,train,-1.4705124684366977,0.3595355986258702,-1.240822352429532,-1.256658766265032,4.66487204831621,-0.6260699479496732,-0.5422614993316237,-0.6451551056034872,-0.1573961191812276,4.157983028640194,0.8386080591177628,0.9190636611830578,11.875341679191028,2.496747431006952,2.575323993155206,1.0039385368399087,0.4123944427218902,0.2721776792683433,0.934640020417666,0.9375,0.19118124823924862,0
AXON__axon_9f76024484f22e,axon_9f76024484f22e,1,SPOOF,axon_subject_49985403,axon_camera,unknown,unknown,on_actor,AXON,AXON,train,1.12183709602703,-0.5087871708642904,1.0878964798095514,0.8078289353001518,-0.3850193437007398,-0.104748182878219,-0.7526776324518041,-0.4859360092632417,-0.1573961191812276,1.6281752741646012,86.71937340078992,0.3048611809438092,7.516815274270908,358.6165432126612,1.1033996048641883,1.7025253372611924,24.267763680652376,0.1652530020840657,-0.3329924291206418,1.0,0.8022089744134313,1
AXON__axon_9f9b1610afb4db,axon_9f9b1610afb4db,1,SPOOF,axon_subject_9d02c8ce,axon_camera,unknown,unknown,3d_attack,AXON,AXON,train,0.5980697698102374,-0.5786381630637927,0.7363595204020839,0.2968411424129001,-0.3850193437007398,-0.4001324917177306,-0.5223099219357751,-0.5495669843581676,-0.1573961191812276,0.6057593854688702,0.2888762720162063,0.1290270259799816,2.420822816131401,1.1937422771224817,0.5148805524205278,0.5361874207437969,0.296026309264865,0.1818640632290817,0.4911179434324553,1.0,0.6755734987393487,1
AXON__axon_a039db311a6938,axon_a039db311a6938,1,SPOOF,axon_subject_0909603b,axon_camera,unknown,unknown,print_cut,AXON,AXON,train,0.5599750348443542,-0.6240899072036901,0.7417887522270807,0.2241260489077055,-0.3850193437007398,-0.6841648799330821,-0.628003669260273,-0.7261431091413771,-0.1573961191812276,1.5189988749647765,0.522550697143888,0.1433798113923226,5.627329131537721,1.549001437736763,0.652369285487032,1.1620999687195026,0.1291479374756647,0.0794097999437981,0.2447802919121227,0.9375,0.5890907382625229,1
AXON__axon_a0fab42e43d442,axon_a0fab42e43d442,1,SPOOF,axon_subject_5fcf65c8,axon_camera,unknown,unknown,print_cut,AXON,AXON,train,0.4506714742904869,-0.6546855987838742,0.6457389566930164,0.0633583497250531,-0.3850193437007398,-0.0351390765469887,-0.5385431136970604,-0.2990607714958279,-0.1573961191812276,1.0361460914572234,1.3853946378816462,0.1392756148898428,4.695477976583926,6.805282766196655,0.4948138395616098,0.999390478735364,0.837083597821758,0.1427833170173634,-0.5622534570242286,1.0,0.7301454832860479,1
AXON__axon_a1a5d343b31378,axon_a1a5d343b31378,1,SPOOF,axon_subject_37be3404,axon_camera,unknown,unknown,on_actor,AXON,AXON,train,0.5906419688788765,-0.601505531100824,0.7267807026647926,0.3061303682691095,-0.3850193437007398,-0.4928138020804387,-0.7562007983980249,-0.6940881561703992,-0.1573961191812276,1.1031595386687418,0.3299928240338367,0.2065194331938198,4.074010842526956,1.3618103694480226,0.7448140198846014,0.6278219079372256,0.4606901610130255,0.2335393481595514,0.5948971242121772,0.9375,0.7166419457096541,1
AXON__axon_a1b5f5b8f37158,axon_a1b5f5b8f37158,1,SPOOF,axon_subject_aa800060,axon_camera,unknown,unknown,3d_attack,AXON,AXON,train,-0.0450216199751853,-0.7084032021987158,0.3921287814865342,-0.3842327547193084,-0.3850193437007398,-0.766116563664418,-0.6339357186654315,-0.7579222919169182,-0.1573961191812276,1.6791332218240824,0.5571627397982933,0.1683663402876993,7.665531276659539,1.7530104836025373,0.6540582088007626,0.7690861213848597,0.3345366646366453,0.1447243514269894,-0.3297038373400426,1.0,0.4643017834302324,1
AXON__axon_a392b966c5c407,axon_a392b966c5c407,1,SPOOF,axon_subject_876ea12e,axon_camera,unknown,unknown,print_cut,AXON,AXON,train,-0.908332752825874,-0.7195873413231796,-0.1909866606292458,-1.1975033010238776,-0.3850193437007398,0.1809445374988539,-0.7350360735226151,-0.3363167710461602,-0.1573961191812276,1.5936745718438563,0.8293022092542326,0.0800296501259894,8.002808632100493,3.852222277938949,0.3482328123872497,0.9480222980271448,0.7820078533690169,0.0682741275859548,-0.5162522726019092,1.0,0.8188361144559885,1
AXON__axon_a54b7c0474627c,axon_a54b7c0474627c,1,SPOOF,axon_subject_1053d736,axon_camera,unknown,unknown,on_actor,AXON,AXON,train,0.4879211599327085,-0.6354648610869208,0.7235102885129364,0.1904133156338972,-0.3850193437007398,-0.2336830906123237,-0.6750565437518312,-0.5033654646610873,-0.1573961191812276,0.7923164120140717,0.4465830377350046,0.1106534974641036,2.5535608019911367,1.6276234613638962,0.4208578742131428,0.7790298333023067,0.272914240092346,0.1047465039751311,0.4888533937208256,1.0,0.773537824826573,1
AXON__axon_a5a0fef3fd08a5,axon_a5a0fef3fd08a5,1,SPOOF,axon_subject_a9a01fe8,axon_camera,unknown,unknown,on_actor,AXON,AXON,train,2.1085818774348963,-0.6621784804849584,1.8178160149978184,1.665809704081051,-0.3850193437007398,-0.3296415405304971,-0.797960226248827,-0.6538140828060475,-0.1573961191812276,1.9022842984079245,0.3803861526961948,0.1761460386910882,7.914047374466589,1.1754795782154304,0.7070192251724872,0.8916052456901452,0.2864631648765244,0.1276216569394866,0.6232889418652106,1.0,0.7210588751204492,1
AXON__axon_a5dab0966ae6b6,axon_a5dab0966ae6b6,0,REAL,axon_subject_4c17584f,axon_camera,unknown,unknown,real_video,AXON,AXON,train,-0.2154897066904088,-0.0715935275446277,0.087514854515009,-0.0118216188213432,-0.3850193437007398,-0.5403604239026181,-0.505657055748925,-0.6254920394348769,-0.1573961191812276,5.317590694828273,1.1236951390615308,0.3306924026964389,17.44824441796127,3.874481175124004,1.049592326683523,1.7195619797062744,0.4783568964709173,0.1873544086766259,0.936754713342368,0.9375,0.398582083978266,0
AXON__axon_a5dfe0fbbfe9a3,axon_a5dfe0fbbfe9a3,1,SPOOF,axon_subject_3955a4f6,axon_camera,unknown,unknown,mobile_image_replay,AXON,AXON,train,2.3762439180894703,-0.2508610983244502,1.7481851624412157,2.140124865981466,-0.3850193437007398,-0.4525955941981097,-0.4014211642891312,-0.5004269387714635,-0.1573961191812276,14.869171557151189,3.469588763348406,72.47653392762588,38.9405349698876,9.36862335943411,181.8707181273052,13.809198277484231,3.109680061021714,64.8253381840657,-0.2238558959499382,0.9375,0.7065869590225009,1
AXON__axon_a627f46a2c875d,axon_a627f46a2c875d,1,SPOOF,axon_subject_5d57a5d4,axon_camera,unknown,unknown,on_actor,AXON,AXON,train,1.611042624332462,-0.5957707181728521,1.46377440790161,1.1903145760394156,-0.3850193437007398,-0.3278527276612788,-0.6815862149342569,-0.5751582272153547,-0.1573961191812276,1.0934279448936868,0.4677837062214565,0.1248434953691911,4.028169474170757,1.7301169633555844,0.3751600050709169,1.4641902699542673,0.308898756355055,0.1421549379186217,-0.3253859140101912,0.9375,0.7351257773725385,1
AXON__axon_a6a8f75eb372c6,axon_a6a8f75eb372c6,1,SPOOF,axon_subject_e89b780c,axon_camera,unknown,unknown,on_actor,AXON,AXON,train,1.2920506164757932,-0.4646198749834773,1.0808908020692858,1.0026108862195964,-0.3850193437007398,-0.3308000706836916,-0.6524723132726492,-0.5320260888305838,-0.1573961191812276,4.08168312746206,0.4765968966806655,0.3196242178577762,16.005872989606573,1.83268459553517,1.1642722913998718,1.7739516029253095,0.5939327801035442,0.3125932274295265,0.8491451475048086,1.0,0.5799218436722409,1
AXON__axon_a71e642ca295c0,axon_a71e642ca295c0,1,SPOOF,axon_subject_be99efa4,axon_camera,unknown,unknown,on_actor,AXON,AXON,train,0.3872844739419496,-0.5577684015778328,0.5661778422598922,0.0830845168772173,-0.3850193437007398,-0.533947076888505,-0.6754798471343967,-0.6629844308278658,-0.1573961191812276,4.543730134853316,0.4511304613858245,0.2296695440806143,18.85635229986545,1.8495605159803856,0.7046889535181031,2.0560562008953784,0.4605640258671997,0.181742883304341,0.8076612972120578,1.0,0.49793276654726787,1
AXON__axon_a855a359dbda22,axon_a855a359dbda22,1,SPOOF,axon_subject_a0ffa983,axon_camera,unknown,unknown,print_cut,AXON,AXON,train,-0.785671934249373,-0.7261021600786401,-0.089222061514878,-1.0635057317279557,-0.3850193437007398,-0.3170201291421225,-0.7219224038516288,-0.605604388843145,-0.1573961191812276,2.140100742005953,0.3053446341375669,0.1106803853603417,9.75372088475547,1.0245556309801032,0.5017605380408698,1.0916686266509052,0.2889867261628656,0.1247422416527157,0.5386489930933925,1.0,0.7067443411485773,1
AXON__axon_a86d7a2fccc5c2,axon_a86d7a2fccc5c2,1,SPOOF,axon_subject_3e9b146a,axon_camera,unknown,unknown,mobile_video_replay,AXON,AXON,train,-0.4398738218320038,-0.5527325601093592,0.0583958923464865,-0.6024486796285964,-0.3850193437007398,-0.1020321271671582,-0.3670738891414883,-0.306379302266187,-0.1573961191812276,2.1284874781374024,0.6208289214370185,0.408733407099846,10.3192200910768,1.981190201574151,1.660650062008883,1.310520556307751,0.5058562235054638,0.1976289691237009,0.0085018323391942,1.0,0.6383547085508195,1
AXON__axon_a8c0830bceff8f,axon_a8c0830bceff8f,1,SPOOF,axon_subject_d040c428,axon_camera,unknown,unknown,mobile_image_replay,AXON,AXON,train,0.300220597192925,0.4357657317045021,-0.1201162095751667,0.9051702549179226,-0.3850193437007398,-0.2640995207461959,-0.3416914437825803,-0.3046860939596207,-0.1573961191812276,10.32879353665385,84.84523163387811,42.94448140143595,44.63739258533921,354.12231203812416,179.15921368050425,4.014849264496871,24.47362886639785,12.308726199331506,0.0251791104821485,1.0,0.5814316427262819,1
AXON__axon_a9082229a9fc0a,axon_a9082229a9fc0a,1,SPOOF,axon_subject_77fb1e0e,axon_camera,unknown,unknown,latex_mask,AXON,AXON,train,1.2398833476190168,1.312224966131288,-0.2181272056306006,1.5457055322136262,-0.3850193437007398,0.3231976936661118,-0.1466005994703907,0.0424684733867301,-0.1573961191812276,3.144078567817292,1.5328441100014925,0.5570097414090955,11.325112948681138,6.144601109127109,2.3633733911757417,1.4781884780323091,1.2559186025028148,0.6786884091771473,0.7267887974723228,0.9375,0.6748588987406585,1
AXON__axon_a97a2eb72b9c09,axon_a97a2eb72b9c09,1,SPOOF,axon_subject_54fe794b,axon_camera,unknown,unknown,silicone_mask,AXON,AXON,train,-1.1222945929756407,1.5997726236074008,-1.3290907854751366,-0.1486838694735611,5.674850326719601,-1.0778120547765857,-0.7904241216485755,-1.0642015356631698,-0.1573961191812276,5.326418432876542,6.31027990438704,77.79595013656669,19.270355786127933,19.756692637917386,181.7885045407684,2.000736595592561,3.163273809192176,24.244864383639985,0.6752188859530559,1.0,0.5855958695586468,1
AXON__axon_a9820df591ed2a,axon_a9820df591ed2a,1,SPOOF,axon_subject_e12c120d,axon_camera,unknown,unknown,silicone_mask,AXON,AXON,train,-0.6947248151269793,1.082056753226556,-0.9103303097235562,-0.1906625087266603,3.65489376991282,-0.5046355698201797,-0.5553049770525942,-0.6208185532294014,-0.1573961191812276,8.452246281042012,0.9259476891678574,0.8735595326059107,29.37505581042458,2.683935599846791,3.482225938817931,2.0996365739566265,0.5321985277142706,0.3301222760387787,0.9651105793163344,1.0,0.10165804447391866,0
AXON__axon_a999d1fd779510,axon_a999d1fd779510,1,SPOOF,axon_subject_b826ff14,axon_camera,unknown,unknown,print_cut,AXON,AXON,train,-1.300590592384509,-0.5277624875299173,-0.5423347983452953,-1.384517952047132,-0.3850193437007398,-0.2155218026801017,-0.6752573674489944,-0.5265360647875491,-0.1573961191812276,2.4394777863376187,82.05340614173866,43.51691208749784,9.414009626067998,345.3688322941174,180.05821035932962,0.9754278097759148,23.69619044059893,23.96262202116298,0.8784641351319722,1.0,0.9359815196506109,1
AXON__axon_a99b9e498eeb40,axon_a99b9e498eeb40,0,REAL,axon_subject_85a847dc,axon_camera,unknown,unknown,real_video,AXON,AXON,train,-0.542441891018296,-0.6195570094266335,-8.924056772708703e-05,-0.7973867648964453,-0.3850193437007398,-0.625958656770795,-0.6345044265404577,-0.7512260243286705,-0.1573961191812276,1.075439458236985,0.3624071478985655,0.1526456396860285,3.334568426657773,1.3235239471472084,0.5185606192999604,0.8087319247839577,0.3270190095132627,0.136348206123592,0.4259447945978689,0.9375,0.6485438785260124,1
AXON__axon_a9cd293dfc8db9,axon_a9cd293dfc8db9,1,SPOOF,axon_subject_05ad3941,axon_camera,unknown,unknown,pc_image_replay,AXON,AXON,train,2.618588236734745,-0.2339193765920485,1.8608827059124,2.392794266466664,-0.3850193437007398,-0.3490553500768871,-0.3670965835038543,-0.4098760818066853,-0.1573961191812276,22.780092725624247,4.700929038907342,107.72552511291636,49.06260443774956,11.032307838232498,359.5532101645153,7.352220533130305,1.899911178646176,51.64193826353078,0.5215328660726397,0.9375,0.396571791892894,0
AXON__axon_a9d33d2979a311,axon_a9d33d2979a311,1,SPOOF,axon_subject_37e2c0b5,axon_camera,unknown,unknown,on_actor,AXON,AXON,train,2.060846828639159,-0.6808877288787984,1.814224098699425,1.5905114829625835,-0.3850193437007398,-0.5935010803027231,-0.7163832559473754,-0.744926522554603,-0.1573961191812276,0.5496064569766894,0.4061906706070117,0.2163469166124833,2.0484699799634782,1.4058594965109703,0.8622135848126993,0.5654518482552303,0.3268981620247696,0.1698021132917781,-0.066704890116458,0.9375,0.6615691650743193,1
AXON__axon_aaf7a68f0cafc3,axon_aaf7a68f0cafc3,1,SPOOF,axon_subject_35ea346f,axon_camera,unknown,unknown,3d_attack,AXON,AXON,train,-0.951338126412263,-0.4677819374899676,-0.3508692289724334,-1.0593200514009804,-0.3850193437007398,0.0667181364195931,-0.528632228734525,-0.2357952786396125,-0.1573961191812276,0.6697097057837771,0.3812472405815097,0.1574028306383416,2.7282822841497025,1.5512572914645375,0.6170952171890789,0.6002577723145277,0.3850168154015762,0.0891946472754054,0.3105989707742845,1.0,0.8046994266117414,1
AXON__axon_ab861d19a814c0,axon_ab861d19a814c0,1,SPOOF,axon_subject_6a1c44de,axon_camera,unknown,unknown,on_actor,AXON,AXON,train,1.1082759082887643,-0.3392490861957599,1.0142230839645303,1.1254389625718042,-0.3850193437007398,0.0486328790947236,-0.6982610903706467,-0.3784747973192633,-0.1573961191812276,1.5054657283090125,173.90529361725416,0.2557754851012782,5.534855969540234,359.822631571075,0.8827837598433581,0.7490153143867638,96.0372314764318,0.206937699780905,0.4473621092014659,1.0,0.8864976139329458,1
AXON__axon_abc0e499b4f052,axon_abc0e499b4f052,1,SPOOF,axon_subject_8960f1f6,axon_camera,unknown,unknown,3d_attack,AXON,AXON,train,0.2032059464499502,-0.6465627807609161,0.4790260584042693,-0.1451066011894659,-0.3850193437007398,-0.5895156991113761,-0.5672190462796682,-0.6996445817325733,-0.1573961191812276,0.8208634188704159,0.773762686309859,0.1322429325799076,3.045098775453475,3.211720386764995,0.5016034963213007,0.6457230577174717,0.4445907086430561,0.1822328464232908,0.0874829979497562,0.9375,0.6177700654163313,1
AXON__axon_abfc444e340bc2,axon_abfc444e340bc2,1,SPOOF,axon_subject_ce664d7c,axon_camera,unknown,unknown,3d_attack,AXON,AXON,train,0.6270969650458013,-0.765113082268494,0.8691466438704099,0.1753153801011527,-0.3850193437007398,-0.8930358889786791,-0.7103890432581316,-0.9005626452642449,-0.1573961191812276,1.2936628993581505,0.488456582765228,0.2045500991756972,5.312962994093285,2.3162804066273,0.8374331165379338,0.5778316229388017,0.3059373755375266,0.1537681531913838,0.6493182336266357,1.0,0.5293998555009453,1
AXON__axon_ac5d454a6c85e6,axon_ac5d454a6c85e6,1,SPOOF,axon_subject_82b4b8d0,axon_camera,unknown,unknown,3d_attack,AXON,AXON,train,0.6051146145320541,-0.58609079288582,0.7404327542330115,0.2750120247582941,-0.3850193437007398,-0.038070221744357,-0.6868625043159176,-0.3785438159468566,-0.1573961191812276,0.5616016484099425,1.0825298548224238,0.0965418742645841,2.4139805978547018,4.716130844029493,0.3538612607746749,0.4892186154531171,0.7487971770659101,0.1079119057548219,0.1218841332675768,1.0,0.8044103535828809,1
AXON__axon_ac9306e7546113,axon_ac9306e7546113,1,SPOOF,axon_subject_8bc4a9a7,axon_camera,unknown,unknown,mobile_image_replay,AXON,AXON,train,3.095509835873629,0.007395404534309,2.2187295660049378,2.926624258567512,-0.3850193437007398,-0.5710498479926004,-0.5834782723283474,-0.5856649438492247,-0.1573961191812276,16.933651047999923,81.79290479896672,127.39088577190353,45.55416425383556,340.8753454460977,359.6854401928176,4.274366140793943,23.19624519353606,36.41725796907868,0.6144234622695802,1.0,0.8015611952396268,1
AXON__axon_acab708286bb39,axon_acab708286bb39,1,SPOOF,axon_subject_79492b1f,axon_camera,unknown,unknown,on_actor,AXON,AXON,train,0.7686734407325972,-0.6630892863014918,0.92617528597758,0.4878431063532723,-0.3850193437007398,-0.5023840721389712,-0.5620715366995465,-0.569265777100321,-0.1573961191812276,1.1142072205231166,121.8838386107028,0.241125028160217,4.0729203022015295,359.7396437098939,0.995202073111217,0.9185196352529834,77.27168139387338,0.1780111967706558,-0.1202048098335995,0.9375,0.7022392911032064,1
AXON__axon_ace1d8e327c387,axon_ace1d8e327c387,1,SPOOF,axon_subject_b3e58f6d,axon_camera,unknown,unknown,cylinder_attack,AXON,AXON,train,1.0104892576725035,-0.5920516642390967,1.035380470276074,0.697814113835022,-0.3850193437007398,-0.8084532156650885,-0.7018476024910653,-0.8551454364529498,-0.1573961191812276,4.843096129774144,143.77992172181385,0.4759032140923381,17.923562216563006,359.9320636075183,1.615291473721344,3.345942329532236,77.25448841646757,0.3912109452273385,0.2809356260885148,0.9375,0.5742238605853603,1
AXON__axon_aedab2d5e2ce38,axon_aedab2d5e2ce38,1,SPOOF,axon_subject_156fb9ce,axon_camera,unknown,unknown,on_actor,AXON,AXON,train,0.8589946588824555,-0.4551613536491487,0.9268744315069536,0.8589800835850794,-0.3850193437007398,-0.3530717495522478,-0.558050845030448,-0.5283085167035748,-0.1573961191812276,3.91884388010839,1.737144764216962,43.06242984962544,17.44750590192446,7.182946238133212,178.28759737595038,1.5322224499987278,0.649010012246229,12.038822477017028,-0.8226261047324329,1.0,0.8386736662230971,1
AXON__axon_afb7cd0f3ebc52,axon_afb7cd0f3ebc52,1,SPOOF,axon_subject_779a595d,axon_camera,unknown,unknown,print_cut,AXON,AXON,train,0.5568803944920842,-0.6516184689005625,0.7499288572154897,0.2040072422629968,-0.3850193437007398,0.3250571378676676,-0.5084642199149425,-0.0550844268144695,-0.1573961191812276,1.4291146754047717,0.4033084840789257,0.5394146211893459,5.898051452008349,1.7757612020233182,2.206907419851073,0.7115924769849398,0.4311866650453737,0.1944075344526153,0.2568264405209113,1.0,0.8195061994821509,1
AXON__axon_b004d919b2d254,axon_b004d919b2d254,1,SPOOF,axon_subject_83ba09d7,axon_camera,unknown,unknown,3d_attack,AXON,AXON,train,0.5936502780625211,-0.5726002322621272,0.7437720349680609,0.4212448958942501,-0.3850193437007398,-0.2706334148392129,-0.7544620569794894,-0.5931634464730174,-0.1573961191812276,2.23691806872015,0.838092261760311,0.3784853522822976,9.554017624777847,2.7761286898528112,1.4141207109199414,1.0458992195410175,0.4440225144438273,0.2026859957700744,0.8798189505689046,1.0,0.7349203038898767,1
AXON__axon_b0ce1d3023e877,axon_b0ce1d3023e877,1,SPOOF,axon_subject_65829595,axon_camera,unknown,unknown,wrapped_3d_paper,AXON,AXON,train,0.194432818140841,-0.5275650261842754,0.3934930135285939,-0.0855764135121413,-0.3850193437007398,0.2386263147543378,-0.6436038809995306,-0.188002130961762,-0.1573961191812276,1.7009849992671762,0.9194125573234784,0.2812940041491652,7.655485261843134,3.2177198922923083,1.2401511424058054,1.747462159877655,0.5270541023122733,0.1971756321490196,0.2962130124610079,0.9375,0.8659959636855223,1
AXON__axon_b1c05f10d34d91,axon_b1c05f10d34d91,1,SPOOF,axon_subject_76dff360,axon_camera,unknown,unknown,silicone_mask,AXON,AXON,train,-0.7524679153266205,1.4281168656125736,-1.3426706019859849,-0.2559143803781308,3.65489376991282,-0.418023926088494,-0.622499087439076,-0.603390315091302,-0.1573961191812276,5.296292571866984,3.3701137336009057,58.51332402863965,19.022862566823896,11.828527358063212,177.39527054514988,1.2681908377882598,1.2780344468887392,12.010749299513543,0.7305154870674202,1.0,0.7454437700355104,1
AXON__axon_b1d356a8aab48a,axon_b1d356a8aab48a,1,SPOOF,axon_subject_35d04a7a,axon_camera,unknown,unknown,print_cut,AXON,AXON,train,0.1844610147596615,-0.6984591542094443,0.5436584695557409,-0.1936956104128744,-0.3850193437007398,-0.7309347223834769,-0.7737867614918613,-0.8527542514080763,-0.1573961191812276,0.453955377811828,0.408814424365637,0.1194679925758776,1.861639375769115,1.543023066803357,0.3223633616821539,0.5143692633662006,0.3619237934654019,0.1187863087855471,0.4389920877827035,0.9375,0.6789942013453446,1
AXON__axon_b257b92db77dd8,axon_b257b92db77dd8,1,SPOOF,axon_subject_879f0489,axon_camera,unknown,unknown,on_actor,AXON,AXON,train,-0.0287830591996734,-0.4497204613570103,0.2717492455151387,-0.0858953371156031,-0.3850193437007398,-0.4464428448454295,-0.7324289301871679,-0.6686495576853501,-0.1573961191812276,3.255964381689064,0.512334369129052,0.448363726152047,14.686602215264148,1.869041928385372,2.051000912546555,1.4248625676040974,0.2815945956355961,0.2507968023704274,0.5030455150556505,1.0,0.5989745493881765,1
AXON__axon_b32f797dbb4a0e,axon_b32f797dbb4a0e,1,SPOOF,axon_subject_08f8c588,axon_camera,unknown,unknown,mobile_video_replay,AXON,AXON,train,0.809680745829739,-0.50692132312362,0.9041237569092516,0.6189355529370818,-0.3850193437007398,-0.2634470899836826,-0.5021563647148687,-0.246104251427759,-0.1573961191812276,1.2816013476792845,0.5488836336867963,0.2027650164456419,4.439500034184934,2.2649836215531707,0.6954525978842316,1.1201919782325374,0.5347654487057393,0.2195049240342796,0.543682700523285,1.0,0.683321213175785,1
AXON__axon_b3380fa6c46904,axon_b3380fa6c46904,1,SPOOF,axon_subject_fc9b48be,axon_camera,unknown,unknown,on_actor,AXON,AXON,train,0.6327876279110362,-0.4995049237163223,0.7357509494006054,0.3807328956843584,-0.3850193437007398,-0.0895980375650145,-0.6865118550075877,-0.4441792526653794,-0.1573961191812276,2.3281765611386414,2.2808468511032176,60.37926403316246,9.479521682509228,9.45131061828272,178.43240364857405,2.0220683277504565,1.682254605484843,38.17098680187535,-0.1148329897793655,0.9375,0.9494572324806101,1
AXON__axon_b47f3c1a47da34,axon_b47f3c1a47da34,1,SPOOF,axon_subject_adf17105,axon_camera,unknown,unknown,print_cut,AXON,AXON,train,0.0229121552542982,-0.7075166927291618,0.455715094268306,-0.3016253984319366,-0.3850193437007398,0.049376877153918,-0.5577846144681637,-0.2586865785173746,-0.1573961191812276,1.1043618779849984,0.2950040143619349,0.1597207325732829,3.8916918550922897,1.0890698466778304,0.501912580781759,0.9668562282569364,0.2482025378714089,0.1250292213406169,0.458920451087938,1.0,0.8051840094061935,1
AXON__axon_b5b5041481342a,axon_b5b5041481342a,1,SPOOF,axon_subject_88de1352,axon_camera,unknown,unknown,wrapped_3d_paper,AXON,AXON,train,1.9238962647378823,-0.4858468393147595,1.6432654258468589,1.661949858222138,-0.3850193437007398,-0.1216723756963154,-0.6275541710169957,-0.4282803188090589,-0.1573961191812276,3.765565545416581,1.8203742473253417,0.532267632979938,11.159030064585204,6.080412707955304,1.838660550785108,3.0093957646959173,1.9108536878601048,0.4537100408266618,0.4211378681352949,0.9375,0.7412233605899641,1
AXON__axon_b60d87c46bd9bc,axon_b60d87c46bd9bc,1,SPOOF,axon_subject_9409b10d,axon_camera,unknown,unknown,pc_video_replay,AXON,AXON,train,-0.4316208941543564,-0.2086295417448901,0.0024221440693698,-0.5798824030831636,-0.3850193437007398,6.500699086043203,1.535489396125424,4.836493338297246,9.117993787917166,9.683602501925028,151.22682955913328,89.51976942759066,23.55524082779862,352.6536211937778,180.417832672333,13.690599370656836,120.8022565358665,119.4823436214355,0.5210242208754865,0.25,0.9999999998501732,1
AXON__axon_b865fa26f96ce3,axon_b865fa26f96ce3,1,SPOOF,axon_subject_071e2cb8,axon_camera,unknown,unknown,pc_video_replay,AXON,AXON,train,0.1385178911178314,0.8714717311091942,-0.9714458466958202,0.8186267773030738,0.6249589347026502,2.820320516123265,0.5624231353199978,1.8811887403356515,0.5051317313258005,15.128683112834162,173.14583835601937,70.45641829501909,50.83477680142224,357.9025897584511,184.64256630130672,9.084998287880266,25.69503532047436,25.017909410493623,0.9222873457460584,1.0,0.9945877260418764,1
AXON__axon_b8d80b564030a0,axon_b8d80b564030a0,1,SPOOF,axon_subject_5c678da5,axon_camera,unknown,unknown,latex_mask,AXON,AXON,train,0.6742276956611598,-0.5900783354171147,0.8505159874672183,0.374723003060535,-0.3850193437007398,-0.4672617881671227,-0.596346275526722,-0.6225645297459536,-0.1573961191812276,4.4461055537602165,86.1493457981815,0.2452788156725658,13.502795196188467,357.6056343853876,0.7139179157779418,1.3702007574106538,24.13964871256949,0.1178626127050953,0.2678286777648559,1.0,0.46573734855543064,1
AXON__axon_b9c24ea3f63add,axon_b9c24ea3f63add,1,SPOOF,axon_subject_39ec463c,axon_camera,unknown,unknown,print_cut,AXON,AXON,train,-1.259787217002999,-0.7081269127050964,-0.4743442055758873,-1.5393535698222152,-0.3850193437007398,-0.6606908706701393,-0.7136351613528367,-0.7557741936433037,-0.1573961191812276,0.4245924426980513,0.4525862092810132,0.1840655146980811,1.5784192988955,1.5355523367619526,0.6149045670455879,0.4012553409325635,0.4549243563119834,0.1287665039381263,0.1587285882619928,0.9375,0.6681992782019869,1
AXON__axon_b9fbc8dc4b5f33,axon_b9fbc8dc4b5f33,1,SPOOF,axon_subject_896dc715,axon_camera,unknown,unknown,mobile_image_replay,AXON,AXON,train,1.9899595313138123,-0.3402951882218708,1.5568064248471631,1.8576020661654755,-0.3850193437007398,-0.5927440799077784,-0.4723315835619224,-0.6187161630592464,-0.1573961191812276,16.5373079006982,3.591359471702656,105.75563002959296,40.8797572367438,15.40233539745728,354.80601708995977,3.844292324320292,1.93519726993766,36.11602141732639,0.6785410993806991,1.0,0.640858494243805,1
AXON__axon_ba280827b5764f,axon_ba280827b5764f,1,SPOOF,axon_subject_5528774a,axon_camera,unknown,unknown,pc_video_replay,AXON,AXON,train,0.3802363087905705,-0.6060746779105,0.6139607712984767,0.0493108656117366,-0.3850193437007398,-0.0433582055803669,-0.3823200045985085,-0.0719095127484688,-0.1573961191812276,1.0156023442813638,0.5151527198446292,0.2266619418181566,4.091483532201595,2.200038386004877,0.8225717319044108,0.7628317182316655,0.583546941250477,0.2708280090214314,0.4268614067535561,0.9375,0.7231551096660364,1
AXON__axon_bb4df5c29dfc2c,axon_bb4df5c29dfc2c,1,SPOOF,axon_subject_136c1aae,axon_camera,unknown,unknown,on_actor,AXON,AXON,train,-0.2206828585261925,-0.6796652037232038,0.2452457164083202,-0.5403471384036173,-0.3850193437007398,-0.4673140178886952,-0.6374679034797149,-0.5795809579131714,-0.1573961191812276,1.6981757567455575,0.4675339717213172,0.3140645938042174,7.227822637623925,2.025633695985704,1.391873360047263,1.3257857718079569,0.2508782779996542,0.2063579376652441,0.0085907857873789,1.0,0.6345233889862892,1
AXON__axon_bbcbc14a3a9861,axon_bbcbc14a3a9861,1,SPOOF,axon_subject_bf803200,axon_camera,unknown,unknown,on_actor,AXON,AXON,train,0.1213075512903549,-0.4446389688212623,0.2713955557264567,-0.127228962339229,-0.3850193437007398,-0.3178238497943388,-0.7375718473703766,-0.616146406009647,-0.1573961191812276,3.4638474628782654,0.6881914743999699,0.4912344301435989,16.32734309488873,3.1353187759974617,2.2425200752632195,2.258684540396008,0.4274961567131943,0.4438517336380748,0.418256450612552,1.0,0.6721448260061008,1
AXON__axon_bbe1dd008213aa,axon_bbe1dd008213aa,1,SPOOF,axon_subject_fe7020a7,axon_camera,unknown,unknown,on_actor,AXON,AXON,train,0.7358864124224047,-0.7463576987422285,0.9216787472249596,0.3081340070876482,-0.3850193437007398,-0.4130226547747032,-0.7764427779930549,-0.6694287865116968,-0.1573961191812276,2.2426417772857383,86.62866857337093,0.3744785817875032,9.666786646862626,358.2771717256624,1.5441410274193874,1.510543014299759,24.011215589809225,0.2638640765638119,-0.2654088515852238,1.0,0.6828481499385696,1
AXON__axon_bc683e4a2049fe,axon_bc683e4a2049fe,1,SPOOF,axon_subject_2161891d,axon_camera,unknown,unknown,on_actor,AXON,AXON,train,-0.8101249610600998,-0.4724145526880365,-0.2642092423467877,-0.8190623077821291,-0.3850193437007398,-0.2424820356687294,-0.4929578044035394,-0.3817671197540372,-0.1573961191812276,0.9438739723911148,0.7072158449283216,0.3811796872481789,3.613032075878276,2.301265460237346,1.3580803696989652,0.6724984038931154,0.317824569886227,0.2467103326592736,0.8129695732830182,1.0,0.7235948689825917,1
AXON__axon_bc7fe50c9752fa,axon_bc7fe50c9752fa,1,SPOOF,axon_subject_9fb2af2c,axon_camera,unknown,unknown,mobile_video_replay,AXON,AXON,train,0.0960639855412845,-0.6433990054085083,0.4528331774716373,-0.2580813203676235,-0.3850193437007398,-1.077198851399895,-0.731859472969988,-1.0364239877920935,-0.1573961191812276,0.4456513184831325,0.2641113231438022,0.1387167905548023,1.87451157113879,0.791484309363284,0.6265878066499518,0.573930110001987,0.1123897719540536,0.1620400513569342,0.5058516838005345,1.0,0.5306794349754802,1
AXON__axon_bfd59699000050,axon_bfd59699000050,1,SPOOF,axon_subject_6a80bcad,axon_camera,unknown,unknown,mobile_image_replay,AXON,AXON,train,1.1915146501817644,-0.4668814273668286,1.1280254869660746,0.8921665673173809,-0.3850193437007398,-0.2045968655392623,-0.3069108347724016,-0.149018292065092,-0.1573961191812276,9.472759232901844,86.11721165082024,59.208190418462365,40.06164224822189,358.48442635769067,181.59334467030567,7.519266693560437,46.91599794331568,24.433914147272425,-0.4634141716207471,1.0,0.8333124209015332,1
AXON__axon_c0bd0ed717543f,axon_c0bd0ed717543f,1,SPOOF,axon_subject_66cff3f5,axon_camera,unknown,unknown,mobile_image_replay,AXON,AXON,train,2.173051337820816,0.1599843575500563,1.4879877488423487,2.188248031739143,-0.3850193437007398,-0.4257824639063164,-0.4048616724433663,-0.5439751365373876,1.8301874323398568,15.831826019651368,2.353565320334074,163.48184039379467,45.2692812636901,8.00988675562752,359.101576770233,7.106576990702329,0.9177522500945068,24.73063801946038,0.8639075400564776,1.0,0.9984149511717423,1
AXON__axon_c11680fa7dc201,axon_c11680fa7dc201,1,SPOOF,axon_subject_dc419da3,axon_camera,unknown,unknown,print_cut,AXON,AXON,train,-0.5611038119695214,-0.6316950175481387,0.015689253894034,-0.7693388929322817,-0.3850193437007398,-0.5826464990210061,-0.7136034748846274,-0.7360279277710599,-0.1573961191812276,0.8702379055172672,0.6160514683904904,0.1630668548196562,4.157232843226989,2.4751055116489624,0.7700950304373069,0.6360163638910068,0.4207688047064103,0.1088464707384024,0.2343197325438572,0.9375,0.6778680252859112,1
AXON__axon_c14b2bb21dad5c,axon_c14b2bb21dad5c,1,SPOOF,axon_subject_4dded56f,axon_camera,unknown,unknown,silicone_mask,AXON,AXON,train,-0.1622610071834793,1.1486758844484375,-0.7747481012373699,0.4300032649658852,0.6249589347026502,-1.00690012542212,-0.7636366436943473,-1.00633326601011,-0.1573961191812276,5.608993176913958,1.6089779261325727,44.73210990322252,24.346119375795457,7.1252115890476375,180.04759911435335,2.977611224236872,1.392737696554233,25.973924860706934,-0.1372200704602235,0.9375,0.6185662688686726,1
AXON__axon_c214c55c4976ad,axon_c214c55c4976ad,1,SPOOF,axon_subject_55edfcc9,axon_camera,unknown,unknown,3d_attack,AXON,AXON,train,0.2884076156193273,-0.619789881999827,0.5819872144016176,0.0313016643761228,-0.3850193437007398,-0.1147761792308708,-0.5135207807673937,-0.4112307701779131,-0.1573961191812276,0.4954526210700122,0.4974575258415235,0.1273147621976521,1.8455230563705065,1.6322086104804896,0.5704021545591675,0.4453963646971564,0.3231918737382083,0.1343383965828483,0.4435454420385358,1.0,0.7644297746728942,1
AXON__axon_c216fb36196c49,axon_c216fb36196c49,1,SPOOF,axon_subject_f791c58f,axon_camera,unknown,unknown,on_actor,AXON,AXON,train,1.7964847415648038,-0.5876766275547899,1.6262007356614934,1.5330632572359482,-0.3850193437007398,-0.5258994574788138,-0.6392525581624893,-0.6025525360711766,-0.1573961191812276,1.1547305926804008,0.2724325432282934,0.1569104904254469,4.175681646236946,1.2130129527390068,0.7272698008452668,0.6732810032959922,0.2427316266830632,0.1661831866881434,0.5965124743481762,0.9375,0.6551742672393865,1
AXON__axon_c23643bdfc7a6c,axon_c23643bdfc7a6c,1,SPOOF,axon_subject_19ba96d5,axon_camera,unknown,unknown,on_actor,AXON,AXON,train,1.642236953262498,-0.6767582435510512,1.5114113697258178,1.1924139431305822,-0.3850193437007398,-0.3660846634738448,-0.6061259399732749,-0.5491964504915117,-0.1573961191812276,0.8183427209138675,0.3698096354605393,0.1677984636769304,2.912626346365608,1.305907059522866,0.6344630743506975,0.6342921978302039,0.4152528021144311,0.1711939335195084,0.2073846871825428,1.0,0.6832900386811721,1
AXON__axon_c23a0cebf1d8de,axon_c23a0cebf1d8de,1,SPOOF,axon_subject_3efe919c,axon_camera,unknown,unknown,silicone_mask,AXON,AXON,train,0.5210557265371114,-0.6416667968851697,0.7014857072380317,0.1995325854124994,-0.3850193437007398,-1.0614979800351716,-0.7832171093886287,-1.044136195580028,-0.1573961191812276,9.875327476038928,1.5415439458898104,59.59233064199287,32.815901161331375,7.238118899358767,180.86284222313745,6.864801637963741,0.9214530409987975,12.455922727297471,0.6181965282030193,1.0,0.806441407698405,1
AXON__axon_c25e35eb3d0e4a,axon_c25e35eb3d0e4a,1,SPOOF,axon_subject_d2f65cd9,axon_camera,unknown,unknown,silicone_mask,AXON,AXON,train,-1.2241864013410326,2.5380788515873,-2.190594805281484,0.2045022649348228,5.674850326719601,0.0978977375484268,-0.7698562799131671,-0.4075476465017136,-0.1573961191812276,6.714963655740415,0.909922733052776,77.22047189695468,22.835742912429986,3.106305758406279,359.34792991252,3.093570023577032,0.8868398064966375,48.29147284407188,0.3539746633622844,1.0,0.8947717495940195,1
AXON__axon_c38e96a4b60a44,axon_c38e96a4b60a44,1,SPOOF,axon_subject_ff8e94fb,axon_camera,unknown,unknown,on_actor,AXON,AXON,train,0.1756768183520106,-0.7308100380986735,0.5574317861943654,-0.2053191727567016,-0.3850193437007398,-0.6129936200939726,-0.7579090737055728,-0.7913724984401567,-0.1573961191812276,2.0614626610559514,0.3885181873687728,0.3073747926125179,10.136781272399016,1.4564360936376488,1.3850488853673917,1.6097869357999093,0.1929766467693847,0.2474760795639415,-0.4915873900046861,1.0,0.5881457635874109,1
AXON__axon_c3ac901b150362,axon_c3ac901b150362,1,SPOOF,axon_subject_5df69e0a,axon_camera,unknown,unknown,mobile_image_replay,AXON,AXON,train,1.1652146344268848,-0.4671269973412787,1.050416216181603,0.9028507639913004,-0.3850193437007398,-0.1486603763850196,-0.3565697821106165,-0.3026547917586266,-0.1573961191812276,12.65726829489916,84.47949187193969,42.90343287884157,52.94699051021625,353.0774234400209,179.0858083284081,7.900880664295363,47.47645059250082,24.05177818210433,0.3895907860293781,1.0,0.66285352514001,1
AXON__axon_c3d1bc594aa47b,axon_c3d1bc594aa47b,1,SPOOF,axon_subject_c115b0fb,axon_camera,unknown,unknown,advanced_paper,AXON,AXON,train,-0.1854719166353594,-0.6957045349255355,0.2657956545431115,-0.5114515337150031,-0.3850193437007398,0.4189693727444844,-0.5451479010779396,-0.1243121796321467,-0.1573961191812276,1.887411568529836,0.6738495377107636,0.1100938755752386,6.178373724317944,2.146302339124248,0.3831249844607227,0.819710476525672,0.3895157094188813,0.1037670297080717,0.8633202446904871,0.9375,0.8701978424063758,1
AXON__axon_c439f70c151aa9,axon_c439f70c151aa9,1,SPOOF,axon_subject_861451ad,axon_camera,unknown,unknown,on_actor,AXON,AXON,train,1.0038019125335849,-0.4889619102658663,1.0049043872887569,0.7742441810004455,-0.3850193437007398,-0.3057370768217242,-0.6655753315801672,-0.5027500181335531,-0.1573961191812276,1.8890081899500355,0.3781186983318981,0.1870083236744317,7.33733653223746,1.3651601578376074,0.7022886373860855,1.8815952463042032,0.3912717121443866,0.1891020438852496,0.2051461986877421,1.0,0.7188845366821086,1
AXON__axon_c4664e11311824,axon_c4664e11311824,1,SPOOF,axon_subject_c5dc53d9,axon_camera,unknown,unknown,3d_attack,AXON,AXON,train,-0.951338126412263,-0.4677819374899676,-0.3508692289724334,-1.0593200514009804,-0.3850193437007398,0.0667181364195931,-0.528632228734525,-0.2357952786396125,-0.1573961191812276,0.9497956463582464,0.3026918389504319,0.1241114265082599,4.000176507009453,1.2988287987929257,0.5263207388073247,0.657548757764403,0.3595875797882949,0.0999076347721675,0.5034214132303467,1.0,0.8004334366341443,1
AXON__axon_c48fca2063fc73,axon_c48fca2063fc73,1,SPOOF,axon_subject_21f0e9d0,axon_camera,unknown,unknown,silicone_mask,AXON,AXON,train,-0.4940150860636998,-0.5312494694597666,-0.0521999103751274,-0.7132615779762254,-0.3850193437007398,0.0434457184554202,-0.3809092716503768,-0.3023913158866234,-0.1573961191812276,1.3349331162300793,1.2841824760595928,0.209355687588891,5.604878602151368,5.718400913575863,0.6933336853461949,1.2417068393257855,0.5864452164892441,0.1819608954844765,0.6284199374743754,1.0,0.7751504511096201,1
AXON__axon_c5b670c71344f6,axon_c5b670c71344f6,1,SPOOF,axon_subject_2b88c07c,axon_camera,unknown,unknown,on_actor,AXON,AXON,train,0.1383551900692679,-0.5584137907487432,0.4422722623740269,-0.0847133233107984,-0.3850193437007398,-0.3848349131398336,-0.7127400400357048,-0.6303815283822647,-0.1573961191812276,5.057817709066831,0.6329146088803617,43.205815197099135,23.775706586257503,2.138205490892944,179.3469531700949,2.1838238648390544,0.242183709836983,12.08679765704734,0.9087761436468258,1.0,0.8920225262140236,1
AXON__axon_c74d3c1fa00750,axon_c74d3c1fa00750,1,SPOOF,axon_subject_302de606,axon_camera,unknown,unknown,mobile_video_replay,AXON,AXON,train,-0.4569679466247922,-0.0656601548154798,-0.5335387765794628,-0.4021411085233299,-0.3850193437007398,0.5157911557186098,0.6129109835387424,1.128334767807364,-0.1573961191812276,2.2542330930070804,1.400236712902688,0.8626078729738039,9.915014879403865,4.988066735382461,3.57318328329723,1.6788881412701029,0.8287026236906475,0.4510142497553022,0.5150736000568941,1.0,0.46964738124419275,1
AXON__axon_c812ebddb7dcba,axon_c812ebddb7dcba,1,SPOOF,axon_subject_2fe9b089,axon_camera,unknown,unknown,on_actor,AXON,AXON,train,-0.5240046524674679,1.2985338163563651,-1.6989495309174254,-0.3838856757415442,1.6349372131060402,-0.7734225540845642,-0.6916234389838883,-0.8185813882051823,-0.1573961191812276,1.6269716306637605,0.6562475963566695,0.2654285641589659,7.357229752777472,2.4917007412259125,0.898442426795695,1.22655968567276,0.5275206186965155,0.2000642913006981,-0.2743535048054839,1.0,0.38398193224369226,0
AXON__axon_c82f65cd8b730f,axon_c82f65cd8b730f,1,SPOOF,axon_subject_a3d4cd6e,axon_camera,unknown,unknown,on_actor,AXON,AXON,train,0.4213520812534213,-0.6033037214277603,0.6492859600023706,0.0895607648826678,-0.3850193437007398,-0.3948911179497061,-0.7153204853807088,-0.6364459164364085,-0.1573961191812276,1.3727197453517563,0.857765082909387,0.3768521119712336,5.386211938157861,3.5026583063980183,1.654483663801718,1.2305037073773029,0.3112573866895692,0.1938313813647861,0.5390578855750794,1.0,0.7337613049941751,1
AXON__axon_c884c8a2004403,axon_c884c8a2004403,1,SPOOF,axon_subject_1c80a042,axon_camera,unknown,unknown,on_actor,AXON,AXON,train,-0.0237348994547865,-0.6551079456277256,0.3685782814090297,-0.3269749617061365,-0.3850193437007398,-0.2999806783308512,-0.7869075632944168,-0.630735690105338,-0.1573961191812276,0.9512042014777586,0.6731927465257753,0.1448069896904187,3.644581776565511,2.082511008079252,0.5077947125297158,1.021801626148582,0.3794106192282034,0.1327074366826117,0.1358518524846821,1.0,0.7774573721872143,1
AXON__axon_c9fe564afe194e,axon_c9fe564afe194e,1,SPOOF,axon_subject_0b030b2f,axon_camera,unknown,unknown,mobile_image_replay,AXON,AXON,train,1.877562990622456,-0.359191304381712,1.461133898421026,1.5079327939654106,-0.3850193437007398,1.2172261790242196,0.2985797630396095,1.0519263997485395,3.817770983860941,12.931217204768949,116.02426298992503,65.65698495896024,44.98661976204369,345.3558708363785,359.51116901680564,6.661004142777975,49.67670512992311,51.91065966392029,0.2361320888196119,0.9375,0.9994974483673766,1
AXON__axon_cb7d00be5e80fd,axon_cb7d00be5e80fd,1,SPOOF,axon_subject_d007b09d,axon_camera,unknown,unknown,silicone_mask,AXON,AXON,train,1.709936638207824,0.0392970852727767,0.9568209154985196,1.9055818954721595,-0.3850193437007398,-0.8227568317884588,-0.7174757753975389,-0.8476516507106725,-0.1573961191812276,1.7780355033913584,1.0511000535454365,0.7797320162110025,7.0340940758531545,4.21675837008101,3.5807594603308246,0.866765724278185,0.8711127564917527,0.7309742277694775,0.4021989286595956,0.9375,0.5305184024433091,1
AXON__axon_cbeddf907de39b,axon_cbeddf907de39b,1,SPOOF,axon_subject_04987ae2,axon_camera,unknown,unknown,on_actor,AXON,AXON,train,-0.0962065950863828,-0.5436950265128824,0.2112102790396626,-0.3310247283626157,-0.3850193437007398,-0.5085748367953277,-0.732897579474913,-0.6720503988264718,-0.1573961191812276,1.854135663283588,0.7843596354866664,0.2205265548253253,7.972645380680694,2.8603154395510444,0.823118228527135,1.7068543985064095,0.627420046621584,0.2682611868581546,0.2485595682486083,1.0,0.6779513689838674,1
AXON__axon_ccb2ef467b6922,axon_ccb2ef467b6922,1,SPOOF,axon_subject_0cf74189,axon_camera,unknown,unknown,on_actor,AXON,AXON,train,0.0075164301827396,-0.5541685021426732,0.2998007756441677,-0.1791546393754211,-0.3850193437007398,-0.4939482007799952,-0.6673610888663962,-0.6551102209834968,-0.1573961191812276,1.5157797011266043,0.3153455061765968,0.3594050709048467,6.062178416401375,1.2973992226649216,1.430606729301513,1.8748645535912616,0.4045003252381605,0.5070638498352695,-0.0980467682332655,1.0,0.6777791817633094,1
AXON__axon_ccf1cf901a9eec,axon_ccf1cf901a9eec,1,SPOOF,axon_subject_c853bd95,axon_camera,unknown,unknown,silicone_mask,AXON,AXON,train,-2.1346061286099967,1.7480487795464672,-2.250637342874988,-0.8807937338140057,6.6848286051229895,-0.712147559306672,-0.7466217542557644,-0.8332918200770858,-0.1573961191812276,11.155383461314694,2.095418592366233,82.83556166320903,29.28776984264629,6.548521404251261,177.4097658111132,2.431046573503324,1.0970503618523253,12.865766014696428,0.8383628704436309,0.9375,0.39711315528217206,0
AXON__axon_cd324a17ec22da,axon_cd324a17ec22da,1,SPOOF,axon_subject_9c04ab5f,axon_camera,unknown,unknown,silicone_mask,AXON,AXON,train,0.319121589072652,-0.570667471823339,0.5258209016839961,0.0164776038479563,-0.3850193437007398,-1.1078010882173148,-0.8119237904236428,-1.088525382888658,-0.1573961191812276,5.943870645921464,1.1461560992204352,83.49893781390507,25.02253946371622,3.3922652274807774,181.80244391816584,3.6510144917506246,0.5738334872390586,84.31388347317447,-0.1441005178176405,1.0,0.5474000964129329,1
AXON__axon_cdf555457226cb,axon_cdf555457226cb,1,SPOOF,axon_subject_68e3bdc3,axon_camera,unknown,unknown,mobile_video_replay,AXON,AXON,train,-0.5804613629140953,2.185670485402336,-1.862399032708853,0.3629745332379842,2.64491549150943,-0.3181385503952066,-0.1269092150800455,-0.0954403608967341,-0.1573961191812276,0.7194563311521374,85.96954045592403,0.332254919085446,3.093387464470064,356.776096865712,1.1456884869279549,1.0312459056343874,24.11855746291001,0.1991433817755449,0.0386093300007327,1.0,0.36765101377736464,0
AXON__axon_ce4b28e75d0239,axon_ce4b28e75d0239,1,SPOOF,axon_subject_54442865,axon_camera,unknown,unknown,silicone_mask,AXON,AXON,train,1.5812710994699664,-0.0239008224081679,0.9853627457578912,1.531124119820357,-0.3850193437007398,-1.238332487195554,-0.7692193551399443,-1.1324403410160255,-0.1573961191812276,0.6759355031934287,1.7825882213309865,1.4890841945494435,2.0944524242338645,6.999566072842413,6.508032616479454,0.5548387626991361,1.534669102347478,1.1192991804178538,-0.0466330556859728,1.0,0.4245195731289617,1
AXON__axon_ce98bced3d2982,axon_ce98bced3d2982,1,SPOOF,axon_subject_2e1728cb,axon_camera,unknown,unknown,latex_mask,AXON,AXON,train,-0.6520725138840716,-0.5169035657150589,-0.1395794405126687,-0.8323183699195997,-0.3850193437007398,0.3348920825912158,-0.6028832367378131,-0.165976302763345,-0.1573961191812276,3.8850681825044457,3.98929235956514,59.23334899737718,18.08080304790876,16.890693084153753,180.50137371475503,2.4372350585201463,2.400909718497557,12.142244089192564,0.6792994213388002,1.0,0.9803513424561483,1
AXON__axon_cf16fa8a5dc75a,axon_cf16fa8a5dc75a,1,SPOOF,axon_subject_24cc5bc3,axon_camera,unknown,unknown,advanced_paper,AXON,AXON,train,0.421039407469617,-0.631694570718769,0.7001027614505392,0.1757249128182786,-0.3850193437007398,-0.325508230222671,-0.7008032764462648,-0.6036040659026842,-0.1573961191812276,1.7430616634559577,0.4770793903872145,0.1011132706572077,7.4107662838346595,1.5356072208963667,0.3344449618489107,1.0624561969317765,0.2840152941314277,0.1241216583724909,0.508804413938436,0.9375,0.7309281540461932,1
AXON__axon_cf58f9e02cd871,axon_cf58f9e02cd871,1,SPOOF,axon_subject_30bf32d4,axon_camera,unknown,unknown,pc_video_replay,AXON,AXON,train,-0.6136651051343842,0.1445312850987072,-0.5220698705534473,-0.5346848366734546,-0.3850193437007398,6.021220545349629,0.6878760289753021,3.8058658042422966,1.8301874323398568,5.073663991005582,96.02356668327552,2.648626814433864,15.080913081346692,352.4307954097018,10.12596394245135,6.367963781988004,35.726396866051374,3.3405996925525496,-0.4006053265915016,0.75,0.9999907181298685,1
AXON__axon_cf766848817a97,axon_cf766848817a97,1,SPOOF,axon_subject_f9b5ec53,axon_camera,unknown,unknown,print_cut,AXON,AXON,train,-0.3091601314589973,-0.6951947584683396,0.2062777100184552,-0.6376910176008701,-0.3850193437007398,-0.5143565788219849,-0.6146553377414448,-0.6266199523154409,-0.1573961191812276,0.9563925266660412,0.3524366948440379,0.1519875708649335,4.82041500009456,1.3585748913400837,0.6734517748500908,0.701259829204385,0.262810308821139,0.1356971982153053,-0.2843619672435593,1.0,0.6090613991417889,1
AXON__axon_d0018a15567bd9,axon_d0018a15567bd9,1,SPOOF,axon_subject_c5d7c753,axon_camera,unknown,unknown,print_cut,AXON,AXON,train,-1.2623104667680516,-0.6329624304375014,-0.4876846732826486,-1.518946298569881,-0.3850193437007398,-0.5768599637604072,-0.7566636402840797,-0.761185765295714,-0.1573961191812276,0.5176292514609243,0.4722319575295589,0.2402044425050504,1.972720945367916,1.562629741180217,0.7080758693411111,0.4800486419461013,0.5605373167362605,0.1234236614707132,0.178542874544078,1.0,0.6949616135207718,1
AXON__axon_d065c4c05140c8,axon_d065c4c05140c8,1,SPOOF,axon_subject_300e0a28,axon_camera,unknown,unknown,on_actor,AXON,AXON,train,-0.2137099564448972,-0.6146845771822499,0.1728426096032855,-0.530183560196344,-0.3850193437007398,-0.5309173673747934,-0.6942508573770342,-0.657694402561085,-0.1573961191812276,1.008660411085177,0.3035847085607654,0.2215637405579709,4.280503996171216,0.9674623656496236,0.9254029391327336,0.8074694837920685,0.3287691043967868,0.1990365540563649,0.6454569896530314,1.0,0.6874562353808071,1
AXON__axon_d10afd0233dd87,axon_d10afd0233dd87,1,SPOOF,axon_subject_f8f97359,axon_camera,unknown,unknown,3d_attack,AXON,AXON,train,-1.091778738486213,-0.4465127105474645,-0.4531052273342562,-1.135804637609371,-0.3850193437007398,-0.0652876365265509,-0.6438639027268276,-0.3929246443110603,-0.1573961191812276,1.2018662350278544,121.87238791688466,0.4481459014106963,4.040940235341076,359.4932539663117,1.588365218129688,0.6803009754226823,26.049384483662752,0.2008001350280852,0.6759075671714428,0.9375,0.8489334864502612,1
AXON__axon_d1b65de67a996a,axon_d1b65de67a996a,1,SPOOF,axon_subject_a87e6b6d,axon_camera,unknown,unknown,on_actor,AXON,AXON,train,0.6394489630183816,-0.5076158076715304,0.7113658162767931,0.3965224295931494,-0.3850193437007398,-0.4259036721209364,-0.6152566741148159,-0.6032346884327868,-0.1573961191812276,2.04120310996681,0.2989570376974935,0.3806630084266282,8.720304595889463,1.222434537591596,1.7411476121880067,0.9985591117686384,0.4140020559857911,0.2051528524341596,0.7611882302973468,1.0,0.6405910665834079,1
AXON__axon_d29a899c1df618,axon_d29a899c1df618,1,SPOOF,axon_subject_ad1b94c4,axon_camera,unknown,unknown,silicone_mask,AXON,AXON,train,0.5252383609760345,-0.4049047415891503,0.4846768609751921,0.2798706185310971,-0.3850193437007398,-1.1277022925230846,-0.7989631645207509,-1.0921158426666997,-0.1573961191812276,17.806269774322207,0.8864203916470288,162.5107775371645,43.25786633537183,3.88346709075114,355.6404095223379,4.055815819452365,0.9135899559795576,35.6295531470068,0.7973057813745222,1.0,0.8459930989874163,1
AXON__axon_d2f3d9665d7b7b,axon_d2f3d9665d7b7b,1,SPOOF,axon_subject_cd09532e,axon_camera,unknown,unknown,print_cut,AXON,AXON,train,-0.0187913332411189,-0.5958490250198982,0.3218197427954427,-0.2478261092148933,-0.3850193437007398,0.0750433777354067,-0.5994938337184532,-0.3063558700160785,-0.1573961191812276,1.380746569899637,0.6808951419416354,0.2788679112821106,6.353059387388623,3.064316971318988,1.2172789324810385,0.8117487576049788,0.3818662122842776,0.1757991133590948,0.1310990660192852,1.0,0.7882010785145873,1
AXON__axon_d35bbef69e2887,axon_d35bbef69e2887,1,SPOOF,axon_subject_1bf6c82b,axon_camera,unknown,unknown,cylinder_attack,AXON,AXON,train,0.9420684861071834,-0.5785836312627949,0.9727852374524298,0.6256974500127279,-0.3850193437007398,-0.8792489504174479,-0.6763298045294422,-0.8811915084141976,-0.1573961191812276,6.152615468746923,0.9145572635063088,0.7891832428389756,25.95332104226388,4.336020740111053,3.393408091060416,3.268218200760059,0.8614912561189291,0.4738525568834997,0.6428553049915685,1.0,0.3228489574829715,0
AXON__axon_d38598a39edb7a,axon_d38598a39edb7a,0,REAL,axon_subject_905cc7f5,axon_camera,unknown,unknown,real_video,AXON,AXON,train,0.3984909237154601,-0.7156847615347509,0.702330819981782,0.0401148084486733,-0.3850193437007398,0.2503116681579883,0.1759234999406207,0.2645190486207854,-0.1573961191812276,2.667393339659295,0.9267045310180066,0.275509898359523,11.565775852775422,3.712545928377154,1.0824956602739193,1.4446630208584152,0.6170491735781051,0.2047692278588917,-0.36416231035074,1.0,0.48950582434859186,1
AXON__axon_d43aba9f10852f,axon_d43aba9f10852f,1,SPOOF,axon_subject_6f0cf5f6,axon_camera,unknown,unknown,latex_mask,AXON,AXON,train,-0.6155815463968862,-0.1597046301498249,-0.3608513279238039,-0.4845334601342107,-0.3850193437007398,0.227212467751436,0.1069394894762887,0.0662673621310456,-0.1573961191812276,3.966284206801973,1.774091830725078,44.24265903531107,12.466046080037032,7.415632599655396,183.35514461400712,1.843037621447601,1.4506026335670337,12.46835050304412,-0.307512518838566,1.0,0.8642365494812652,1
AXON__axon_d4ffc4f33ed0f0,axon_d4ffc4f33ed0f0,1,SPOOF,axon_subject_14258529,axon_camera,unknown,unknown,on_actor,AXON,AXON,train,1.0637622295735998,-0.4344293273164093,0.8803703998312543,0.8664223168870507,-0.3850193437007398,-0.2021556219075307,-0.6887467572757937,-0.4992451621471427,-0.1573961191812276,1.073313436037187,0.8185640328716913,0.3132714102736196,4.792058047865088,2.653681016480249,0.9803716150125688,1.138315137143959,0.5195552589510442,0.3928507408510915,0.5002949718286782,1.0,0.7807203939560049,1
AXON__axon_d51718a5debe97,axon_d51718a5debe97,1,SPOOF,axon_subject_57d68972,axon_camera,unknown,unknown,on_actor,AXON,AXON,train,0.1929175954504769,-0.6717661541250308,0.5053727663243599,-0.1559310628190012,-0.3850193437007398,-0.2662131716305956,-0.6562603663177203,-0.5498414764308716,-0.1573961191812276,0.8799273128388394,0.2791631204662853,0.1366219105358654,3.204220149283746,1.0387864948666277,0.5024017802018079,0.8406725730439024,0.3238084586539916,0.1796561731859281,0.1368031041502853,0.9375,0.7591547743833682,1
AXON__axon_d682f196af1581,axon_d682f196af1581,1,SPOOF,axon_subject_932bca4c,axon_camera,unknown,unknown,on_actor,AXON,AXON,train,1.274254220830531,-0.5728478688224123,1.2405171792374967,0.969468427254386,-0.3850193437007398,-0.2614265490459681,-0.7605586726264651,-0.5810162897425661,-0.1573961191812276,1.118568746344099,0.301443263424464,0.1754365838881386,4.884885929376432,1.0727182153474928,0.6449903229667147,0.9877540016366112,0.2500834504501502,0.1374361333508927,0.3120704351697649,1.0,0.7688074669823945,1
AXON__axon_d7a4c79e189e1c,axon_d7a4c79e189e1c,1,SPOOF,axon_subject_5fcba352,axon_camera,unknown,unknown,advanced_paper,AXON,AXON,train,0.1326296626936265,-0.670747048040008,0.4809962415234463,-0.2000044619201996,-0.3850193437007398,0.094726820464683,-0.5679784938474476,-0.2670717940030788,-0.1573961191812276,1.230308718797366,0.6650337246802261,0.4320842164476242,4.058995447969774,2.247938282494232,1.4585218186085511,0.6441789071536107,0.2960179825331446,0.2079396527881979,0.8899011864145137,1.0,0.8192596130220653,1
AXON__axon_d7b3e9997ae2de,axon_d7b3e9997ae2de,1,SPOOF,axon_subject_5bd60454,axon_camera,unknown,unknown,print_cut,AXON,AXON,train,-0.2753908094032256,-0.6966072698865782,0.2229161010828589,-0.5828238718239209,-0.3850193437007398,-0.156291535388205,-0.5501875267977194,-0.4182333611812208,-0.1573961191812276,2.1966845834215496,0.5673683043743109,0.3470536853425562,8.9563639259283,2.499386244326331,1.4556659681551276,1.2629036188905378,0.265432092417268,0.1886266011811468,0.5974593785126561,1.0,0.7103510693821687,1
AXON__axon_d836abce754c78,axon_d836abce754c78,1,SPOOF,axon_subject_c94bc6a9,axon_camera,unknown,unknown,on_actor,AXON,AXON,train,0.2276548227237237,-0.6750518952774859,0.5531575667374881,-0.0798624082764414,-0.3850193437007398,-0.4470374262327832,-0.7742580120673684,-0.6954223337149085,-0.1573961191812276,2.396914931235563,0.6615255002023298,0.3750823452513901,11.973956401393076,3.054910698572684,1.6406007691141866,1.302291252272146,0.3984852012099073,0.2239391366535909,-0.4626396630152604,1.0,0.6085793715731919,1
AXON__axon_d8adc896b5d8f9,axon_d8adc896b5d8f9,0,REAL,axon_subject_83d8f749,axon_camera,unknown,unknown,real_video,AXON,AXON,train,-0.2806044372213115,-0.5411095228364731,0.01370147985415,-0.5080370546859655,-0.3850193437007398,-0.6037464801166886,-0.5635289215491833,-0.7124528322310306,-0.1573961191812276,7.092090452187943,0.8787557755630993,0.2617364198867123,20.540936699199275,3.896300058253672,0.9495539068025252,1.784726839104467,0.7244078613785722,0.1485649200825935,0.9673227122311404,0.9375,0.28848184738724,0
AXON__axon_dd5c9678481443,axon_dd5c9678481443,1,SPOOF,axon_subject_7a33c1f6,axon_camera,unknown,unknown,3d_attack,AXON,AXON,train,-0.0427521063692018,-0.6055802239771075,0.359023042990984,-0.3435579652543591,-0.3850193437007398,-0.3479354963630848,-0.6361596377186433,-0.5885940968388051,-0.1573961191812276,6.075552121775281,133.16331019153682,43.16927652252982,25.94740508565604,349.0183122396194,179.00188412379842,3.9034925969421246,24.787206933896226,23.92603973284532,0.6199093041372964,1.0,0.8932702634433257,1
AXON__axon_dd96594c233140,axon_dd96594c233140,1,SPOOF,axon_subject_ed8e61c5,axon_camera,unknown,unknown,on_actor,AXON,AXON,train,1.2848320026068711,-0.5450480258444396,1.172556715598236,0.960052758171764,-0.3850193437007398,-0.0401573170108263,-0.6316009397930398,-0.3823884699913392,-0.1573961191812276,1.8471749137607825,1.804327104176437,0.5269663232810354,8.92914472800259,7.849401931011585,2.232536826290352,1.849495586447456,0.7607813890030077,0.2670967816696591,-0.6696633368355579,1.0,0.7450262506194871,1
AXON__axon_dde246e23665fc,axon_dde246e23665fc,1,SPOOF,axon_subject_d64f2b3c,axon_camera,unknown,unknown,cylinder_attack,AXON,AXON,train,1.200129504681727,-0.200839592984494,1.011862532115623,1.0851199546548582,-0.3850193437007398,-0.6973730492695032,-0.7253579556427625,-0.7839911266354146,3.817770983860941,22.79352870395688,0.9674888257313368,0.4698867687421661,74.1440798490417,3.006545776151484,1.9610859843305943,5.5379558632697785,1.2578109862021052,0.5067190143397852,0.726269980677654,1.0,0.5910291601182751,1
AXON__axon_defa3c46b14599,axon_defa3c46b14599,1,SPOOF,axon_subject_4d7ac4cc,axon_camera,unknown,unknown,on_actor,AXON,AXON,train,0.4349248904951554,-0.4277230514849626,0.4869599379180075,0.2824895802571175,-0.3850193437007398,-0.3726942576063562,-0.3788160806883035,-0.434482622392415,-0.1573961191812276,4.819346054705044,86.12584203011532,0.5476843470458812,20.71720200966852,356.5791599672794,2.494287463223829,1.9118865585558245,24.102873412125486,0.3511587070891726,-0.9171100248768784,1.0,0.33602147438306,0
AXON__axon_df0224791e8bad,axon_df0224791e8bad,1,SPOOF,axon_subject_da4a2c51,axon_camera,unknown,unknown,silicone_mask,AXON,AXON,train,-0.4504399821048746,0.7264601105454107,-1.2248840425817735,-0.3119891357547051,1.6349372131060402,-0.8282160497749409,-0.6402694154649164,-0.7576305147558225,-0.1573961191812276,2.599926840287881,3.834629417477269,59.09139900406878,9.469678650769229,13.781463272907502,180.64336209707216,1.948707782833148,1.5299660343740868,12.146426176788482,0.7164264714451787,1.0,0.8755148341261241,1
AXON__axon_df7c308bb0d4b6,axon_df7c308bb0d4b6,1,SPOOF,axon_subject_d305000d,axon_camera,unknown,unknown,pc_video_replay,AXON,AXON,train,-0.6837745918347101,-0.2566947536325855,-0.3481828708155386,-0.6462563943795594,-0.3850193437007398,5.209633259625994,1.829704248184245,4.426936558706482,4.480298834367969,10.246211685367584,167.36452662664303,67.16827051089625,33.36835897931857,357.8300959103484,182.7660801260224,7.817676644034184,72.65650883456786,38.27311247672306,0.8209711074050655,0.375,0.9999988956919799,1
AXON__axon_e01e7b44897492,axon_e01e7b44897492,1,SPOOF,axon_subject_c44fe441,axon_camera,unknown,unknown,mobile_image_replay,AXON,AXON,train,2.3194468636126846,-0.8450861467253262,2.0629215414548585,1.6914996914263614,-0.3850193437007398,-0.5174512449198041,-0.2600182017479454,-0.440562834823256,9.780521638424194,0.0,0.0,0.0,0.0,0.0,0.0,0.0,0.0,0.0,0.0,0.0,0.9999994650380906,1
AXON__axon_e1170641314a56,axon_e1170641314a56,1,SPOOF,axon_subject_0c5102e8,axon_camera,unknown,unknown,3d_attack,AXON,AXON,train,-1.091778738486213,-0.4465127105474645,-0.4531052273342562,-1.135804637609371,-0.3850193437007398,-0.0652876365265509,-0.6438639027268276,-0.3929246443110603,-0.1573961191812276,1.1506026525824602,140.0757031024365,0.4310701071961592,3.5408140122660323,359.7205962973138,1.585466059707251,0.6432278195342461,24.29249212293782,0.20093853589777,0.7856768124038593,1.0,0.8524657934887768,1
AXON__axon_e15e42afd6b823,axon_e15e42afd6b823,1,SPOOF,axon_subject_900b8c6a,axon_camera,unknown,unknown,3d_attack,AXON,AXON,train,0.0696095698117477,-0.7611912608903306,0.5001497599740338,-0.3113349072390964,-0.3850193437007398,-0.2613457802993169,-0.4994243702717446,-0.4476347487690928,-0.1573961191812276,1.085012977357822,0.5867651700359517,0.2673764322389033,4.06453913219652,2.4900022616699005,0.8276744901966815,0.8585047579751722,0.495001998921893,0.2146619464974605,0.4410442640443184,0.9375,0.7180239611375507,1
AXON__axon_e1776488d1efe2,axon_e1776488d1efe2,1,SPOOF,axon_subject_4f4c3a42,axon_camera,unknown,unknown,print_cut,AXON,AXON,train,0.2761983961179353,-0.6055480894982673,0.5105224147925892,-0.0722430520743132,-0.3850193437007398,-0.329191196918541,-0.5366889414722079,-0.4403947921153325,-0.1573961191812276,0.7834468521593002,0.7469903840089025,0.1655373239987483,3.155150834176342,3.1993853750621497,0.7155706040403156,0.706394845098871,0.4402160192296435,0.1153319106613133,0.4309062059412057,1.0,0.6925269182737461,1
AXON__axon_e198d1450674c9,axon_e198d1450674c9,1,SPOOF,axon_subject_a7235912,axon_camera,unknown,unknown,on_actor,AXON,AXON,train,0.2197510935550682,-0.5994140903821086,0.4857697437084741,-0.067258526990994,-0.3850193437007398,-0.3087007278584678,-0.7641437021199083,-0.6177731519340866,-0.1573961191812276,1.131200609831445,0.5699953004959497,0.3314114233218981,4.6999854801417325,2.321650033335004,1.243915073688956,0.9012036065553028,0.4036069749000565,0.1596308125785898,0.6068144696413622,1.0,0.7733705043073871,1
AXON__axon_e2bf2e069d12e4,axon_e2bf2e069d12e4,1,SPOOF,axon_subject_077ea621,axon_camera,unknown,unknown,on_actor,AXON,AXON,train,0.8222098333789871,-0.5768183573660954,0.9223812612285108,0.5453542977351659,-0.3850193437007398,-0.2715952571168651,-0.7657331692290039,-0.5925582857903364,-0.1573961191812276,0.9176797105359246,0.9726615548847284,0.3489400711129077,4.243089758180956,4.14677557958197,1.3810214169902562,0.937097436019551,0.7223353104150608,0.1895852525566392,0.3755411014930903,1.0,0.7828518464954008,1
AXON__axon_e3106b62013d35,axon_e3106b62013d35,1,SPOOF,axon_subject_9d50e647,axon_camera,unknown,unknown,3d_attack,AXON,AXON,train,0.3170750976522845,-0.6930597705039653,0.6381763578886671,-0.0360823369838845,-0.3850193437007398,-0.8125541854174682,-0.673416522809588,-0.8614168803898739,-0.1573961191812276,0.6893872336988087,0.319486649467124,0.0692543171706897,2.8924216742828204,1.4826319340004377,0.2537864199179247,0.4169880233234249,0.2277910694773075,0.077400400937275,0.3373524996151332,0.9375,0.5852933078539649,1
AXON__axon_e3420340d85799,axon_e3420340d85799,1,SPOOF,axon_subject_69c8a534,axon_camera,unknown,unknown,latex_mask,AXON,AXON,train,-0.5648149454105664,-0.3712651552528796,-0.1465875510398406,-0.5761832988157236,-0.3850193437007398,0.1667142523453287,-0.4661392341023815,-0.2452333020795574,-0.1573961191812276,7.462830068183655,86.07256182349738,1.105392306024714,22.24150857717513,356.48831796879995,3.1066399194232392,1.9595383678053977,24.673558965481902,0.3385124258068596,0.389262395138338,1.0,0.49130006927724634,1
AXON__axon_e35b86471fa706,axon_e35b86471fa706,1,SPOOF,axon_subject_f7fde31f,axon_camera,unknown,unknown,pc_video_replay,AXON,AXON,train,-0.6209072387127074,-0.4987593889129197,-0.1873051054902287,-0.8135832719428803,-0.3850193437007398,6.534556286822276,1.1510833799036366,4.50760144064482,4.480298834367969,13.993172610296412,160.78828389093937,107.42321690224112,40.30198305463172,356.09219271958045,358.5773215491751,16.49369966308236,40.68701318198011,139.90936666966022,0.2771246456262902,0.625,0.999999954365992,1
AXON__axon_e3d34d2f687d49,axon_e3d34d2f687d49,1,SPOOF,axon_subject_34a0ae18,axon_camera,unknown,unknown,3d_attack,AXON,AXON,train,0.6942952651271863,-0.5534699216588737,0.7738259358584118,0.3875925686962179,-0.3850193437007398,0.0385245547525645,-0.677880450362538,-0.4032440855330216,-0.1573961191812276,0.6038836776212229,0.470860658022776,0.1780805317955119,2.009612412531951,1.7309521387608695,0.6091584195416653,0.9452467011646448,0.3358278250921387,0.2067758031374452,-0.3177158504924772,1.0,0.8242518255117508,1
AXON__axon_e46d6d13a75285,axon_e46d6d13a75285,1,SPOOF,axon_subject_89c64449,axon_camera,unknown,unknown,on_actor,AXON,AXON,train,0.1165499291321886,-0.5104699302707121,0.42514656537855,-0.0274120174464318,-0.3850193437007398,-0.3443072937423659,-0.7476905195596588,-0.6300661363820984,-0.1573961191812276,0.8188731496791931,0.8050056495398832,0.2270311140536091,2.9820643505461204,3.1517608483416097,0.8578086176781219,0.6743008109694452,0.3479231615972286,0.1319275727011439,0.2598593986188918,0.9375,0.7656576475421223,1
AXON__axon_e5d021bec2eb4b,axon_e5d021bec2eb4b,1,SPOOF,axon_subject_8f556cd6,axon_camera,unknown,unknown,mobile_image_replay,AXON,AXON,train,0.4812316011740816,-0.2009205435719776,0.5815979684966129,0.5729460526356305,-0.3850193437007398,-0.2474139979216148,-0.3081221998881256,-0.2556248050784769,-0.1573961191812276,17.049108773561294,149.62312063156168,76.12815917768889,74.69584418458379,355.03194849119484,358.74875738227126,13.20227637269812,69.15399351867296,70.74902599699995,0.3433277688685346,1.0,0.8022852568762467,1
AXON__axon_e62691b48f37ef,axon_e62691b48f37ef,1,SPOOF,axon_subject_f84616ea,axon_camera,unknown,unknown,3d_attack,AXON,AXON,train,-0.7091985675900109,-0.6832424451857398,-0.0833064594460797,-0.9519375014751776,-0.3850193437007398,0.0542060328029485,-0.5692324644170473,-0.2813166544536635,-0.1573961191812276,0.6409202125016994,0.6628871358268892,0.1505922238062114,2.632035613018737,2.354290871844512,0.5875505948945443,0.4795784322627616,0.3242824484685473,0.2063130678231017,-0.2473580473504616,0.9375,0.798750165963533,1
AXON__axon_e6f110a86892ed,axon_e6f110a86892ed,1,SPOOF,axon_subject_9c9cda14,axon_camera,unknown,unknown,3d_attack,AXON,AXON,train,0.452632741352083,-0.6923201096449857,0.7173134188502813,0.092426981986653,-0.3850193437007398,-0.3336980489059684,-0.6823062256949817,-0.5228890328628161,-0.1573961191812276,0.4512235657374771,0.5663936847419518,0.162152147370235,1.5706325456781376,2.2796096303938214,0.7973832481013892,0.4734524981422305,0.3866177211995364,0.1564771215898109,0.5472319669126448,1.0,0.7524760923693727,1
AXON__axon_e78feceb5840cd,axon_e78feceb5840cd,1,SPOOF,axon_subject_8ae4ac1f,axon_camera,unknown,unknown,silicone_mask,AXON,AXON,train,-0.2752956237557666,1.405307417832594,-0.895797027882901,0.3571463707573855,2.64491549150943,-0.8908383840476197,-0.7945299091478815,-0.9650245522932248,-0.1573961191812276,3.1057538688665955,1.6149807005131582,179.46217157245096,9.67143502862906,5.673385669010855,359.89889934066656,2.02514991635518,1.925417659047285,24.18244228485652,0.8710126260600524,1.0,0.9976133058124806,1
AXON__axon_e83b20a848b3da,axon_e83b20a848b3da,0,REAL,axon_subject_61371072,axon_camera,unknown,unknown,real_video,AXON,AXON,train,0.3984909237154601,-0.7156847615347509,0.702330819981782,0.0401148084486733,-0.3850193437007398,0.2503116681579883,0.1759234999406207,0.2645190486207854,-0.1573961191812276,0.8202895279732701,0.9707419576982113,0.3098930233544053,2.6981272212343432,3.719212510119519,1.404821030030335,0.988574707800838,0.6363215300120487,0.1980359504228088,-0.3051367453980126,1.0,0.6123120390543024,1
AXON__axon_e8b1c0d0f65b46,axon_e8b1c0d0f65b46,1,SPOOF,axon_subject_e65404df,axon_camera,unknown,unknown,mobile_image_replay,AXON,AXON,train,1.095860268749569,0.450373179573628,0.3345716632083387,1.1248860934036844,-0.3850193437007398,0.3627892550788554,-0.2072758613161225,-0.0273638923467424,-0.1573961191812276,17.515871523665815,168.7203849561581,68.51791237282372,69.66655834666662,351.77578722419565,184.81257657758948,12.38504873555077,68.84016037911948,26.31692547702414,0.6164917295335183,1.0,0.8867278600371926,1
AXON__axon_e8cbe5b865c2c7,axon_e8cbe5b865c2c7,1,SPOOF,axon_subject_2fa9b9da,axon_camera,unknown,unknown,cylinder_attack,AXON,AXON,train,0.7335272472182331,-0.6269003894677605,0.8748004406406016,0.3637956463358217,-0.3850193437007398,-0.5917649379122214,-0.578254308438783,-0.5817784769324702,-0.1573961191812276,5.986930679240844,0.5486637798292875,1.2120685739357318,19.07366969277956,2.085325793070268,4.353108383359829,2.2679615332694647,0.4758200024080484,0.5592585506111207,0.9322404957171344,0.9375,0.3846689575367503,0
AXON__axon_eaab2607dea9ad,axon_eaab2607dea9ad,1,SPOOF,axon_subject_d784a884,axon_camera,unknown,unknown,print_cut,AXON,AXON,train,-0.5217683431571095,-0.6833131559335002,0.0448452692785137,-0.7987597233306101,-0.3850193437007398,-0.5013649314325894,-0.6592693176208134,-0.6430021991538766,-0.1573961191812276,1.2116171098749875,0.4000888911406489,0.1625057102582718,5.478987371438691,1.3247830480140124,0.579593733157237,0.7290203815550711,0.3936958054331322,0.0955672751385319,0.2792924175458162,1.0,0.6496651296331742,1
AXON__axon_eaf912c4013764,axon_eaf912c4013764,1,SPOOF,axon_subject_20c532c3,axon_camera,unknown,unknown,mobile_image_replay,AXON,AXON,train,0.4703538739272608,-0.5973582843056296,0.6027781855775849,0.1409069531241267,-0.3850193437007398,-0.7193904663605725,-0.6438279128936788,-0.752245479365873,-0.1573961191812276,1.3619851612348963,1.213593796231935,42.91360779166154,5.1265299196215945,6.303815668860665,177.75902844942917,0.7272555294020056,0.7635294072864364,11.955821698347917,-0.5863868947122921,1.0,0.8692285974330636,1
AXON__axon_eafc3880d683e6,axon_eafc3880d683e6,1,SPOOF,axon_subject_7ad3c19c,axon_camera,unknown,unknown,on_actor,AXON,AXON,train,0.5222007213312544,-0.6553618750349681,0.7336546356372103,0.212862875354949,-0.3850193437007398,-0.4191258189486753,-0.638925010002266,-0.6343464476896433,-0.1573961191812276,1.231012386183007,0.5959650719037438,0.1269210509022272,4.782762509388781,2.015464621257536,0.4434157438677165,0.8638206016602931,0.2548004221430245,0.1351717616239316,0.2263116036597086,0.9375,0.690834715891963,1
AXON__axon_ec34adc33df14b,axon_ec34adc33df14b,1,SPOOF,axon_subject_ab1bcdc7,axon_camera,unknown,unknown,on_actor,AXON,AXON,train,0.1576977990808104,-0.4626876730814012,0.3412648213998748,-0.0854561132764856,-0.3850193437007398,-0.3455819634030236,-0.7391521564478661,-0.636136002105099,-0.1573961191812276,2.0736262561813104,0.514401350333435,0.2898277756182931,9.369621172785594,1.958589991073524,1.3294323481125665,1.1717841528720114,0.3124832306073832,0.1960777792609179,0.3635332424852818,1.0,0.6963404271432029,1
AXON__axon_ec443a6845ffc7,axon_ec443a6845ffc7,1,SPOOF,axon_subject_05ee52f9,axon_camera,unknown,unknown,mobile_image_replay,AXON,AXON,train,0.9354298406018484,-0.5568707772277064,0.936840623774706,0.6339044856639318,-0.3850193437007398,-0.4878979274633119,-0.3162882737606814,-0.4169478131635604,-0.1573961191812276,2.241304858993181,1.934712328713157,0.4447854823965894,8.39271068241598,8.430409032546578,2.0324032998474486,0.8775588456346216,0.6904106782625301,0.2103047458855176,0.7417614981301556,1.0,0.47410406869602123,1
AXON__axon_ec88d9e95ce97a,axon_ec88d9e95ce97a,1,SPOOF,axon_subject_2b0dbb27,axon_camera,unknown,unknown,print_cut,AXON,AXON,train,-0.3464413611820627,-0.6288271177100573,0.0931924177419007,-0.6065475902111308,-0.3850193437007398,-0.4899855736762114,-0.629501625635083,-0.6176799098375494,-0.1573961191812276,1.8878200915118009,0.311629226174368,0.4732091855536663,7.992574265276973,1.1515759471041918,1.9846190201194744,1.222700771301369,0.3117782768841916,0.3259727018329488,0.2751502848701265,0.9375,0.6426745764689415,1
AXON__axon_ec94d097bd4d88,axon_ec94d097bd4d88,1,SPOOF,axon_subject_558f3400,axon_camera,unknown,unknown,on_actor,AXON,AXON,train,0.9466318631359426,-0.5894868636568187,0.9110306260736316,0.6002772423448236,-0.3850193437007398,-0.6710266807932826,-0.7374460114130127,-0.8018732505012717,-0.1573961191812276,21.96660015169272,168.29680160504387,137.0606693535022,58.159656457106735,349.8060080991982,351.8231126807261,20.70123687639319,162.5845057918752,128.84165840083085,-0.013133347255448,1.0,0.929436446127229,1
AXON__axon_ec9a57a21308ae,axon_ec9a57a21308ae,1,SPOOF,axon_subject_ae00e093,axon_camera,unknown,unknown,3d_attack,AXON,AXON,train,0.2762886011210506,-0.7222902959612126,0.6330158554480869,-0.0827649714090716,-0.3850193437007398,-0.7468756411077906,-0.613738249994325,-0.7120878977592054,-0.1573961191812276,2.301664972693035,81.46073556637982,0.6031264180314704,11.611368423583633,339.31036713004835,2.6250594840785126,1.8558594162325608,22.894968419163767,0.2058537043459479,0.7329410442951467,1.0,0.5790291936868541,1
AXON__axon_ed097e0332c4fe,axon_ed097e0332c4fe,1,SPOOF,axon_subject_28a5d7ae,axon_camera,unknown,unknown,3d_attack,AXON,AXON,train,0.128368444755057,-0.7271460745026285,0.4890139586167241,-0.2457026820765952,-0.3850193437007398,-0.5497214445070021,-0.6790757688512868,-0.6902660822942036,-0.1573961191812276,0.5039477807440713,0.3694745365252194,0.1301391313412296,1.746164417223862,1.4312062421036271,0.4285663302832163,0.3731259763831025,0.1961004738263284,0.1122398871571005,0.6561058580219187,1.0,0.6891006045367781,1
AXON__axon_ed6e9ed4eaa436,axon_ed6e9ed4eaa436,1,SPOOF,axon_subject_a6653fba,axon_camera,unknown,unknown,silicone_mask,AXON,AXON,train,-0.7501588332683502,2.1527540551652,-1.873127997240452,-0.0575874118760646,3.65489376991282,-1.022726144268438,-0.80154598635087,-1.038226795123033,-0.1573961191812276,4.133233882624684,3.928834489265405,58.91771930069037,15.421979553835923,14.175045312635888,180.47062097274133,1.8728213169245296,1.1413563763547567,12.231626143104371,0.68225825468477,1.0,0.7177623201641106,1
AXON__axon_edf14692208b4f,axon_edf14692208b4f,1,SPOOF,axon_subject_f076e855,axon_camera,unknown,unknown,on_actor,AXON,AXON,train,1.5857038729359323,-0.4529209884250787,1.3487432603749414,1.3566775159698012,-0.3850193437007398,-0.1536610967523803,-0.6693422103569555,-0.4682389393102574,-0.1573961191812276,4.080916597308073,118.55582695384028,0.5934186658082562,16.108889415721244,359.3797881676554,2.363188078682871,2.093511729241597,48.109713518542,0.3439377855504502,0.4333514465432136,1.0,0.7130531547382182,1
AXON__axon_eea6ed39b445d7,axon_eea6ed39b445d7,1,SPOOF,axon_subject_ef861b06,axon_camera,unknown,unknown,mobile_video_replay,AXON,AXON,train,-1.6923315517412447,1.4963839035500366,-2.3954222228152635,-0.6554872618235783,4.66487204831621,0.3039829961595565,0.2527493118129844,0.5435339716363318,-0.1573961191812276,1.0679660720964936,0.8608636537250048,0.3815395056356697,4.015765828379424,3.020636976352592,1.5196728308454486,0.9127728907637344,0.5760071983688968,0.2727442011440459,0.6024138851290591,0.9375,0.3412460099976096,0
AXON__axon_efb38ad42d11e8,axon_efb38ad42d11e8,1,SPOOF,axon_subject_f7360cde,axon_camera,unknown,unknown,on_actor,AXON,AXON,train,1.6237731512751696,-0.4549551791307969,1.3737317246515108,1.3009718519545364,-0.3850193437007398,-0.3520617545566057,-0.7384786049006644,-0.6344547229440423,-0.1573961191812276,1.4661836500195555,86.28411190673707,0.2087494462344697,6.28472465198649,357.09278221708365,0.8215511350295295,0.8756032499370245,24.04433744690624,0.1226826847468714,-0.5913912150847803,1.0,0.6815947045654881,1
AXON__axon_f1f2d50e34c0b2,axon_f1f2d50e34c0b2,1,SPOOF,axon_subject_b0d44e3a,axon_camera,unknown,unknown,mobile_image_replay,AXON,AXON,train,1.1652146344268848,-0.4671269973412787,1.050416216181603,0.9028507639913004,-0.3850193437007398,-0.1486603763850196,-0.3565697821106165,-0.3026547917586266,-0.1573961191812276,17.38281960626486,134.26157636899097,62.62464982181,55.04656187201734,348.36759941826017,354.2072215865784,11.147620349971607,46.49041541640255,35.87763136663682,0.7338822361855503,1.0,0.8548566296570839,1
AXON__axon_f243c200fe4c26,axon_f243c200fe4c26,1,SPOOF,axon_subject_4abf8809,axon_camera,unknown,unknown,wrapped_3d_paper,AXON,AXON,train,0.4154428234419868,-0.5174222229059786,0.5420947489873666,0.1671646551985535,-0.3850193437007398,0.5599979953762226,-0.7075471524357394,-0.0672537376722965,-0.1573961191812276,3.795566059250171,84.60271021114234,43.42572366768813,17.055488722512067,340.3394866117765,174.81106994675068,3.4868286277155094,48.75435136735557,25.14309670262933,-0.0873992962233692,0.9375,0.9795658380984741,1
AXON__axon_f3bc8547d76925,axon_f3bc8547d76925,1,SPOOF,axon_subject_d35d84f3,axon_camera,unknown,unknown,3d_attack,AXON,AXON,train,-0.0331250742575975,-0.6940264393006608,0.4058201319201626,-0.3396771308436943,-0.3850193437007398,0.0650374192399585,-0.6444448141740686,-0.3261292807806561,-0.1573961191812276,1.7791599162240437,0.398988147757059,0.2813196166622213,5.908742385361033,1.611460556673478,0.8235310033430248,1.142426775222369,0.2947423387568392,0.1963618074017099,0.6444118522279207,1.0,0.8154266018529797,1
AXON__axon_f3f94e854adcb4,axon_f3f94e854adcb4,1,SPOOF,axon_subject_e9c0044c,axon_camera,unknown,unknown,on_actor,AXON,AXON,train,0.4907955451239982,-0.5365958945759867,0.6627490027417176,0.226528982125442,-0.3850193437007398,-0.3002948279852889,-0.7647604963514194,-0.6096447782547708,-0.1573961191812276,1.8221483100645728,0.8944673289132241,0.3140639334206619,6.5309389206756965,3.5592104638415663,1.18446519181293,1.9320959745493609,0.4122488307992772,0.1753009890857036,0.0155558049122432,0.9375,0.7726353066386675,1
AXON__axon_f4547adec8035f,axon_f4547adec8035f,1,SPOOF,axon_subject_06710972,axon_camera,unknown,unknown,silicone_mask,AXON,AXON,train,0.501203984992649,-0.4582592589053013,0.44452801724851,0.2288756045945737,-0.3850193437007398,-0.8000935401973942,-0.5046692086927301,-0.5237254728972212,-0.1573961191812276,2.300007085805273,2.53212152853643,43.05535490158908,9.11053680210436,10.949698770947409,178.68338206410394,2.0651057802625394,0.9012420730384936,12.140109784980137,0.4164981545105343,1.0,0.8549127058252207,1
AXON__axon_f5d37f5a79bf00,axon_f5d37f5a79bf00,1,SPOOF,axon_subject_0576d5fa,axon_camera,unknown,unknown,mobile_image_replay,AXON,AXON,train,0.9632080009169772,-0.518761556705978,0.91423067654266,0.6557991285532777,-0.3850193437007398,-0.210690773813209,-0.2725980721833752,-0.2286045601425742,-0.1573961191812276,2.240102295505765,2.281739595276104,0.4395774175525075,10.443251377435086,8.875043570801893,1.8812249741384115,1.7129863118888096,0.8683626821880808,0.2768589512979666,0.4641795682960051,1.0,0.5898959557842699,1
AXON__axon_f61af407c9349e,axon_f61af407c9349e,1,SPOOF,axon_subject_c1adcf6c,axon_camera,unknown,unknown,wrapped_3d_paper,AXON,AXON,train,-0.3280146373248491,-0.5446529355921419,0.0703199166614306,-0.5867635765626725,-0.3850193437007398,-0.1386998158754108,-0.711177972087211,-0.4400321095740372,-0.1573961191812276,2.180584085018894,1.7210672304442225,0.2505549893100474,9.671272635962758,7.433457511798309,0.8493239394157408,2.208542031414793,1.1661090938349985,0.3068129659343409,-0.5596817938219397,0.9375,0.7622317689853737,1
AXON__axon_f6225c5d89c8ab,axon_f6225c5d89c8ab,1,SPOOF,axon_subject_97897b4b,axon_camera,unknown,unknown,wrapped_3d_paper,AXON,AXON,train,0.4429597766315306,-0.5630748727012425,0.632350020385584,0.1782983140295188,-0.3850193437007398,-0.026977907078056,-0.7495070908657335,-0.4628349146682713,-0.1573961191812276,3.3112420209533218,0.753367298743943,0.3706671890927971,13.294710688757489,2.989756994659075,1.4347131536085933,2.874811485723799,1.066371675235971,0.2843052566189669,0.5787565109173743,1.0,0.8110577796146414,1
AXON__axon_f6b07cdadc7057,axon_f6b07cdadc7057,1,SPOOF,axon_subject_e20ceb3a,axon_camera,unknown,unknown,mobile_image_replay,AXON,AXON,train,2.380962248497814,0.2472690492359289,1.4433434891877728,2.333157600282886,-0.3850193437007398,-0.1273243147440433,-0.0814616562841312,-0.1123328830206568,-0.1573961191812276,21.69149237950933,164.4704925299255,84.59327802300275,71.26188206608387,352.70046509922537,346.5929001250363,16.157497055460432,69.46468229892587,51.2759496050561,0.5843649928575657,1.0,0.8271800399683901,1
AXON__axon_f8f317a7a9a1d8,axon_f8f317a7a9a1d8,1,SPOOF,axon_subject_cad97207,axon_camera,unknown,unknown,silicone_mask,AXON,AXON,train,0.7987664938577304,-0.368707354997394,0.7501234801679919,0.5072820886875519,-0.3850193437007398,-0.7250839467691297,-0.7464042309334638,-0.815473267601459,-0.1573961191812276,2.49666317014284,0.4806950427785463,0.640516615096837,8.467480515343858,1.520455821136096,2.200748259626778,0.6188367623674641,0.5112551790980758,0.2111019886373404,0.9531022767791172,0.9375,0.5564875996971963,1
AXON__axon_f9d1b996b6c199,axon_f9d1b996b6c199,1,SPOOF,axon_subject_2dfa3161,axon_camera,unknown,unknown,on_actor,AXON,AXON,train,-0.8101249610600998,-0.4724145526880365,-0.2642092423467877,-0.8190623077821291,-0.3850193437007398,-0.2424820356687294,-0.4929578044035394,-0.3817671197540372,-0.1573961191812276,1.013298281352259,0.7274355896266945,0.3478778907008761,3.2311819191933955,2.23882668726597,1.141297686784822,0.4949152542985465,0.2317171465842932,0.2166472193303276,0.7855728801002817,1.0,0.7092088587439853,1
AXON__axon_fa2c36dd7c87e5,axon_fa2c36dd7c87e5,1,SPOOF,axon_subject_ad86ae7e,axon_camera,unknown,unknown,mobile_image_replay,AXON,AXON,train,0.9632080009169772,-0.518761556705978,0.91423067654266,0.6557991285532777,-0.3850193437007398,-0.210690773813209,-0.2725980721833752,-0.2286045601425742,-0.1573961191812276,2.673065544470195,78.60674814019573,42.72514686508678,13.79606111546385,326.434569343379,179.1980225906065,2.4526101683123027,22.103000831266407,12.184119201741176,-0.1823347839189067,1.0,0.9051949586620789,1
AXON__axon_fbc6936145f41f,axon_fbc6936145f41f,1,SPOOF,axon_subject_f240f431,axon_camera,unknown,unknown,print_cut,AXON,AXON,train,-0.1661542108455358,-0.6119387548515581,0.2791220869407981,-0.3896728849504303,-0.3850193437007398,0.2308875008187126,-0.7166425497422945,-0.2962789677984905,-0.1573961191812276,0.5518403023685764,0.3221056611859774,0.1570569258731367,2.4925734081865976,1.192672111268621,0.4887955243099364,0.6786211340379571,0.3370351766372437,0.1311917298490045,-0.1987112327909183,0.9375,0.8774903909648336,1
AXON__axon_fcbebfd75c8f2b,axon_fcbebfd75c8f2b,1,SPOOF,axon_subject_9a0d1922,axon_camera,unknown,unknown,on_actor,AXON,AXON,train,-0.2963853321221225,-0.3202546675745769,-0.102946722415377,-0.3817509864535253,-0.3850193437007398,-0.0151786179526628,-0.7153605323663743,-0.4508150833072427,-0.1573961191812276,1.8958977410101043,0.467294846302931,0.3471097538412004,6.44134177910541,1.4883378558849358,1.5132108908348387,1.5981035681132445,0.416687199422383,0.3164225463896086,0.3239001439395194,1.0,0.8154093802578675,1
AXON__axon_fd51fefcd06db7,axon_fd51fefcd06db7,1,SPOOF,axon_subject_9685717f,axon_camera,unknown,unknown,print_cut,AXON,AXON,train,-0.5610462578571044,-0.5829464918467766,-0.0019974811895212,-0.7736891542199522,-0.3850193437007398,-0.3403606440850546,-0.6425200325085719,-0.5775057734983372,-0.1573961191812276,1.6291037540884463,0.9040009824049134,0.2880409429929774,7.329060428630044,4.124707094157571,1.3123777051078704,0.8107604605933088,0.4467069906919846,0.1622512211531215,-0.3105884377800855,1.0,0.6429422282479034,1
AXON__axon_fd924bf292f843,axon_fd924bf292f843,1,SPOOF,axon_subject_ec120604,axon_camera,unknown,unknown,pc_video_replay,AXON,AXON,train,-0.4359385593954886,-0.4979475744196731,-0.0098542600720758,-0.6942311045272788,-0.3850193437007398,-0.1083901591596902,-0.6726987707802126,-0.4764840481992061,-0.1573961191812276,0.9658838078750076,0.7880571733448956,0.3205565004322862,3.276411241658082,3.434521741058745,1.2897677704205512,0.4699674151025703,0.3929272068749848,0.1150730215306939,0.7728387817904295,1.0,0.8018201883343391,1
AXON__axon_fd96dd0a470139,axon_fd96dd0a470139,0,REAL,axon_subject_85027b15,axon_camera,unknown,unknown,real_video,AXON,AXON,train,-0.2399728940696618,-0.3441260798232927,0.1200962338635291,-0.2384160712071318,-0.3850193437007398,-0.4940638995303144,-0.5523894151916154,-0.5889430852079588,-0.1573961191812276,7.443106737054356,0.5274560878207992,0.7949682861178631,26.105424698371653,1.8587003880985835,2.524893222955045,1.864673192740832,0.3970566368024708,0.2209511496285939,0.988129948484584,0.9375,0.29223169703501867,0
AXON__axon_fde455b974bfec,axon_fde455b974bfec,1,SPOOF,axon_subject_cf4290fd,axon_camera,unknown,unknown,print_cut,AXON,AXON,train,-0.0412623403054838,-0.4978386969965809,0.308561428431132,-0.1797679146193171,-0.3850193437007398,-0.4452012319705772,-0.6788414281500817,-0.6591546882152709,-0.1573961191812276,1.4757838596246509,0.2264550200072525,0.4552016229496705,6.134994326042589,0.7611905255333511,1.9582670051666549,0.7827652334856375,0.2092694830711049,0.2567449099194868,0.5809506141700026,0.9375,0.6983187882887308,1
AXON__axon_fe2187e1363d5e,axon_fe2187e1363d5e,1,SPOOF,axon_subject_7cf88ed4,axon_camera,unknown,unknown,on_actor,AXON,AXON,train,1.8095949042874933,-0.5650419645299385,1.5253553557227904,1.3877810139196205,-0.3850193437007398,-0.3339378207923439,-0.6637795331090796,-0.5536708538655426,-0.1573961191812276,0.658344558201851,0.675363007452202,0.1714218685560034,2.199665040560177,2.366380040442124,0.7093457770214395,0.8225315876074719,0.5146981502745709,0.2181481658800095,-0.1256205908794298,0.9375,0.72868186208624,1
AXON__axon_fe58da037a6287,axon_fe58da037a6287,1,SPOOF,axon_subject_8d3b2641,axon_camera,unknown,unknown,on_actor,AXON,AXON,train,0.153512951022179,-0.5887814690251306,0.4938140343202664,-0.1040678395221708,-0.3850193437007398,-0.5999578418955273,-0.7320144583371273,-0.7598924876786676,-0.1573961191812276,2.77930965449861,86.50418687696867,0.3502918691895777,12.81462629341975,357.67806415071345,1.4919485379647264,1.7032562800909912,24.009217588163,0.1455003782788475,-0.1471305144855834,1.0,0.5838537936039724,1
AXON__axon_febccc0ae4e7be,axon_febccc0ae4e7be,1,SPOOF,axon_subject_1b61bf68,axon_camera,unknown,unknown,mobile_image_replay,AXON,AXON,train,2.3762439180894703,-0.2508610983244502,1.7481851624412157,2.140124865981466,-0.3850193437007398,-0.4525955941981097,-0.4014211642891312,-0.5004269387714635,-0.1573961191812276,13.517010721425754,3.041042345838941,79.22019501311976,38.674246381163634,8.866521585705641,356.59325296407354,7.596026317629937,1.8286038751561964,38.57398143620208,0.3975359637481193,0.9375,0.8440626580292534,1
CASIA__11_1,11_1,0,REAL,unknown_subject,casia_camera,unknown,unknown,casia_real_or_spoof,CASIA,CASIA,train,-1.819204058515341,1.961175367118878,-1.9691571140858133,-0.9128386450973194,1.6349372131060402,0.3158363882243844,0.9256874261180472,0.3266744005887273,-0.1573961191812276,0.8694104102122274,0.7803564618406398,0.1907394168975666,2.3814464244907843,2.215626025301617,0.5884818858701877,1.0389417121301934,1.0053130643296342,0.2265056387217113,-0.2071473783486867,0.8333333333333334,0.33173135260582093,0
CASIA__11_2,11_2,0,REAL,unknown_subject,casia_camera,unknown,unknown,casia_real_or_spoof,CASIA,CASIA,train,0.0650749698391974,-0.2944277065892198,0.2550794153584078,-0.0824593576189164,-0.3850193437007398,1.5249495943013271,2.862664442476739,1.7460003598583305,-0.1573961191812276,3.180264605210403,175.99320610973797,0.4823048621426178,10.783541057900338,359.2484416985436,1.6205213703005836,2.650642764573544,296.5237680325884,0.6354498096999412,-0.7037494876370946,1.0,0.28916158141439013,0
CASIA__11_3,11_3,1,SPOOF,unknown_subject,casia_camera,unknown,unknown,casia_real_or_spoof,CASIA,CASIA,train,-0.3120920707627049,-0.2860229206160667,-0.0231769497206769,-0.4521854946402256,-0.3850193437007398,0.8597730166956985,1.1239171148432106,0.5911049694105527,-0.1573961191812276,2.0777259116441904,1.767905066395707,0.798667029242659,6.8168815744587,5.645798422764869,2.2599361824113844,2.610279073216397,1.9476748987106145,1.1104174745668096,-0.1892665870097012,1.0,0.5511170007060585,1
CASIA__11_4,11_4,1,SPOOF,unknown_subject,casia_camera,unknown,unknown,casia_real_or_spoof,CASIA,CASIA,train,-0.6251983405173395,-0.0499893275179466,-0.3138485749323175,-0.5239581509801331,-0.3850193437007398,0.3098448457971489,1.6231614004266632,0.9253374724722034,-0.1573961191812276,1.7019828898044045,1.6374320216917984,0.9367203762990124,6.273241571720178,4.865377912186062,2.7463037911782853,2.3453774559001475,2.7532719634738734,0.6507954920577993,0.0899414910567027,1.0,0.19097587916712108,0
CASIA__11_5,11_5,1,SPOOF,unknown_subject,casia_camera,unknown,unknown,casia_real_or_spoof,CASIA,CASIA,train,-1.2703896252985936,1.1786070476663704,-1.5132936438142122,-0.7128167230622474,-0.3850193437007398,1.0130787091970048,2.627489530767197,2.56185726231564,-0.1573961191812276,4.10459860171139,1.3748950690345052,1.257172091449879,12.106257496646608,4.211530551617727,4.054200855023398,5.043517744486379,1.9608241250450744,0.773003885126256,-0.7733812923078698,1.0,0.07258646801250289,0
CASIA__11_6,11_6,1,SPOOF,unknown_subject,casia_camera,unknown,unknown,casia_real_or_spoof,CASIA,CASIA,train,-0.9571560724107286,1.2423664709219495,-1.7180172468452035,-0.7263261835684396,0.6249589347026502,0.536853176605259,1.8787528456334697,1.052397722722158,-0.1573961191812276,2.1383219573297727,1.0935224723547277,0.8482679319179788,7.279366559053268,2.687860136575921,2.516753109483165,2.530822580558553,1.4666253202045094,0.7904593033209167,-0.1066932042367342,1.0,0.1305984388703171,0
CASIA__11_7,11_7,1,SPOOF,unknown_subject,casia_camera,unknown,unknown,casia_real_or_spoof,CASIA,CASIA,train,-1.457905627495194,2.4286134010446645,-2.3771783795301715,-0.6536766152979852,1.6349372131060402,1.8301390967571616,3.4870694210951463,2.9327833300620227,-0.1573961191812276,1.7983937507120498,2.1526695939514613,0.6036271081106853,7.068295406005688,6.2079201093641245,2.2118773458953207,1.5930518315413769,2.6610898746244724,0.6582305495570565,-0.208514696124151,1.0,0.04562631716411957,0
CASIA__11_8,11_8,1,SPOOF,unknown_subject,casia_camera,unknown,unknown,casia_real_or_spoof,CASIA,CASIA,train,-1.1725459739748427,2.320027608587914,-2.235634954220695,-0.4914473962310905,0.6249589347026502,2.242364488243858,1.9690354723587264,1.5980536365321345,-0.1573961191812276,3.484502086429622,1.448445393483298,0.6129957861289814,8.918766189504677,3.7911957407639534,1.7792574784641637,3.949107122860868,2.516838427591914,0.7881321754390602,-0.3968664018002702,1.0,0.6509351807812839,1
CASIA__12_1,12_1,0,REAL,unknown_subject,casia_camera,unknown,unknown,casia_real_or_spoof,CASIA,CASIA,train,-1.2030009539222917,3.730229440286071,-2.865891408818438,-0.3447461220499217,1.6349372131060402,0.8497521826466378,1.90859516139281,0.9528453516623192,-0.1573961191812276,1.905945645838734,118.12317782759936,0.4044701685234888,6.137509784644505,359.4064930369674,1.288143241971702,2.3609120394856338,103.4703408559842,0.5309758428961019,-0.1609941159127436,1.0,0.22222913059650923,0
CASIA__12_2,12_2,0,REAL,unknown_subject,casia_camera,unknown,unknown,casia_real_or_spoof,CASIA,CASIA,train,-0.1471314698818495,-0.2031304871631281,0.1340748402895521,-0.0929833246172615,-0.3850193437007398,-1.1798555151838597,-0.6677560671155557,-1.050982855609884,-0.1573961191812276,1.3749007406064755,1.347370844921478,0.3186183248207608,3.977267769084421,4.161828824929415,1.039567876874114,1.4592906696086028,1.011354808427593,0.1823165884471466,0.4375199287486221,1.0,0.4538948354020985,1
CASIA__12_3,12_3,1,SPOOF,unknown_subject,casia_camera,unknown,unknown,casia_real_or_spoof,CASIA,CASIA,train,-0.3434839652517102,-0.548042099125803,0.0925234013426741,-0.6054751264081573,-0.3850193437007398,0.7578540977289462,1.986061725035824,1.7555504929208738,-0.1573961191812276,2.978111362965477,154.03020145080615,1.1807922366560772,7.888854966141275,359.117675207814,3.544971366832494,3.542803859844003,154.19628060253626,1.5083644839196175,-0.2698399899377806,1.0,0.2656611226506647,0
CASIA__12_4,12_4,1,SPOOF,unknown_subject,casia_camera,unknown,unknown,casia_real_or_spoof,CASIA,CASIA,train,-0.6196142081005693,-0.3622945715903035,-0.2061766077971429,-0.7146826565046533,-0.3850193437007398,1.1874596452992825,1.5549183394838049,1.53962176040097,-0.1573961191812276,2.086633948564099,1.0553254141719943,0.3888389884031196,4.909894936541946,2.740142811667852,1.1867189984000883,1.5981963189892836,1.4402703353179005,0.5068897725812201,0.413535068105544,1.0,0.4224607838865627,1
CASIA__12_5,12_5,1,SPOOF,unknown_subject,casia_camera,unknown,unknown,casia_real_or_spoof,CASIA,CASIA,train,0.1991959743482782,2.15785178250138,-1.1671442781481534,0.6493495001744397,-0.3850193437007398,-0.5380030343175463,-0.3868251352650179,-0.5913912380089411,-0.1573961191812276,1.5713785052626836,1.5453621968901137,0.5894888192986503,5.0964971134403,3.976652491445492,1.6595735415730783,1.9325968050313929,2.2199804957685103,0.9950227681049616,-0.0205924920444817,1.0,0.5383626386744477,1
CASIA__12_6,12_6,1,SPOOF,unknown_subject,casia_camera,unknown,unknown,casia_real_or_spoof,CASIA,CASIA,train,1.2484140845700606,-0.3540729111871817,1.149677290431955,0.9763838990989532,-0.3850193437007398,-1.2634741562077385,-0.739254687864254,-1.1646057450931988,-0.1573961191812276,1.968636104367816,0.3977608658598935,0.2628826429276341,6.879650701377043,1.2640355986356724,0.9058349424107206,2.574913900090133,0.4321829732659807,0.2152562356558875,-0.4899228193339123,1.0,0.40880989435763637,0
CASIA__12_7,12_7,1,SPOOF,unknown_subject,casia_camera,unknown,unknown,casia_real_or_spoof,CASIA,CASIA,train,-0.3520750233398088,0.5995421005934245,-0.4561011108406117,0.1800833647602916,-0.3850193437007398,-0.0049246233743878,0.6618662343654053,0.5503609729212907,-0.1573961191812276,2.768646954743704,157.77459715837864,2.338800109338792,10.428741069858887,359.344106426798,7.443394245420949,2.1399602003439,77.24777185376074,0.7762968905963679,0.4452426572171286,1.0,0.42249569418069044,1
CASIA__12_8,12_8,1,SPOOF,unknown_subject,casia_camera,unknown,unknown,casia_real_or_spoof,CASIA,CASIA,train,-0.2399762144992243,0.9619893822282204,-0.432180078603535,0.2402124940364129,-0.3850193437007398,0.2001600063304114,0.1933788901641937,0.1267079602949181,-0.1573961191812276,2.9991283379279,160.73526394494166,2.4931450006293163,9.698350735280028,358.9447690557056,6.8646394549713605,2.38740319775077,60.759900638347794,1.163646013589504,0.6351658260305898,1.0,0.7065204581040488,1
CASIA__14_1,14_1,0,REAL,unknown_subject,casia_camera,unknown,unknown,casia_real_or_spoof,CASIA,CASIA,train,-0.6317426304826059,1.186413603585009,-2.4325679782436,-0.3417063654570533,0.6249589347026502,1.5738855377362655,2.799481967424185,3.1696557468662268,-0.1573961191812276,7.281285720376518,174.39469829364563,0.9244307786387844,30.75227020380817,359.5195031344932,3.5169160218502773,8.116644589091456,61.05002473956696,0.7693528888542591,0.6683218587482688,1.0,0.14978496991236753,0
CASIA__14_2,14_2,0,REAL,unknown_subject,casia_camera,unknown,unknown,casia_real_or_spoof,CASIA,CASIA,train,-0.0011864157006293,-0.2764452820189227,0.1848257693537968,-0.1192717416454727,-0.3850193437007398,-0.2181202864229812,1.1732752120116452,0.8463005537180522,-0.1573961191812276,1.428170532571848,174.4771278377769,0.3090614273805263,5.043118280787217,359.2965602779989,1.0409243196447455,1.266776449153608,118.71685200638495,0.3143066064698657,0.2415656219497087,1.0,0.21799995343908674,0
CASIA__14_3,14_3,1,SPOOF,unknown_subject,casia_camera,unknown,unknown,casia_real_or_spoof,CASIA,CASIA,train,-0.2964666826464043,-0.2455410361410473,-0.0890992993448384,-0.3419909906954568,-0.3850193437007398,1.2355585909176283,1.2469162769116835,1.4216653957907073,-0.1573961191812276,1.8186735712561457,1.1781699049480543,0.7222101688269758,6.034935386310881,3.384080251595549,2.132081814809064,1.972608727275361,0.9100731198691072,0.8312097725639827,0.0762668322455394,1.0,0.5734324051352163,1
CASIA__14_4,14_4,1,SPOOF,unknown_subject,casia_camera,unknown,unknown,casia_real_or_spoof,CASIA,CASIA,train,-0.2293209560330935,-0.3886530733467452,0.2551853351575581,-0.193237957601487,-0.3850193437007398,-0.0958076445892801,0.777315966924403,0.320667223742641,-0.1573961191812276,2.15120624627855,1.0525196863868806,1.7464614181741631,6.242324108602608,3.3770716972028367,5.4370877884914455,2.294850742854812,1.505231527719829,1.6746051762951328,0.1295240307035065,1.0,0.2954472947863744,0
CASIA__14_5,14_5,1,SPOOF,unknown_subject,casia_camera,unknown,unknown,casia_real_or_spoof,CASIA,CASIA,train,0.0558668652573969,1.4551056574308026,-1.121516798308532,0.3656590201987449,0.6249589347026502,0.8536083669001282,3.4334291974851108,2.666304478265748,-0.1573961191812276,1.2072478430074869,1.3654550329059263,0.5167281522149523,3.25957240300486,4.329360706878958,1.605084574280067,0.7308102279419523,1.92922457647218,0.5495499108980523,0.1370599846052247,1.0,0.0133547961157407,0
CASIA__14_6,14_6,1,SPOOF,unknown_subject,casia_camera,unknown,unknown,casia_real_or_spoof,CASIA,CASIA,train,0.5865434519888709,-0.4857891983260672,0.7308898668869517,0.3704167665399555,-0.3850193437007398,-0.0932075080071103,1.4377919645610286,0.7213989919015023,-0.1573961191812276,1.5841134491051112,1.166568885938975,0.2322755891216502,4.843736172311181,3.642903908626096,0.6339516808098014,1.5916294503879624,0.6976491490704243,0.4427870511992069,0.5632650826755401,1.0,0.13047102904643382,0
CASIA__14_7,14_7,1,SPOOF,unknown_subject,casia_camera,unknown,unknown,casia_real_or_spoof,CASIA,CASIA,train,-0.4704444634092131,0.5631745092475776,-0.8210183982326129,-0.1347623166707608,0.6249589347026502,0.3072643229078904,1.113734454186455,0.8042308396395154,-0.1573961191812276,1.777664933723886,152.16129634364438,1.4016311516220532,5.4125398178212585,354.30096968714327,4.167584508371735,1.929779908887989,51.6269966282053,1.0337441462145616,0.6308861125405942,1.0,0.371151172884138,0
CASIA__14_8,14_8,1,SPOOF,unknown_subject,casia_camera,unknown,unknown,casia_real_or_spoof,CASIA,CASIA,train,-1.3918625601991028,2.187345797652592,-1.620556902749133,0.2760783455705108,-0.3850193437007398,-0.1011261508575171,1.1528715243798695,0.6841372103673768,-0.1573961191812276,1.5837141121883669,158.84635788292798,1.8711142817331323,4.765202751487908,355.18467907017964,4.738279207309103,1.2925272245626116,60.82611641263188,1.1227419503905829,0.6297039806790817,1.0,0.2585679306931117,0
CASIA__15_1,15_1,0,REAL,unknown_subject,casia_camera,unknown,unknown,casia_real_or_spoof,CASIA,CASIA,train,-0.2626243111402581,1.8502508697409363,-1.857324145653629,0.4778371982420925,0.6249589347026502,0.8425206801838397,2.60237466478645,1.8251626563663108,-0.1573961191812276,2.843635404689678,176.6444135719587,1.867264166356918,9.797832483274256,357.44956672089126,6.25784598210146,2.817093761432825,45.7393832236692,1.0546871506628968,0.7725087842079352,1.0,0.11240648350765917,0
CASIA__15_2,15_2,0,REAL,unknown_subject,casia_camera,unknown,unknown,casia_real_or_spoof,CASIA,CASIA,train,-0.6369393794504169,1.1759351569784793,-1.4627701803257047,-0.3755184104147647,0.6249589347026502,-0.2503113150081755,0.6423802553642479,0.3202312013016549,-0.1573961191812276,3.2369431678347382,1.164944007508946,1.238574943128687,9.852604204329545,3.904087359759245,4.3911042507595806,4.81261740245039,1.855853881811991,1.5461207606266385,-0.5313090479553928,1.0,0.2410995808679562,0
CASIA__15_3,15_3,1,SPOOF,unknown_subject,casia_camera,unknown,unknown,casia_real_or_spoof,CASIA,CASIA,train,0.3202046025149602,-0.427089261259776,0.5428653810242942,0.1414526554696971,-0.3850193437007398,0.6918112676396929,0.724525625775199,0.7025405952879281,-0.1573961191812276,1.6332478807589412,132.537972306601,2.367595475987033,4.722422825473721,356.64964930715894,7.202908976554605,2.357253170987125,143.49674762581247,4.134262553811704,-0.2703609231077422,1.0,0.7237419840142415,1
CASIA__15_4,15_4,1,SPOOF,unknown_subject,casia_camera,unknown,unknown,casia_real_or_spoof,CASIA,CASIA,train,0.3741654567404259,-0.6130330213601498,0.6496433925401394,0.0781184207661678,-0.3850193437007398,1.614202034461723,1.3014891103563055,1.415247028602451,-0.1573961191812276,2.85662237379512,124.45419026186838,1.0865983395013683,7.255892170028428,356.452909291175,3.5837116448228112,2.8723769010717084,119.51191101108948,1.360105927749889,-0.194572350945393,1.0,0.7748345006433625,1
CASIA__15_5,15_5,1,SPOOF,unknown_subject,casia_camera,unknown,unknown,casia_real_or_spoof,CASIA,CASIA,train,0.9159638222915656,0.2984691415101211,0.3952367603280326,0.988913040663526,-0.3850193437007398,1.1860573764454156,2.526057549187497,1.4692731548092552,-0.1573961191812276,2.390706585288513,130.33388382100614,1.301816158612643,8.03465498105464,351.29694774703165,3.7057900579824414,3.1889743717402483,71.19870044436895,0.9877294634788236,-0.0985632627031025,1.0,0.2603196879068501,0
CASIA__15_6,15_6,1,SPOOF,unknown_subject,casia_camera,unknown,unknown,casia_real_or_spoof,CASIA,CASIA,train,1.1952008804010907,-0.7421096267615446,1.2685470014218223,0.7509412574800814,-0.3850193437007398,-1.198630419702595,-0.6680451633184121,-1.0953962511717097,-0.1573961191812276,1.176724445869031,1.0671476156565765,0.1883753045892438,3.8000458787641054,3.6154775856734886,0.5372807704311157,1.0033862949291965,0.9299295293827612,0.2834771968508229,-0.0604477647839604,1.0,0.39467463967756217,0
CASIA__15_7,15_7,1,SPOOF,unknown_subject,casia_camera,unknown,unknown,casia_real_or_spoof,CASIA,CASIA,train,-0.1780048239541764,2.052143869071968,-1.4408919405400855,0.1257112416551683,-0.3850193437007398,0.0800428860206212,0.4141775656081574,0.1905402092888312,-0.1573961191812276,1.6029346221604952,139.29436271368746,72.10094077602677,4.562294036137214,356.47489689209976,180.9413265555333,1.9407147093690127,178.18293145997177,90.4438922136789,-0.0571699248478354,1.0,0.7425832389439648,1
CASIA__15_8,15_8,1,SPOOF,unknown_subject,casia_camera,unknown,unknown,casia_real_or_spoof,CASIA,CASIA,train,-0.8329720067724212,2.2440064427111928,-1.159675622345878,0.2901114960387279,-0.3850193437007398,0.4553549768805306,1.0419061978243904,0.6256960830621429,-0.1573961191812276,1.2519805708589684,1.9517213801536373,0.5129199506973732,3.452158145393238,5.087358125215957,1.2019843116772202,2.2421601774898945,1.9987481697652925,1.0553986229704937,0.6651153822412701,1.0,0.4751658237797084,1
CASIA__16_1,16_1,0,REAL,unknown_subject,casia_camera,unknown,unknown,casia_real_or_spoof,CASIA,CASIA,train,-2.3422893131595,2.9524651323307065,-2.786136361502173,-0.9236462135022724,0.6249589347026502,-0.5059447287273608,1.1828626809006897,0.6564690180687242,-0.1573961191812276,1.6626337312834834,169.1883328138961,0.4643925119389318,5.348716976193798,359.54802932517794,1.5329777938989182,1.910763333691041,287.1129640374941,0.3524047366354318,-0.670187752895494,1.0,0.14213681671572861,0
CASIA__16_2,16_2,0,REAL,unknown_subject,casia_camera,unknown,unknown,casia_real_or_spoof,CASIA,CASIA,train,-0.9143131231704392,1.895917427100333,-2.5302044654685574,-0.6556695038826993,0.6249589347026502,2.1195948914410394,2.486368963169037,1.688727558457225,-0.1573961191812276,5.298914944041175,1.1790073220915451,1.2221413959053344,14.146680534680293,3.482724667364863,3.134858541049704,2.696755092375632,1.26024714511124,0.6818568461303844,0.6988165571411773,1.0,0.28310841016170446,0
CASIA__16_3,16_3,1,SPOOF,unknown_subject,casia_camera,unknown,unknown,casia_real_or_spoof,CASIA,CASIA,train,-0.6250613727978864,0.3925553209189746,-0.5538023944091311,-0.2258710602497711,-0.3850193437007398,2.681458655611787,1.6503259527050238,2.660472343371125,-0.1573961191812276,5.535408895856655,158.05447606681156,1.2258175842014092,19.861061054641105,359.0711293576047,4.398557812032935,6.193261302450948,214.71942341656683,1.610025609899426,-0.452702690991336,1.0,0.9130892649442095,1
CASIA__16_4,16_4,1,SPOOF,unknown_subject,casia_camera,unknown,unknown,casia_real_or_spoof,CASIA,CASIA,train,-0.6585545457950419,-0.5869262520998829,-0.0633327175331681,-0.909509656022981,-0.3850193437007398,0.8090339357843588,1.153074317776408,0.9022723479027248,-0.1573961191812276,1.7437147519588565,125.28902861149776,1.7103799267323547,4.728051248314719,359.754917585734,5.22396658698785,1.6070379259693948,61.40704525017111,2.141628961061301,-0.3559449031809114,1.0,0.5293021413145358,1
CASIA__16_5,16_5,1,SPOOF,unknown_subject,casia_camera,unknown,unknown,casia_real_or_spoof,CASIA,CASIA,train,1.1533551668394109,-0.7490489241093071,1.235552422574145,0.6661859020913838,-0.3850193437007398,-1.0939921944408444,-0.4433857807551415,-0.8483967658326401,-0.1573961191812276,1.016055500983815,0.6614961304875953,0.2625403803062441,3.034956781980113,1.9746788966217248,0.7588531092374833,1.0308610633277375,0.6336517778916004,0.2924956864547878,-0.5475136332566007,1.0,0.327407129199147,0
CASIA__16_6,16_6,1,SPOOF,unknown_subject,casia_camera,unknown,unknown,casia_real_or_spoof,CASIA,CASIA,train,1.0246032969329275,-0.4013381867957079,1.0761019546130033,0.9360495337051146,-0.3850193437007398,-0.7492880151465855,0.1467143140717397,-0.23006709772729,-0.1573961191812276,1.5728087999169484,125.55206678099772,0.3004933150897783,4.802489003078067,359.3187108268137,0.7906700151966726,0.9951135559366128,119.99532972246708,0.4221677985317288,-0.1866469072616693,1.0,0.31075901117921917,0
CASIA__16_7,16_7,1,SPOOF,unknown_subject,casia_camera,unknown,unknown,casia_real_or_spoof,CASIA,CASIA,train,-1.221844668392065,1.7610628338831158,-2.145039092655598,-0.6408899800375212,0.6249589347026502,-0.4778255248283946,0.1255626545120225,-0.1184306239918387,-0.1573961191812276,1.8894166700738548,102.49521477278208,0.8615846995367802,6.245557740429971,359.0421648631924,2.707282370408533,1.616183365369152,36.79962689016742,0.3638690920553754,0.0007428812554368,1.0,0.31866269428453486,0
CASIA__16_8,16_8,1,SPOOF,unknown_subject,casia_camera,unknown,unknown,casia_real_or_spoof,CASIA,CASIA,train,-1.3019295556055956,1.4385917375841435,-1.884497159003311,-0.7665438321378971,-0.3850193437007398,0.3144010625847125,2.454594457961768,1.948126584119315,-0.1573961191812276,2.7664692585050883,0.9898843755155284,1.1547973573692147,8.402025124769493,3.115056473247108,4.0185380859398565,1.950409400520108,0.9917440303206794,1.0297407956313749,0.3403300248317181,1.0,0.031212229363285018,0
CASIA__19_1,19_1,0,REAL,unknown_subject,casia_camera,unknown,unknown,casia_real_or_spoof,CASIA,CASIA,train,-0.0362390837823157,-0.5685670572814491,0.3800584156823051,-0.3335121277032604,-0.3850193437007398,1.2043560704173024,1.6467159219458702,0.8499036425659579,-0.1573961191812276,2.476934421124608,0.6868741460289118,0.4481253413322816,5.922310573506718,1.9368441602488249,1.2648781024711606,4.9590752774495535,0.9246496446041306,0.6099334571035349,-0.9913509355466172,1.0,0.580419190468756,1
CASIA__19_2,19_2,0,REAL,unknown_subject,casia_camera,unknown,unknown,casia_real_or_spoof,CASIA,CASIA,train,-0.1663152516793191,-0.0862144547664086,-0.0440744021081562,-0.0246328260448368,-0.3850193437007398,0.2525118176319122,2.620604489420874,2.318328382316879,-0.1573961191812276,2.1699044124890667,117.45376415954752,0.7569084371087661,6.8281299212164885,357.5714329172105,2.0297887801470904,2.0417624152120206,103.8646327970634,0.4246444729854796,-0.1929927633822505,1.0,0.03172490431200614,0
CASIA__19_3,19_3,1,SPOOF,unknown_subject,casia_camera,unknown,unknown,casia_real_or_spoof,CASIA,CASIA,train,0.2388430101346393,-0.4621824952431365,0.4728737274557446,0.1084120677678717,-0.3850193437007398,0.6825361946784034,0.4668481832909937,0.5582630580138415,-0.1573961191812276,2.993298963594439,160.58597665065838,0.6274918845268898,9.281530557489557,357.7600550961607,1.7799324653986233,3.303662601327109,236.7083279476741,0.753056161442821,-0.4932602046234229,1.0,0.8095601312103918,1
CASIA__19_4,19_4,1,SPOOF,unknown_subject,casia_camera,unknown,unknown,casia_real_or_spoof,CASIA,CASIA,train,0.1887155918391058,-0.7221983794362811,0.5755126327567381,-0.1913848220564911,-0.3850193437007398,0.3707524144008136,0.87198502851904,0.5397503631681068,-0.1573961191812276,2.8196530825937747,160.85939207226434,2.542169528162687,8.929429107814498,357.88574347283907,8.710682185737573,3.465243366142996,178.16589145418217,2.12446296882584,-0.3003165345359423,1.0,0.6138011741859714,1
CASIA__19_5,19_5,1,SPOOF,unknown_subject,casia_camera,unknown,unknown,casia_real_or_spoof,CASIA,CASIA,train,-0.931991090161304,1.534550727824677,-0.8222896229598707,0.6182065847005977,-0.3850193437007398,-1.0485984508888873,-0.5719548458708297,-0.961069066748877,-0.1573961191812276,1.3406179591350058,0.5990528076658234,0.3438272431181267,4.046660943999002,1.9545668706738293,1.01568830570394,1.1774009440273574,0.6571352385022635,0.2889413108338733,0.2188055185223238,1.0,0.4374007454622211,1
CASIA__19_6,19_6,1,SPOOF,unknown_subject,casia_camera,unknown,unknown,casia_real_or_spoof,CASIA,CASIA,train,1.3441531369561,-0.5617600214271268,1.2888083736020388,0.9386188395891846,-0.3850193437007398,-0.3991371518971287,1.8756941594211547,1.4357916951420404,-0.1573961191812276,1.9998922681662563,0.760968702858288,0.1073437155510259,5.688450614043472,2.32854929208682,0.3031868850657998,2.1386170812964886,0.8758565603422378,0.1597472625892084,-0.1728773761978613,1.0,0.028262786520887352,0
CASIA__19_7,19_7,1,SPOOF,unknown_subject,casia_camera,unknown,unknown,casia_real_or_spoof,CASIA,CASIA,train,-1.6074240172906142,1.4573378680188769,-1.6035986002065534,-0.8268680013705498,-0.3850193437007398,-0.3709695749016005,-0.0605593777931298,-0.4245308544767073,-0.1573961191812276,1.8328478848204075,161.30472574484168,0.3520547758267131,6.545303772097116,358.9503707087533,1.0824208517737368,1.618018554141756,179.5558787033984,0.4939622481627703,-0.3191581227947297,1.0,0.6333458203414637,1
CASIA__19_8,19_8,1,SPOOF,unknown_subject,casia_camera,unknown,unknown,casia_real_or_spoof,CASIA,CASIA,train,-0.8535877238187267,2.1145221427456984,-1.9361903251501025,-0.467312097463168,0.6249589347026502,-0.8862038777723401,-0.6284312010735622,-0.8658484666523424,-0.1573961191812276,1.2469499031647238,175.4583056771316,0.5778767416822882,3.361682746866024,358.5432470752057,1.6986370478245822,1.832571293058432,89.63581176880145,0.6717074705989894,0.5840360749249017,1.0,0.654082276228645,1
CASIA__1_1,1_1,0,REAL,unknown_subject,casia_camera,unknown,unknown,casia_real_or_spoof,CASIA,CASIA,train,-0.0523641965477748,-0.1823495702501817,0.2125520545872018,0.0395557962897964,-0.3850193437007398,-0.2881314734588918,0.5980673290475297,0.0700172525043087,-0.1573961191812276,2.0598408439761697,1.768331317692383,0.4368626503006569,6.348627192042136,4.978747892801152,1.3047923988438908,1.931368479820461,1.8357772735501967,0.4704388671665002,0.2941278534659779,1.0,0.28319498003087834,0
CASIA__1_2,1_2,0,REAL,unknown_subject,casia_camera,unknown,unknown,casia_real_or_spoof,CASIA,CASIA,train,-0.4674212122925372,3.4640808881559297,-2.3106621959790594,0.6192626671948862,0.6249589347026502,0.3355765784359603,0.9513820688279182,0.5628734293014911,-0.1573961191812276,2.7999290646895383,1.3862998500236456,0.4901644883461321,7.6565299082715,3.630792408842524,1.3754393787834251,3.3149009453647977,1.2147820975666832,0.765418098568602,-0.3246784201514042,1.0,0.27993920753250195,0
CASIA__1_3,1_3,1,SPOOF,unknown_subject,casia_camera,unknown,unknown,casia_real_or_spoof,CASIA,CASIA,train,0.3853669258695934,-0.4214651689260471,0.5910076139751906,0.4367559475553945,-0.3850193437007398,0.6235014031799024,1.0069464318101755,0.8054610023387361,-0.1573961191812276,5.586512105187302,3.938696358420926,84.61592440890755,19.522558584912737,12.039988126348248,358.6186329561794,7.040417925361087,4.462777374388769,89.48371494915743,-0.0141785780365166,1.0,0.879133553595219,1
CASIA__1_4,1_4,1,SPOOF,unknown_subject,casia_camera,unknown,unknown,casia_real_or_spoof,CASIA,CASIA,train,0.5933879641270811,-0.3763408017710444,0.60328719945336,0.2950914138789795,-0.3850193437007398,2.9289526071513854,1.3161662824307656,2.1552460078580387,-0.1573961191812276,9.759593817354125,4.169892023517501,85.36887951783864,25.541626244926,10.200093563860976,178.5933259634455,17.60266347620578,7.399149623247082,151.22145001921012,-0.7497427828491519,1.0,0.9752941343097189,1
CASIA__1_5,1_5,1,SPOOF,unknown_subject,casia_camera,unknown,unknown,casia_real_or_spoof,CASIA,CASIA,train,-0.3004091393469726,1.4159988531053624,-0.693002157024953,0.3389277959201412,-0.3850193437007398,0.1237871510555302,1.7355008920331785,0.944495436709247,-0.1573961191812276,9.07250931846998,1.015010392049125,89.0533122022908,20.545016413277523,3.3883049731438177,179.01374143405707,7.757429099442908,1.293635402251876,76.44060271886194,0.1559846950885402,1.0,0.22152168237414918,0
CASIA__1_6,1_6,1,SPOOF,unknown_subject,casia_camera,unknown,unknown,casia_real_or_spoof,CASIA,CASIA,train,-0.1314994409064259,-0.5549880616783286,0.2735992863886358,-0.3213571966589613,-0.3850193437007398,-1.1418766015193127,-0.6158065842066746,-0.9730355517015408,-0.1573961191812276,1.367690116911959,0.7169843815907119,0.2467414944136297,4.812648165851145,2.131651871796123,0.769824152188983,2.173518867561787,0.7849969281827214,0.2275724868394436,-0.7907490751227788,1.0,0.4116348851211463,0
CASIA__1_7,1_7,1,SPOOF,unknown_subject,casia_camera,unknown,unknown,casia_real_or_spoof,CASIA,CASIA,train,0.5569650654459283,-0.1906255948932864,0.5815433243599483,0.7136492082585936,-0.3850193437007398,0.2090987815907738,1.3784551990798222,0.8480251673260634,-0.1573961191812276,6.388329010744242,3.4987569248142414,53.13997647735102,20.59350469389293,13.000021131997729,177.99663553283634,8.78716318769287,3.418747193319521,39.835714083716496,-0.1010873850492021,1.0,0.5933762369725929,1
CASIA__1_8,1_8,1,SPOOF,unknown_subject,casia_camera,unknown,unknown,casia_real_or_spoof,CASIA,CASIA,train,-0.0295489716187627,2.4099829994166897,-2.2242374411335057,0.1856371403204159,0.6249589347026502,1.4617337805341548,1.714977652213241,1.3361105380010847,-0.1573961191812276,3.384374994808008,5.212630784355752,58.64604989792529,9.815951169525484,16.924013936555525,177.7907346857206,5.436624431215156,3.3510854917031208,25.690708897029403,0.3558827552876042,1.0,0.9032416704323307,1
CASIA__20_1,20_1,0,REAL,unknown_subject,casia_camera,unknown,unknown,casia_real_or_spoof,CASIA,CASIA,train,-1.53059979190748,1.2359033819749834,-1.4775068805792153,-0.9260824212532752,-0.3850193437007398,0.3378060382599652,2.7413754933005245,1.8886106164584384,-0.1573961191812276,1.5776992239197696,142.43636905720732,1.49012731858336,4.072040441016759,356.9097935341049,4.23223629750175,1.3692217307255108,89.48866080886829,1.397925915561588,0.9621645191710358,1.0,0.05504258460758292,0
CASIA__20_2,20_2,0,REAL,unknown_subject,casia_camera,unknown,unknown,casia_real_or_spoof,CASIA,CASIA,train,-0.1678896886968814,-0.0356398491382815,0.082533255480767,0.0190576599658497,-0.3850193437007398,0.2876889758681977,2.5111330513828003,1.848803788247556,-0.1573961191812276,1.6547289515927843,123.42998197859924,0.6511490661688463,4.651214392387185,355.548210668012,2.225402640909196,1.28610169200161,61.1542211622656,0.561830377774193,-0.4005141016270122,1.0,0.041394049915743004,0
CASIA__20_3,20_3,1,SPOOF,unknown_subject,casia_camera,unknown,unknown,casia_real_or_spoof,CASIA,CASIA,train,-0.8245436497328872,0.8885138032708786,-1.002673847974633,-0.3053977066725639,-0.3850193437007398,0.7019281867461615,1.29416217123712,1.1755335275512844,-0.1573961191812276,3.3298946098048727,176.73035873542494,4.02027605645464,8.325509384460597,357.30744348099233,10.198114845645785,2.1894075264242563,119.13785472040436,1.8800845183105908,0.3458151154538145,1.0,0.46450544074678884,1
CASIA__20_4,20_4,1,SPOOF,unknown_subject,casia_camera,unknown,unknown,casia_real_or_spoof,CASIA,CASIA,train,-0.1679085044644014,-0.6768479817828074,0.3088844276773041,-0.524091249113199,-0.3850193437007398,0.9942345782593284,0.7469375503786059,0.6466824931635239,-0.1573961191812276,1.237300522750198,161.00066886748542,1.453831011645366,3.54460407728806,357.69920920921925,4.508667982194663,1.8516926866592955,179.02617278640545,2.058705333340722,-0.3131451637404068,1.0,0.8446530800254574,1
CASIA__20_5,20_5,1,SPOOF,unknown_subject,casia_camera,unknown,unknown,casia_real_or_spoof,CASIA,CASIA,train,0.7953791022990302,-0.596422046450804,0.9235722039878616,0.4338748848904145,-0.3850193437007398,4.175448189645694,4.191440426224543,2.945160914062376,-0.1573961191812276,2.973876191791602,142.0363729637054,0.3388894211089854,7.768732374428485,356.0299234376833,0.8923226988852244,4.672668161109046,177.92092241245425,0.5644028785578292,-0.3308142288791739,1.0,0.8588661625554702,1
CASIA__20_6,20_6,1,SPOOF,unknown_subject,casia_camera,unknown,unknown,casia_real_or_spoof,CASIA,CASIA,train,1.1940818956385209,-0.5077083013510679,1.1417654931378274,0.9295016174741672,-0.3850193437007398,-1.0432968035814112,-0.462293096335518,-0.805882021590997,-0.1573961191812276,0.6215410283957603,0.4743482799338764,0.2291102541054241,1.958765635972043,1.4708692827606171,0.756483994551991,0.7549365328811497,0.5854509596051827,0.2442119583316916,-0.5306392324813818,1.0,0.35841251829608195,0
CASIA__20_7,20_7,1,SPOOF,unknown_subject,casia_camera,unknown,unknown,casia_real_or_spoof,CASIA,CASIA,train,-0.7047262256717589,1.1744938343748388,-1.7590716487133844,-0.2928061113686293,0.6249589347026502,0.0042912779403103,1.3707795375321297,0.839166437799199,-0.1573961191812276,1.548588580228379,174.19963869524574,0.5809645441904246,4.228647490042974,358.77422769804184,2.023600186379931,1.514964119772442,81.10878463610679,0.6999530138392207,0.5382716362007666,1.0,0.19675599775719224,0
CASIA__20_8,20_8,1,SPOOF,unknown_subject,casia_camera,unknown,unknown,casia_real_or_spoof,CASIA,CASIA,train,-0.2453868544713533,-0.2105518016934926,-0.084759956053855,-0.4231445058370307,0.6249589347026502,0.3040714781562291,1.4378647577988066,0.8657813352397122,-0.1573961191812276,1.038562317364382,176.16862583607195,0.2251108469140694,3.269813773748816,358.2772888695322,0.8077677977988804,1.3779470186627192,60.643476544592126,0.305357358144241,0.7052833589720263,1.0,0.31423627794013564,0
CASIA__21_1,21_1,0,REAL,unknown_subject,casia_camera,unknown,unknown,casia_real_or_spoof,CASIA,CASIA,train,-0.6231056397855618,-0.3616623452679092,-0.1438697537906195,-0.7922481531283084,-0.3850193437007398,2.5471291008128065,-0.0030178648337277,1.330559346655818,-0.1573961191812276,1.4069942327617035,0.7289784399159589,0.299065533664235,3.863722622922282,1.949791068983501,0.825767469905764,1.8121341152536288,1.0837156264558512,0.2981033537338947,-0.2955381898142128,1.0,0.9867710677475067,1
CASIA__21_2,21_2,0,REAL,unknown_subject,casia_camera,unknown,unknown,casia_real_or_spoof,CASIA,CASIA,train,-0.044548458762527,-0.2422234397781089,0.1972790183895837,-0.1613333112737899,-0.3850193437007398,-0.6003600327894935,-0.1489608559760047,-0.414840858269358,-0.1573961191812276,1.838935746057916,179.02163979133056,0.2428465864262569,6.00454554261392,359.3273642092177,0.7974648835305838,2.3466182785705145,153.8525359116598,0.3676935351875477,0.1669707947314911,1.0,0.6489131774936292,1
CASIA__21_3,21_3,1,SPOOF,unknown_subject,casia_camera,unknown,unknown,casia_real_or_spoof,CASIA,CASIA,train,-1.020429624749214,-0.3758254585646161,-0.5141885766643757,-1.1677504931667295,-0.3850193437007398,2.742239065779388,2.6549437144928105,2.2534396735894875,-0.1573961191812276,2.9473148990142346,173.31377085145286,0.5308564715049059,7.203610671123025,359.011109862856,1.6287758987143717,3.5961254286714137,205.04034237474843,0.7729329250474601,-0.4164235778979624,1.0,0.8248339063066066,1
CASIA__21_4,21_4,1,SPOOF,unknown_subject,casia_camera,unknown,unknown,casia_real_or_spoof,CASIA,CASIA,train,-1.275851178524016,0.1221775288042942,-0.8422747802574958,-1.200470109601507,-0.3850193437007398,0.3895778131598668,2.217726289902415,1.9841788963699003,-0.1573961191812276,4.664329709502644,176.0284534343934,0.9725139104445636,14.98453253709772,356.85467751041483,3.099240753939789,6.111771627096584,59.67234594796688,0.837979921987329,0.6973259355826967,1.0,0.14584566608229005,0
CASIA__21_5,21_5,1,SPOOF,unknown_subject,casia_camera,unknown,unknown,casia_real_or_spoof,CASIA,CASIA,train,-0.8500135580971363,0.3085773155122627,-0.7037906312670289,-0.8653215877609872,-0.3850193437007398,0.3116948137201074,1.7120381756326748,0.9556990954106402,-0.1573961191812276,3.5084029686461022,179.3194373581397,0.4647738112608206,7.901674175043128,359.36899910054865,1.1144766395630654,2.633891391681043,120.06205960246812,0.4214772399711786,0.493269439059361,1.0,0.22202229835074427,0
CASIA__21_6,21_6,1,SPOOF,unknown_subject,casia_camera,unknown,unknown,casia_real_or_spoof,CASIA,CASIA,train,-1.3652709000476493,0.9060460472511678,-1.4912044065488368,-1.0602089933550922,-0.3850193437007398,2.139082527809062,2.428644439445952,1.7972372570833464,-0.1573961191812276,3.258838813378359,124.83075947567391,0.9011172715367116,9.003991524990631,357.6021651315321,2.99921687079918,5.677012013322604,60.29490177065093,0.7710266380778618,-0.4157587458279338,1.0,0.7156334195964125,1
CASIA__21_7,21_7,1,SPOOF,unknown_subject,casia_camera,unknown,unknown,casia_real_or_spoof,CASIA,CASIA,train,-1.2441894991330544,0.1622645278238103,-0.9595171439445188,-1.1761405387508987,-0.3850193437007398,0.6719877743278876,0.2273746167929222,0.4569197326898397,-0.1573961191812276,1.40830633735101,168.83783166022474,0.4675753577438279,4.38703427868979,359.3004550191636,1.3175039277809883,1.975559808254544,214.7490584832668,0.729994140164085,-0.4042129469122666,1.0,0.873792616747256,1
CASIA__21_8,21_8,1,SPOOF,unknown_subject,casia_camera,unknown,unknown,casia_real_or_spoof,CASIA,CASIA,train,-1.624352950712667,1.3868858344634083,-1.505615955475451,-0.9546816266378698,-0.3850193437007398,-0.4531930405069001,0.2258158138352405,-0.1385419460618822,-0.1573961191812276,3.664801124588508,174.7345935517694,0.7600127405948849,10.846861357235223,359.0593131693021,2.154401852451177,2.711715339308806,180.14815119079063,0.6134756890318773,-0.0156633303574866,1.0,0.4474412843049135,1
CASIA__22_1,22_1,0,REAL,unknown_subject,casia_camera,unknown,unknown,casia_real_or_spoof,CASIA,CASIA,train,-0.4110226093632537,1.43579637304708,-0.9007926622262176,0.351966805717535,-0.3850193437007398,1.879762621336854,1.4773298257577374,1.173367779011354,-0.1573961191812276,2.5960718257991715,178.3892576554818,0.675783744889631,5.995929255978252,357.0874543231195,1.783996304982647,2.196300411423728,119.07277236594092,1.0428007680246851,0.4996444038168497,1.0,0.8610033416105375,1
CASIA__22_2,22_2,0,REAL,unknown_subject,casia_camera,unknown,unknown,casia_real_or_spoof,CASIA,CASIA,train,0.2402375905508983,0.2301319513616095,-0.1846520578002047,0.1026734905691434,0.6249589347026502,-0.0030889800586115,0.9860595683577624,0.4787047869105155,-0.1573961191812276,2.532337479414577,178.80191622037404,0.4588754410292151,8.946302327536598,359.27349032148885,1.6935846427904866,1.8136746884073964,204.6440897084356,0.6415295999609005,-0.177833217641788,1.0,0.2944671537299211,0
CASIA__22_3,22_3,1,SPOOF,unknown_subject,casia_camera,unknown,unknown,casia_real_or_spoof,CASIA,CASIA,train,-0.3393854483617043,-0.6529069013881933,0.1797932689319784,-0.6304878490225211,-0.3850193437007398,2.0560612917729912,1.5061902035590085,1.8019711802352063,-0.1573961191812276,2.011912301884082,2.651904201286392,1.2975286217939117,5.816868168506289,7.251591148592411,3.86481634161924,2.515143450415607,2.858957000034146,1.071463908438287,-0.1952793987650302,1.0,0.7853317767035278,1
CASIA__22_4,22_4,1,SPOOF,unknown_subject,casia_camera,unknown,unknown,casia_real_or_spoof,CASIA,CASIA,train,-0.2945015417503186,-0.2852455864558502,0.040669671260067,-0.2863191131293542,-0.3850193437007398,0.9255679208914112,0.6789404449403328,0.8260847907618093,-0.1573961191812276,3.2196674042975406,0.9925137413669264,1.6423758238918331,9.598188673214326,2.642751554010431,5.2085224941059405,3.5581647481116043,1.713875523678496,1.472555677243989,0.2485610397024285,1.0,0.7025521001571434,1
CASIA__22_5,22_5,1,SPOOF,unknown_subject,casia_camera,unknown,unknown,casia_real_or_spoof,CASIA,CASIA,train,0.2978249072635646,2.753896245624256,-1.5614920180014074,0.7182052597366195,-0.3850193437007398,-0.453702115008304,0.0365109186180346,-0.4041883747809144,-0.1573961191812276,0.9020099969577406,1.5393759154024704,0.2156730916600127,2.765975512169407,3.7057570135936544,0.6209132348634653,1.6652455923172134,2.4284717128646776,0.4173583478233427,-0.5814196995863724,1.0,0.40219327159115636,0
CASIA__22_6,22_6,1,SPOOF,unknown_subject,casia_camera,unknown,unknown,casia_real_or_spoof,CASIA,CASIA,train,1.1138719389114675,-0.3685222931667636,1.0759619757971648,0.9379927664478772,-0.3850193437007398,-0.2506233710661787,1.0100946965245086,0.5662418304703847,-0.1573961191812276,1.3287072247336906,0.941578355422,0.177242818330306,4.071562168875274,2.8371352335275617,0.5678301039754587,1.9097196988044345,1.2596046809656134,0.2722941211581809,-0.3567618058961422,1.0,0.16408255203721794,0
CASIA__22_7,22_7,1,SPOOF,unknown_subject,casia_camera,unknown,unknown,casia_real_or_spoof,CASIA,CASIA,train,-0.5699477761092984,-0.172480896790217,-0.2908166327407588,-0.7441183324639765,-0.3850193437007398,1.263270094458327,1.6117955499191583,1.2532251308342512,-0.1573961191812276,0.8289327500551273,1.095711685611256,0.7822737562046871,2.135074344869931,2.816637616281497,2.310911323501085,1.0242211805008408,0.8389487276445564,0.8730589934969404,0.4569223217796921,1.0,0.5259897731772549,1
CASIA__22_8,22_8,1,SPOOF,unknown_subject,casia_camera,unknown,unknown,casia_real_or_spoof,CASIA,CASIA,train,-0.8581823682258655,0.0535787200598007,-0.5749929040500904,-1.015539980108424,-0.3850193437007398,1.0284866974394915,1.900046152269992,1.4356843328324511,-0.1573961191812276,1.0825176869022073,0.5292441772037043,0.8390404267142044,2.680370586084724,1.3613618907546652,2.0592200340992486,1.0084308108163864,0.5892276407260795,0.7454346396030179,0.3208173163863556,1.0,0.29074454413059336,0
CASIA__23_1,23_1,0,REAL,unknown_subject,casia_camera,unknown,unknown,casia_real_or_spoof,CASIA,CASIA,train,-1.0545506356361485,2.6163859965195813,-2.3134278068478618,-0.1601052250383084,0.6249589347026502,1.034116929197874,1.553173014559206,1.3300025720480366,-0.1573961191812276,1.825812428446909,1.3118100880078731,0.3212528191439397,5.571025935341706,3.672620842375608,0.881161791195993,1.470868134615677,1.117905136588142,0.3545698419524024,0.1602116161031067,1.0,0.29260784702257503,0
CASIA__23_2,23_2,0,REAL,unknown_subject,casia_camera,unknown,unknown,casia_real_or_spoof,CASIA,CASIA,train,-1.2645080377335145,2.02834752415737,-2.4805493197681363,-0.4784380775556883,0.6249589347026502,0.9354106890542664,2.383816137005768,2.095844219161329,-0.1573961191812276,1.614466889246897,1.8660208445706528,0.7843248194684177,5.3381876660688095,5.918188239510357,2.1659868659581067,2.154584990482931,2.2027643426944388,0.7492237809078263,0.4081416837023167,1.0,0.10214329482531456,0
CASIA__23_3,23_3,1,SPOOF,unknown_subject,casia_camera,unknown,unknown,casia_real_or_spoof,CASIA,CASIA,train,0.2537412241767476,-0.4728708771818806,0.4532901671351089,-0.022596424608927,-0.3850193437007398,1.4514220467700056,1.574992830402619,1.1919986697784173,-0.1573961191812276,1.861502460334045,177.28574347813537,0.55091610347101,5.113036512327438,359.4740619187078,1.7839011931865494,2.427006065206099,239.4044201108921,0.8201653072127365,-0.3357094483481335,1.0,0.7812744805932196,1
CASIA__23_4,23_4,1,SPOOF,unknown_subject,casia_camera,unknown,unknown,casia_real_or_spoof,CASIA,CASIA,train,-0.094596740153488,-0.1969946262579264,0.0430352758202412,-0.0792808718181227,-0.3850193437007398,0.6851285078212654,1.1716650255920031,0.7781169663104203,-0.1573961191812276,4.677477938147388,125.35540980027156,1.126621892369855,14.709679803570545,359.53467990809315,3.1081943092392565,5.307994984731134,120.46921891359852,1.343568816507046,-0.1798959175019754,1.0,0.5339979993880202,1
CASIA__23_5,23_5,1,SPOOF,unknown_subject,casia_camera,unknown,unknown,casia_real_or_spoof,CASIA,CASIA,train,-0.0402872408239566,0.0682993647025935,-0.069867370300888,-0.1166174577226001,-0.3850193437007398,0.3277223963178742,1.127285643331149,0.7841022324810798,-0.1573961191812276,1.067691142790758,175.35705337345152,0.3146914440730186,2.7856625874826983,358.9828672583643,0.9630000275653406,1.0905071371859478,180.2196681517255,0.3954219216585248,-0.3363876119308456,1.0,0.45239947252139223,1
CASIA__23_6,23_6,1,SPOOF,unknown_subject,casia_camera,unknown,unknown,casia_real_or_spoof,CASIA,CASIA,train,-0.594307830892275,0.6160819365435305,-0.6775977503343966,-0.2519562466671086,-0.3850193437007398,0.7415496094554157,0.5372022481294045,0.3632363794949263,-0.1573961191812276,2.2723162514739608,0.7315746545511052,0.914373614449407,6.707548947212014,1.6814283084774502,2.481676397877385,2.9684845140834883,0.9913755365229188,0.7979313661473019,-0.6549363637416271,1.0,0.6861960676082278,1
CASIA__23_7,23_7,1,SPOOF,unknown_subject,casia_camera,unknown,unknown,casia_real_or_spoof,CASIA,CASIA,train,-0.0107780298969011,0.1425358196050325,-0.2357005354168326,0.0489427980822186,0.6249589347026502,0.3128441981625624,0.7642755293915985,0.9418698074373102,-0.1573961191812276,2.0472187956445222,173.00570839447397,0.699194244514728,7.500571582186811,358.8006597904833,2.334239946919097,1.6515779411167135,154.404748744825,0.5818858060038352,0.0946871873954167,1.0,0.4613235648940215,1
CASIA__23_8,23_8,1,SPOOF,unknown_subject,casia_camera,unknown,unknown,casia_real_or_spoof,CASIA,CASIA,train,0.4483848051317637,-0.5027831618589469,0.5723088395386224,0.1746370915384128,-0.3850193437007398,1.2637273799953022,1.2448960504655948,1.074844722792661,-0.1573961191812276,1.7039426965302076,177.30119401376643,0.5961240598987594,4.745999584128283,359.7018803664307,1.5223072121020007,2.033643742699553,179.53335318384305,0.4146443813617371,-0.0088152372103368,1.0,0.7930827404997401,1
CASIA__24_1,24_1,0,REAL,unknown_subject,casia_camera,unknown,unknown,casia_real_or_spoof,CASIA,CASIA,train,-0.5855560086728592,-0.2984773211671237,-0.211061269630042,-0.6403376227852975,-0.3850193437007398,1.790364731318914,1.5975248210288076,1.1018912605390752,-0.1573961191812276,1.6620883449182664,0.8348224930527883,0.2009289856351001,4.702521801356736,2.4180398944047568,0.4767411264815379,1.6713145439837418,0.9503107592421258,0.3477234672017048,0.0672621724380551,1.0,0.7190446420114235,1
CASIA__24_2,24_2,0,REAL,unknown_subject,casia_camera,unknown,unknown,casia_real_or_spoof,CASIA,CASIA,train,-1.7922731611435825,1.4884920032217788,-2.1337467508177417,-1.0327746525927726,0.6249589347026502,0.7313760530559343,2.6472269461755498,2.049917982755788,-0.1573961191812276,1.2554071531262765,1.447159342794652,0.2259494225777648,3.6238811908065633,4.057547471298335,0.7899118317227958,1.4118176124203876,1.572235705597466,0.2905294671504718,-0.0717329889409448,1.0,0.046811940623380704,0
CASIA__24_3,24_3,1,SPOOF,unknown_subject,casia_camera,unknown,unknown,casia_real_or_spoof,CASIA,CASIA,train,0.0124245784810727,-0.3117749632104342,0.3153668690952652,-0.0174813609720248,-0.3850193437007398,1.6759219184819134,0.9747632568021112,1.4554448406437217,-0.1573961191812276,3.2636305263796275,1.2436541829165275,2.284723867866836,11.790471875788532,3.786771611516258,7.6845671087927006,4.743459959870753,2.003127913333734,2.0012313590592705,-0.313073184487897,1.0,0.8387213050955947,1
CASIA__24_4,24_4,1,SPOOF,unknown_subject,casia_camera,unknown,unknown,casia_real_or_spoof,CASIA,CASIA,train,-0.3644032249005244,-0.1846400175994448,-0.2044371651591525,-0.5155038599509643,0.6249589347026502,1.4939130188657448,0.8326554416214788,0.9790169231033706,-0.1573961191812276,1.973831002006637,1.0220409869967848,0.8991710818874181,5.657279161251001,3.671351423179004,3.0062751431070875,2.698235666184321,1.4950771757984809,0.9244116039855382,-0.2672071641926101,1.0,0.7931749338375429,1
CASIA__24_5,24_5,1,SPOOF,unknown_subject,casia_camera,unknown,unknown,casia_real_or_spoof,CASIA,CASIA,train,-0.5400010985873805,1.3908271673907164,-1.3492381909456663,-0.2299402797103137,0.6249589347026502,0.1701767302798764,1.7914850578996548,0.9580233311694888,-0.1573961191812276,2.9325459028145646,1.2261699657555245,0.4621763434849192,9.862647166985385,3.97209731353243,1.2697060647360097,3.758465507087208,1.337660813316552,0.7244713724070919,0.1256176395781488,1.0,0.0939068877493608,0
CASIA__24_6,24_6,1,SPOOF,unknown_subject,casia_camera,unknown,unknown,casia_real_or_spoof,CASIA,CASIA,train,-0.3816069238688758,-0.2640397720480682,-0.0735659549482488,-0.471136621125229,-0.3850193437007398,-0.8691534080324669,-0.6766860417892607,-0.8815443920145378,-0.1573961191812276,3.790543127721834,0.3358179990130887,0.3466872671143951,12.350497960338323,0.990931366017236,1.0087307034233794,3.845416799895697,0.4128107365588438,0.6117179742914712,-0.325582564185283,1.0,0.49235533213524274,1
CASIA__24_7,24_7,1,SPOOF,unknown_subject,casia_camera,unknown,unknown,casia_real_or_spoof,CASIA,CASIA,train,-0.1905969996651125,-0.0017686190095871,-0.1349657537136387,-0.1723983733746357,-0.3850193437007398,0.860891878705927,1.6415051250684336,1.2675683458723064,-0.1573961191812276,1.8880240344165484,1.0265426832057811,0.4472057473594076,6.174658376466441,2.970573319494889,1.4984091563838673,1.881566543817819,0.7362944576452719,0.5707175476139272,0.2732866796504051,1.0,0.30442479050743837,0
CASIA__24_8,24_8,1,SPOOF,unknown_subject,casia_camera,unknown,unknown,casia_real_or_spoof,CASIA,CASIA,train,-0.5587222338658033,1.2475566919376664,-1.3328500026577013,-0.2111084296291734,-0.3850193437007398,0.6215510528173815,1.4774663344883463,0.9775082513742848,-0.1573961191812276,1.2682127422945728,1.6936843237984625,0.7418898925900613,4.172635861647201,4.512169291178452,2.5762796100420644,1.572874617955568,0.8488259030081196,0.8395598755444963,0.7759088879034043,1.0,0.32900597333490994,0
CASIA__25_1,25_1,0,REAL,unknown_subject,casia_camera,unknown,unknown,casia_real_or_spoof,CASIA,CASIA,train,-0.1852350593265672,-0.0701054368002885,-0.0287261366538977,-0.2637205858824479,-0.3850193437007398,1.1106429475803208,1.7695104065575336,1.0009833490261872,-0.1573961191812276,0.5838615564110481,1.2993615491182269,0.1538599544251459,1.5288253468141528,3.3430973295496926,0.3931372532955669,0.7899531331989307,1.7733191037840754,0.1886126381994546,0.292276132592641,1.0,0.42432649705152636,1
CASIA__25_2,25_2,0,REAL,unknown_subject,casia_camera,unknown,unknown,casia_real_or_spoof,CASIA,CASIA,train,-0.8039412144048314,2.341829307196015,-2.6286385793082285,-0.2359409578480027,0.6249589347026502,0.0084665703661093,1.691763631768627,1.466043764703345,-0.1573961191812276,1.4738343471283868,154.61233739907604,0.5282548780842468,4.389868713089211,358.8606534731831,1.684819649709454,1.2820583273411097,53.05702309198872,0.2924969686057524,0.6318143703373016,1.0,0.08852429464053392,0
CASIA__25_3,25_3,1,SPOOF,unknown_subject,casia_camera,unknown,unknown,casia_real_or_spoof,CASIA,CASIA,train,-0.1657192345728455,-0.2899045645867347,0.1035059371248878,-0.2780946723376723,-0.3850193437007398,0.9284174158278397,1.2926645145991713,1.2338283402350596,-0.1573961191812276,2.3349044349695536,131.23903113779227,2.1130836562624093,7.518085108832968,355.9029520032649,6.008882280193934,2.343571299514646,73.14941550773338,1.7392383818616082,-0.4747057618627231,1.0,0.5039311377670093,1
CASIA__25_4,25_4,1,SPOOF,unknown_subject,casia_camera,unknown,unknown,casia_real_or_spoof,CASIA,CASIA,train,-0.0339203171378214,-0.3528172461866644,0.1978797296179809,-0.1919525367856079,-0.3850193437007398,0.690402167050093,1.6996105715228549,0.9452715615232418,-0.1573961191812276,1.555156419704315,161.73233150022236,1.6070995758148952,4.136941336608185,359.5337648466036,4.05610168114813,1.280649316989534,239.063623412514,0.7344542753898944,-0.4949787108272239,1.0,0.4043305395688501,0
CASIA__25_5,25_5,1,SPOOF,unknown_subject,casia_camera,unknown,unknown,casia_real_or_spoof,CASIA,CASIA,train,0.4336360104199689,1.7358977016658952,-1.191714677351751,0.463617710387583,0.6249589347026502,0.8285991454097377,1.9175960024244687,1.2376444495385002,-0.1573961191812276,2.222065732446123,1.5151371417832846,0.61568535631392,6.865309220625691,3.885644174225433,2.056337315718375,2.9026174003945044,1.5310959596646443,0.8467802244456343,0.1593605342049719,1.0,0.1889179730701507,0
CASIA__25_6,25_6,1,SPOOF,unknown_subject,casia_camera,unknown,unknown,casia_real_or_spoof,CASIA,CASIA,train,1.0939465945117013,-0.4834324712869607,1.043213295564474,0.841530406424239,-0.3850193437007398,-0.9048106058932908,-0.4394311810639899,-0.7666837015270969,-0.1573961191812276,0.967995653248056,0.3862783768885963,0.2606557295342951,2.695092058171177,1.3290032371318432,0.8164674160160901,1.2784453270367706,0.4983898986540112,0.2664682141556301,-0.3849712765799783,1.0,0.42311086182734153,1
CASIA__25_7,25_7,1,SPOOF,unknown_subject,casia_camera,unknown,unknown,casia_real_or_spoof,CASIA,CASIA,train,-0.9245159731086788,1.271595516256911,-1.3647174526179553,-0.4587211248896584,-0.3850193437007398,1.3699434607381893,3.005070966849569,2.345594757173405,-0.1573961191812276,1.5416933323582134,140.89911573249276,0.1691666748988061,4.16158273840309,353.6145737333526,0.5303850228187716,1.9104621636530232,89.29843747334904,0.2263640030675693,-0.7399133871812859,1.0,0.12573957788154264,0
CASIA__25_8,25_8,1,SPOOF,unknown_subject,casia_camera,unknown,unknown,casia_real_or_spoof,CASIA,CASIA,train,-0.949156327487224,1.7329384996932662,-1.544161966905804,-0.5555602550130535,-0.3850193437007398,1.7168116198732368,1.825041370289516,1.1531030822133257,-0.1573961191812276,0.8662842727408803,0.7889436329453282,0.5568704452090804,2.141591723921509,1.9252254820162875,1.4636569852736052,1.159433294670933,1.221352100672921,0.6191892877999736,-0.1175768868689105,1.0,0.6145059534067367,1
CASIA__26_1,26_1,0,REAL,unknown_subject,casia_camera,unknown,unknown,casia_real_or_spoof,CASIA,CASIA,train,-1.5344263102758222,1.690403024670723,-2.18552225744444,-0.9902285545685062,0.6249589347026502,-1.1208563148247428,-0.6028467758895967,-0.956234384921549,-0.1573961191812276,0.8850006225026477,0.845917384379223,0.1557184788625412,2.249365077838388,2.2847083174430907,0.4873918625144164,1.2626209824394532,1.412864599618581,0.1661139900750167,-0.5711013456030062,1.0,0.3358890426356611,0
CASIA__26_2,26_2,0,REAL,unknown_subject,casia_camera,unknown,unknown,casia_real_or_spoof,CASIA,CASIA,train,-0.5316444074859028,-0.510340238046147,-0.1011823904959628,-0.7839776399059498,-0.3850193437007398,-1.1791400286024225,-0.6705941148831889,-1.0633173790467252,-0.1573961191812276,2.015676977985136,0.6758767642625514,0.260778211023955,6.23349338830565,2.2061227691254715,0.7674805306254895,2.2613309684627105,0.7072286576898866,0.4619189894717364,0.3246849760604333,1.0,0.4522222553003828,1
CASIA__26_3,26_3,1,SPOOF,unknown_subject,casia_camera,unknown,unknown,casia_real_or_spoof,CASIA,CASIA,train,0.0456914088630505,-0.689057473294527,0.4573600324918592,-0.2928030398732518,-0.3850193437007398,1.735722084761096,2.333261319008268,2.858698954310098,-0.1573961191812276,2.73505704586479,175.51164497361577,0.3800167618577336,8.51181777529505,357.23555582173776,1.119426460437951,4.443651664935948,178.30505758587137,0.6947056412214874,-0.006589981337823,1.0,0.5564636000314225,1
CASIA__26_4,26_4,1,SPOOF,unknown_subject,casia_camera,unknown,unknown,casia_real_or_spoof,CASIA,CASIA,train,-0.0686022039183606,-0.4209920883308401,0.2778839855429564,-0.1378199903200025,-0.3850193437007398,1.0076073703890602,2.5262976812330606,1.7204965771138876,-0.1573961191812276,5.945882161342065,123.78095647976107,61.42717752862942,19.99667562499833,355.0223851554469,177.72596324103876,8.547512591760324,118.687104362723,59.13731256211321,-0.1975878869817174,1.0,0.5196808995441778,1
CASIA__26_5,26_5,1,SPOOF,unknown_subject,casia_camera,unknown,unknown,casia_real_or_spoof,CASIA,CASIA,train,0.3270175705723273,0.6833106919688513,-0.130393985704378,0.5111972214632752,-0.3850193437007398,-1.1223780288646532,-0.5822984438124019,-0.9716093797517342,-0.1573961191812276,1.0754626511284344,0.4606857693469759,0.1592600985530564,2.9961209692973627,1.358054721028935,0.4374820289323607,1.835110861610309,0.8349595772737928,0.2479067966353451,-0.8494772807111226,1.0,0.3890489749094869,0
CASIA__26_6,26_6,1,SPOOF,unknown_subject,casia_camera,unknown,unknown,casia_real_or_spoof,CASIA,CASIA,train,-0.3214639832029211,2.459799410075938,-1.0346172757413448,0.6191208664915803,-0.3850193437007398,-0.3887587536149393,1.3939173391748356,1.0553873126581226,-0.1573961191812276,1.0880956987372623,1.119776433163109,0.2889883109846427,3.738150637306497,3.1764200525118724,0.9423299729829784,1.156971174395559,1.0572411579430678,0.367985279559144,0.2993887971580673,1.0,0.06726334936720758,0
CASIA__26_7,26_7,1,SPOOF,unknown_subject,casia_camera,unknown,unknown,casia_real_or_spoof,CASIA,CASIA,train,-0.198742013381978,-0.4145279567820108,0.1319979888214073,-0.4368019100372857,-0.3850193437007398,0.9699689140709882,1.156895192007807,0.7729175630317228,-0.1573961191812276,1.915426408390998,173.6082373820823,1.3734564064208112,6.4550147271624905,359.86704150938147,4.304014672154265,1.5433549272496063,307.598480208236,0.8462766124765925,-0.7508742566881114,1.0,0.7245229781168471,1
CASIA__26_8,26_8,1,SPOOF,unknown_subject,casia_camera,unknown,unknown,casia_real_or_spoof,CASIA,CASIA,train,-0.0316109583770876,-0.2701369449770081,0.1336073709286385,-0.0852144889733813,-0.3850193437007398,0.4652294795577592,1.1235233462463847,0.7128692876839586,-0.1573961191812276,1.738549204444758,1.1415347331220806,0.954607049576122,5.332554737270878,3.4032096738632447,3.0308400636959982,2.6354134083896645,1.540307338616112,0.694238884965613,-0.7325704035276642,1.0,0.36299711380315536,0
CASIA__27_1,27_1,0,REAL,unknown_subject,casia_camera,unknown,unknown,casia_real_or_spoof,CASIA,CASIA,train,-1.1754887046746278,0.9927044331037952,-1.308286901814821,-0.729564563529114,-0.3850193437007398,-1.2084694689770472,-0.6892700443114235,-1.0846567488271808,-0.1573961191812276,0.580521534506366,1.6963827659286264,0.3812480488840771,1.7106969586340823,4.913477052658124,0.9864540033652092,0.4662471804237661,1.4213799086409011,0.2466135008413023,0.4390470639915441,1.0,0.4389631233328143,1
CASIA__27_2,27_2,0,REAL,unknown_subject,casia_camera,unknown,unknown,casia_real_or_spoof,CASIA,CASIA,train,-0.4075582945196894,0.3646054735980046,-0.1941558334183096,0.1436247146181538,-0.3850193437007398,-1.2243739701423315,-0.699184783033605,-1.1082596435366574,-0.1573961191812276,0.888636765162392,0.7954443193355614,0.2560875809394821,2.474714665959968,2.4258964684395323,0.7115830906734679,1.415778848890619,0.8618408919907736,0.3146665734916369,0.5060464652468674,1.0,0.4876667541548122,1
CASIA__27_3,27_3,1,SPOOF,unknown_subject,casia_camera,unknown,unknown,casia_real_or_spoof,CASIA,CASIA,train,0.092598563887865,-0.6098585779565399,0.4626133551097867,-0.2189105398063191,-0.3850193437007398,1.587978527039413,0.0057152683611165,0.7548906765505826,-0.1573961191812276,2.380672759466627,168.79494002063956,0.7538457545437369,6.450709056261576,359.17667018537395,2.232543523139695,3.182300785245797,73.00904833229029,1.2785974884334197,0.6110453384929361,1.0,0.9762709830465323,1
CASIA__27_4,27_4,1,SPOOF,unknown_subject,casia_camera,unknown,unknown,casia_real_or_spoof,CASIA,CASIA,train,0.0144583415881171,-0.6476671567839989,0.4108148305762068,-0.3198992601859938,-0.3850193437007398,1.3644117382015066,0.6624770124499116,0.9519879138972974,-0.1573961191812276,1.9236620439306464,125.4282721325474,1.4298176229785498,5.238929677888073,359.68689743907555,4.5702913529999885,2.360372355717318,120.570530274513,1.826484920197349,-0.2004920954526546,1.0,0.8816640717647494,1
CASIA__27_5,27_5,1,SPOOF,unknown_subject,casia_camera,unknown,unknown,casia_real_or_spoof,CASIA,CASIA,train,-0.3369095147179185,2.226345660815546,-1.213699398348885,0.4513993017721304,-0.3850193437007398,-1.1063792332178584,-0.601408681247971,-0.9483459331381529,-0.1573961191812276,1.801825769466736,0.4009836829786963,0.2810364982380454,4.734165214686332,1.0685373528387745,0.7684426205519548,2.306479892453713,0.605062545830909,0.2186410621392267,-0.0561627306123157,1.0,0.41895890822278564,0
CASIA__27_6,27_6,1,SPOOF,unknown_subject,casia_camera,unknown,unknown,casia_real_or_spoof,CASIA,CASIA,train,0.661731259002609,2.633568373103368,-1.722928482196617,0.9977743048303388,0.6249589347026502,-0.930804148275681,-0.2388076224851798,-0.588383510902762,-0.1573961191812276,1.1741205031201858,124.72447815393711,0.3364671241208842,3.470160637294141,356.9395762976169,1.0137345682080392,1.941605904902852,59.72547379505304,0.2801152674401032,0.569539539055704,1.0,0.3991024020805022,0
CASIA__27_7,27_7,1,SPOOF,unknown_subject,casia_camera,unknown,unknown,casia_real_or_spoof,CASIA,CASIA,train,-1.2135264389330207,1.4512764786753003,-1.7898187067345692,-0.6555620015444538,0.6249589347026502,1.084785488966162,1.9724295212994387,1.5771827443806412,-0.1573961191812276,1.9454443672467527,1.6377790078711774,1.1682293774470245,6.890813559906844,4.931559520745338,3.6895003651083926,2.0959697474176635,1.9207068292540583,1.1075904280853397,0.3129928841291867,1.0,0.22773551723430846,0
CASIA__27_8,27_8,1,SPOOF,unknown_subject,casia_camera,unknown,unknown,casia_real_or_spoof,CASIA,CASIA,train,-1.334543091471147,2.3734695927531893,-2.0805197125265407,-0.5387852830036782,-0.3850193437007398,0.5749916719032815,1.1429404714085147,1.044075561291292,-0.1573961191812276,1.886999307258256,168.10337073443978,0.7157704842261646,5.004046695906702,358.83453153340406,1.7067898908330594,2.6503216033362764,215.9426921561525,0.9800230524395916,-0.4164984105444421,1.0,0.5576885725207652,1
CASIA__28_1,28_1,0,REAL,unknown_subject,casia_camera,unknown,unknown,casia_real_or_spoof,CASIA,CASIA,train,-0.0686348548090577,0.8829643314418982,-0.8116566599423427,0.1004809547848303,-0.3850193437007398,0.8415488106811603,1.964412844842533,0.910297254503638,-0.1573961191812276,2.2549040996983263,2.2549895445395984,0.7928948219058175,7.219781239738605,7.898619107916573,2.056178834910706,2.9758808609755687,2.4892099508054213,0.8919013474707899,-0.1350473818030473,1.0,0.24996862622719004,0
CASIA__28_2,28_2,0,REAL,unknown_subject,casia_camera,unknown,unknown,casia_real_or_spoof,CASIA,CASIA,train,1.48338096213234,0.04746884972961,1.0927717847697331,1.4562712655317642,-0.3850193437007398,0.0917247133671192,1.207411643687043,0.3447190590621576,-0.1573961191812276,8.388221416561526,159.6914161453212,82.65235739581664,23.163037990586183,358.7295233924177,184.06658557862704,6.923346464354427,59.951734890794846,61.1357167149827,0.816789696691928,1.0,0.6296172397322014,1
CASIA__28_3,28_3,1,SPOOF,unknown_subject,casia_camera,unknown,unknown,casia_real_or_spoof,CASIA,CASIA,train,-1.3311858604809734,-0.3706796970711882,-0.6823381291900072,-1.4077486954261027,-0.3850193437007398,0.1703113815873905,1.1533779940365958,0.7580141650585982,-0.1573961191812276,1.7790680206239993,1.2946502688021182,0.9402268888358084,5.281537389929198,4.127126961670825,2.648693302668571,1.8230215678326496,1.6540580157135072,1.0813607093583009,-0.5588242388471998,1.0,0.21428520507331947,0
CASIA__28_4,28_4,1,SPOOF,unknown_subject,casia_camera,unknown,unknown,casia_real_or_spoof,CASIA,CASIA,train,-1.540062186053276,-0.3594152776032941,-0.7319785846002639,-1.4461155120721,-0.3850193437007398,1.066100250978924,0.7328995885709371,1.2718496918506348,-0.1573961191812276,2.311583331435548,1.6399985344781962,0.998329045260258,7.161214185183739,5.304141290231399,3.433643367243422,3.34286894505536,2.1247430955260618,1.1765009672972198,-0.0143845989050128,1.0,0.7309576707179086,1
CASIA__28_5,28_5,1,SPOOF,unknown_subject,casia_camera,unknown,unknown,casia_real_or_spoof,CASIA,CASIA,train,-2.05130125482821,0.9236587205180063,-1.4078584371019058,-1.221762739396678,-0.3850193437007398,0.254729817770171,1.2300472576281858,0.6153056755969948,-0.1573961191812276,1.454457649355595,2.647397995489516,0.9800922000362128,3.5645673079765063,6.27944007760297,3.3528464707203,1.259849151691143,3.459510362527675,1.0797113769073678,0.0003361486832158,1.0,0.2555858458822958,0
CASIA__28_6,28_6,1,SPOOF,unknown_subject,casia_camera,unknown,unknown,casia_real_or_spoof,CASIA,CASIA,train,-1.855659331384729,0.6439018309894695,-1.70002950116636,-1.663079290698774,0.6249589347026502,-0.2784198305463979,0.1526453358076591,-0.1949686302136031,-0.1573961191812276,1.3007510893058627,3.0606515352727763,0.4214073350513976,4.286776047561257,8.567999553079488,1.3150444063289508,2.2717311045029738,4.78644867162016,0.6798288091031566,-0.0867415470219323,1.0,0.4469895444291674,1
CASIA__28_7,28_7,1,SPOOF,unknown_subject,casia_camera,unknown,unknown,casia_real_or_spoof,CASIA,CASIA,train,-1.7720041522840968,0.4020730099090137,-1.255723733642853,-1.464433398593247,-0.3850193437007398,3.3575567544903886,3.4558858257004235,2.573563405840147,-0.1573961191812276,0.9204741869728698,3.9747589796372114,1.1094250908646055,2.5587602182379974,10.29982638267782,3.0878422090663435,1.4185644529696553,5.74277705459635,1.5261910509752898,-0.1719310735783644,1.0,0.6688072358908504,1
CASIA__28_8,28_8,1,SPOOF,unknown_subject,casia_camera,unknown,unknown,casia_real_or_spoof,CASIA,CASIA,train,-1.4645232436133009,-0.2473279812621788,-0.7608873914075738,-1.602301819939853,-0.3850193437007398,2.896562686904929,1.3673282816704349,1.889941081360723,-0.1573961191812276,2.8813469981517104,1.90335422190218,0.2690566691749829,6.639972159946955,4.636966903648869,0.6272594121898618,3.944025496087815,3.267777997476585,0.558010152968303,-1.0,1.0,0.9442465275460797,1
CASIA__2_1,2_1,0,REAL,unknown_subject,casia_camera,unknown,unknown,casia_real_or_spoof,CASIA,CASIA,train,-2.498940539060144,1.5830315654977891,-2.233061533517488,-1.4313643995591696,1.6349372131060402,0.2408927981784447,1.982244790203176,1.3486914043790057,-0.1573961191812276,2.644652043437079,3.659633319280114,2.0267151171414377,8.478280835473118,10.05347422306781,5.5647601342937305,3.0884566385636134,2.410817520118144,1.048145024766938,-0.0537688371622285,1.0,0.05875630267534695,0
CASIA__2_2,2_2,0,REAL,unknown_subject,casia_camera,unknown,unknown,casia_real_or_spoof,CASIA,CASIA,train,-1.234895616787556,1.7871138797973989,-1.986038222428482,-0.8915362889001158,0.6249589347026502,-0.1691054474592533,0.3558349844767874,-0.025776220460147,-0.1573961191812276,1.6154079067317455,1.3786166580668149,0.5501335174868588,4.451132118578407,4.053564403140825,1.720584642792633,1.424040977522718,1.7895070685213383,0.671905752327173,0.2017233393632202,1.0,0.3340997329088666,0
CASIA__2_3,2_3,1,SPOOF,unknown_subject,casia_camera,unknown,unknown,casia_real_or_spoof,CASIA,CASIA,train,-2.386316548943754,1.74685097894933,-1.939563290626931,-0.9675460731145892,0.6249589347026502,0.2608323208084272,0.7866972168527783,0.8625027678400672,-0.1573961191812276,1.7610741350585384,2.0011240667915504,2.654634765832274,6.000231013921385,7.349456547267351,9.105910342715156,2.379401993291874,1.892286429473204,2.4657292553820187,-0.3699554210196714,1.0,0.3315074735521772,0
CASIA__2_4,2_4,1,SPOOF,unknown_subject,casia_camera,unknown,unknown,casia_real_or_spoof,CASIA,CASIA,train,-3.270771900546116,-0.1818383974512059,-2.016901960652442,-2.934945597472775,0.6249589347026502,0.1336036941683132,0.1600574001954927,0.1878019834903972,-0.1573961191812276,2.7332326718333992,1.2360876642371896,2.248437977265444,8.564348096920964,3.870189551568188,7.510053041368563,3.1473646967993463,1.2640259365509363,2.231327530448592,0.3216176717055124,1.0,0.5893930547850862,1
CASIA__2_5,2_5,1,SPOOF,unknown_subject,casia_camera,unknown,unknown,casia_real_or_spoof,CASIA,CASIA,train,-1.5906049347465894,2.754822969737086,-2.1015863371727344,-0.3968402194160308,0.6249589347026502,-0.5964400489393984,1.3686633952903808,0.918857025036906,-0.1573961191812276,1.4815270983333042,1.0396606135811883,0.3216443018904026,4.725724045422245,2.8445726548251287,0.8799588249050685,1.796123013158559,1.201371074753889,0.2301193172375716,-0.0576929571460235,1.0,0.041442933277153635,0
CASIA__2_6,2_6,1,SPOOF,unknown_subject,casia_camera,unknown,unknown,casia_real_or_spoof,CASIA,CASIA,train,-1.629696628688619,2.730998623515313,-1.7767001840486425,0.2590571420149635,0.6249589347026502,0.9972403216033308,2.010781452194094,1.2174907668292982,-0.1573961191812276,0.6905349194278136,2.134262810413866,0.2946916599823339,1.810876888921708,6.207186922140352,0.8769233612590763,0.9573166782470216,2.250386528208552,0.4009873387484763,-0.1672299683734618,1.0,0.21840346216949716,0
CASIA__2_7,2_7,1,SPOOF,unknown_subject,casia_camera,unknown,unknown,casia_real_or_spoof,CASIA,CASIA,train,-4.289540564869724,0.4245805499781725,-2.8235181674369625,-3.4595292366737382,-0.3850193437007398,1.454661832157511,2.4776354874177806,2.5725197273339995,-0.1573961191812276,1.118176925768319,3.610228312333055,0.8776238467084263,3.043197500190756,12.122689833389302,2.869153344779501,0.8492740110924889,4.026532923746909,0.8079191787572267,0.1927054704965289,1.0,0.19936427978774698,0
CASIA__2_8,2_8,1,SPOOF,unknown_subject,casia_camera,unknown,unknown,casia_real_or_spoof,CASIA,CASIA,train,-2.437524213656963,2.005300363152692,-2.9288839286095767,-1.2251488070934649,0.6249589347026502,-0.1176402191530541,0.5509785824765899,0.2698252055791993,-0.1573961191812276,3.533616983199261,0.8578830767520111,0.3706177686459345,11.435304685079592,2.533995836119743,1.1544391992079617,3.986273372582659,1.069742712967681,0.4838750571229658,-0.3539821800198637,1.0,0.26606578817668625,0
CASIA__30_1,30_1,0,REAL,unknown_subject,casia_camera,unknown,unknown,casia_real_or_spoof,CASIA,CASIA,train,-1.6062848332482074,-0.0440753918663834,-1.0900558108990803,-1.6912651239970196,-0.3850193437007398,-0.0068797118762074,1.4700063122026823,0.909423505458021,-0.1573961191812276,4.2665412205687065,1.1436695609862118,0.5328506181331472,11.774247059453344,3.304645862927117,1.4547997044334604,3.6319032961775695,0.8261614657317793,0.8172714990872305,0.4225600976539647,1.0,0.10531852870264147,0
CASIA__30_2,30_2,0,REAL,unknown_subject,casia_camera,unknown,unknown,casia_real_or_spoof,CASIA,CASIA,train,-1.5805418195524392,-0.153196560379638,-0.8723365409209286,-1.3525447089893172,-0.3850193437007398,-0.4541133414237233,0.9731886962494282,0.3271189438479349,-0.1573961191812276,0.950888850793245,172.5019887585447,0.6482168661414682,3.3832901874648,357.3428755439965,2.2571027208969223,1.1613488503710925,102.03379571439466,0.6345285614614843,0.3003530897535877,1.0,0.26239138182119826,0
CASIA__30_3,30_3,1,SPOOF,unknown_subject,casia_camera,unknown,unknown,casia_real_or_spoof,CASIA,CASIA,train,-0.4015095786666292,-0.4529091474467836,0.0302513549026552,-0.5772445004689762,-0.3850193437007398,1.90716647639099,1.4762667019297702,1.5684786068415082,-0.1573961191812276,2.0880850496525643,164.14504090990872,1.5044379189000971,7.256438461918217,359.77233285352656,5.14735573281892,2.614009540238764,159.55746808965534,1.904606126737571,0.0093335281262773,1.0,0.8708779777579819,1
CASIA__30_4,30_4,1,SPOOF,unknown_subject,casia_camera,unknown,unknown,casia_real_or_spoof,CASIA,CASIA,train,-0.4059927119809615,-0.4172341788598099,0.0171178612203824,-0.5233371969977909,-0.3850193437007398,1.127670057191558,1.2002004886354756,1.2121177823108336,-0.1573961191812276,4.1354330646387725,177.10292754980804,0.9731091201148512,10.27081980985058,359.6038496528171,2.832939880762128,2.2961436328932923,60.99086003009197,0.6739864013413065,0.7024535776087778,1.0,0.6047404960690407,1
CASIA__30_5,30_5,1,SPOOF,unknown_subject,casia_camera,unknown,unknown,casia_real_or_spoof,CASIA,CASIA,train,-0.3200328780614743,0.2549239065835394,-0.4723302322923978,-0.2472486680837467,0.6249589347026502,-0.5201869143237762,0.6673433688540049,0.404678839626394,-0.1573961191812276,1.0662755890732358,125.48223775700134,0.3956061591946624,3.3933955841866137,359.22377190364995,1.228574062269678,1.0747200382381388,60.22614763488559,0.4955805491828982,0.1124671315576974,1.0,0.18553085721530616,0
CASIA__30_6,30_6,1,SPOOF,unknown_subject,casia_camera,unknown,unknown,casia_real_or_spoof,CASIA,CASIA,train,-0.9985313917843842,0.9003471854695672,-0.921394437435858,-0.3838375556472819,-0.3850193437007398,0.1313079003941255,0.8544094866335823,0.4892086429839827,-0.1573961191812276,1.701330494427557,124.97121122615472,0.5555803943294254,5.028538366942337,358.2108089135266,1.7362857512909553,2.8758988641261536,60.344997276813466,0.3547683149183516,0.439830046730821,1.0,0.5045332867930854,1
CASIA__30_7,30_7,1,SPOOF,unknown_subject,casia_camera,unknown,unknown,casia_real_or_spoof,CASIA,CASIA,train,-0.9960839584943416,0.9827057322972398,-1.8775853306963903,-0.6062604053932471,0.6249589347026502,0.1065890276723927,1.0909160863989382,1.3153277754551953,-0.1573961191812276,1.83229911541116,159.27110867254393,0.509978580357254,5.986001562358132,359.3168684894399,1.9562768330592943,1.5539913830769716,143.96569803007714,0.5788720717838223,0.04291022616775,1.0,0.22916919280782783,0
CASIA__30_8,30_8,1,SPOOF,unknown_subject,casia_camera,unknown,unknown,casia_real_or_spoof,CASIA,CASIA,train,-0.8483395081926978,0.0151443194642495,-0.6763635788230962,-0.8346281344441911,-0.3850193437007398,-0.4548927102437298,-0.4396226272793451,-0.5122426965360897,-0.1573961191812276,1.5562319672216465,161.05963193437262,0.4700354646482094,5.637008448317341,357.9055883306337,1.6949158210233608,2.3408727704455647,60.32814196479354,0.5059191876770954,0.634384264914637,1.0,0.7770633427293393,1
CASIA__4_1,4_1,0,REAL,unknown_subject,casia_camera,unknown,unknown,casia_real_or_spoof,CASIA,CASIA,train,-0.8573926593949129,0.9075546921465152,-1.0438729070950097,-0.2975792151867332,-0.3850193437007398,0.4260972972784251,1.2142764742049952,0.9450261619584656,-0.1573961191812276,1.6542484018596528,2.110277472629241,0.9806409238248988,5.023486591201702,7.327217749421322,3.348458174327502,2.40638259456928,2.0702700506088902,0.5570055094302707,-0.0601732561501676,1.0,0.3241526235061468,0
CASIA__4_2,4_2,0,REAL,unknown_subject,casia_camera,unknown,unknown,casia_real_or_spoof,CASIA,CASIA,train,-0.9993573486380608,-0.1616104318833086,-0.6238322240183638,-1.0948964144956614,0.6249589347026502,-0.2845851414776843,1.137315181271262,0.7203750330032394,-0.1573961191812276,0.2553206849085092,125.00287571216336,0.3087946986606902,0.9032896704704562,358.546566945516,0.9958835986220992,0.3529408460990399,119.9112301908852,0.503673506504729,-0.1999508379071525,1.0,0.15452072010585605,0
CASIA__4_3,4_3,1,SPOOF,unknown_subject,casia_camera,unknown,unknown,casia_real_or_spoof,CASIA,CASIA,train,-2.023815845719512,-0.3763354025828236,-1.0730530632110982,-1.97312550464306,-0.3850193437007398,1.1591564252926658,0.0186974713036987,0.60193359038423,-0.1573961191812276,2.8772591230301567,172.49325030654563,2.703470841693968,9.340653603848237,359.51696088332494,8.825680014632788,3.1600036893089176,154.63469152643003,1.815237596311162,0.0845128122677938,1.0,0.9534288983712059,1
CASIA__4_4,4_4,1,SPOOF,unknown_subject,casia_camera,unknown,unknown,casia_real_or_spoof,CASIA,CASIA,train,-2.134209613979739,-0.1851832131699156,-1.2335748930982733,-1.9892477838845133,-0.3850193437007398,2.19053144810093,2.215414376670596,1.8088199704696173,-0.1573961191812276,1.4180484278441825,160.67682140676433,1.15593982490505,4.473821262520394,358.35634909627845,3.440272488863821,1.3420734227057547,237.1546749780086,1.0536692487021653,-0.4851091247135582,1.0,0.7789941714283237,1
CASIA__4_5,4_5,1,SPOOF,unknown_subject,casia_camera,unknown,unknown,casia_real_or_spoof,CASIA,CASIA,train,-0.9586674212666028,1.8546533305778088,-1.6513390490430058,-0.2625257741802339,-0.3850193437007398,0.2572818016343511,2.6417138432635774,1.787669838932411,-0.1573961191812276,2.167585693615065,1.40237658443161,0.4881026710520327,6.149950728902026,4.128339617792364,1.3070526195501144,1.760567409210624,2.0021665614209425,0.3267631548875285,0.1180904883842321,1.0,0.025193861030256084,0
CASIA__4_6,4_6,1,SPOOF,unknown_subject,casia_camera,unknown,unknown,casia_real_or_spoof,CASIA,CASIA,train,-0.2184520832651052,-0.122375089642503,-0.1458738087890298,-0.2504670833244592,0.6249589347026502,-1.137028107650586,-0.3054706419727458,-0.7114061714385064,-0.1573961191812276,0.5110309068522143,161.81299591575043,0.2900490099051319,1.6623307736310196,359.34786786270286,0.8810272209773067,0.6900497118254146,119.79522009671928,0.4917363481000608,0.2530193013513941,1.0,0.40696442706869157,0
CASIA__4_7,4_7,1,SPOOF,unknown_subject,casia_camera,unknown,unknown,casia_real_or_spoof,CASIA,CASIA,train,-2.3032656880235,0.2743238228577562,-1.910231366035381,-2.025341693950462,0.6249589347026502,0.7229128547540259,1.0204890570445428,1.1980204537414536,-0.1573961191812276,1.755198167441833,176.6368880295389,1.5501351478729386,6.5381735065017965,359.7874854627858,5.599931783251709,1.3524459297751483,266.19105732131385,1.0437725140010683,-0.5904771903754583,1.0,0.5678031574349073,1
CASIA__4_8,4_8,1,SPOOF,unknown_subject,casia_camera,unknown,unknown,casia_real_or_spoof,CASIA,CASIA,train,-1.4543574718051768,-0.4340474743841906,-0.6669803197255779,-1.5650509799480254,-0.3850193437007398,0.2118232116875721,0.7760235015778844,0.2995915885018844,-0.1573961191812276,1.042371816007139,125.22282684964392,0.8233522992513266,3.6770317663974312,358.74966728826314,2.4111176508289973,1.2100588410564788,60.880921655895975,0.5638815101869077,-0.6118856408782453,1.0,0.47296555484548564,1
CASIA__5_1,5_1,0,REAL,unknown_subject,casia_camera,unknown,unknown,casia_real_or_spoof,CASIA,CASIA,train,-0.051920365796252,-0.3935541212886806,0.2707151239425152,-0.2679884287107967,-0.3850193437007398,-0.0510080967621754,0.4617595077748169,0.3657271363870159,-0.1573961191812276,1.4717879918458951,131.74166518557314,0.930219309119118,3.708966671580913,354.347915278279,2.780566518588063,2.0838312160408634,71.39539254860237,0.5594446359011774,-0.0714127643469876,1.0,0.5203472753450291,1
CASIA__5_2,5_2,0,REAL,unknown_subject,casia_camera,unknown,unknown,casia_real_or_spoof,CASIA,CASIA,train,-1.0405669232360526,1.1521772393896788,-1.453947585041358,-0.8468557575457791,-0.3850193437007398,2.45868280546892,0.7674457177163684,1.8144183914930256,-0.1573961191812276,2.29152174819741,1.610537025740536,0.5054964740488382,6.032112224416036,4.692677675212167,1.2883573523234688,1.5998553950113776,1.834221921940518,0.4199983197843462,-0.4031659196009247,1.0,0.9239939290813056,1
CASIA__5_3,5_3,1,SPOOF,unknown_subject,casia_camera,unknown,unknown,casia_real_or_spoof,CASIA,CASIA,train,-0.1355708409550035,-0.5747518646205263,0.3280884732405594,-0.3152244442200011,-0.3850193437007398,0.824243142554869,0.7677932411974293,0.6874794404517335,-0.1573961191812276,3.1395057309901904,1.6644854853132849,2.70584677352009,10.811159186225511,5.314937603541978,7.730015923069827,3.30732744364284,1.785706972731229,3.879140885700464,0.2493707021518674,1.0,0.6355185465015956,1
CASIA__5_4,5_4,1,SPOOF,unknown_subject,casia_camera,unknown,unknown,casia_real_or_spoof,CASIA,CASIA,train,-0.6656588815465199,-0.5892429692925089,-0.1031029821897421,-0.9405686172898132,-0.3850193437007398,1.6999112279409203,3.4147012958260805,2.32879097328496,-0.1573961191812276,2.463403702734838,2.3115881367361064,0.6362682339240586,7.71644745437675,6.788023994712262,1.964338026959,2.621016776573115,3.5868607791706446,0.9678612664548976,-0.0049090519740267,1.0,0.10123812920175501,0
CASIA__5_5,5_5,1,SPOOF,unknown_subject,casia_camera,unknown,unknown,casia_real_or_spoof,CASIA,CASIA,train,-1.4122582987868917,0.4249128420861334,-0.820919402519272,-0.7465422542334667,-0.3850193437007398,-0.2315077337277539,1.4069713076859565,0.7518418060649916,-0.1573961191812276,1.135644666263182,1.88503124700538,0.4255387131614185,3.137878497822056,5.630561252881108,1.2406734452544752,0.9402084083694392,2.3730956020529206,0.4194689852613887,-0.0873257510927838,1.0,0.0947619842670112,0
CASIA__5_6,5_6,1,SPOOF,unknown_subject,casia_camera,unknown,unknown,casia_real_or_spoof,CASIA,CASIA,train,-0.2790554568303952,-0.1563065672645529,-0.0118203261672577,-0.2518753639554771,-0.3850193437007398,-0.6311646597780073,0.6448699553744512,-0.064273520636375,-0.1573961191812276,0.9811487827132376,1.873653572798542,0.358824392825514,2.360837402191126,4.779147797088882,0.9502706126769656,1.1445688423911984,1.967411248805884,0.511412281338516,-0.29937452144174,1.0,0.1729405253554777,0
CASIA__5_7,5_7,1,SPOOF,unknown_subject,casia_camera,unknown,unknown,casia_real_or_spoof,CASIA,CASIA,train,-0.1699887535853222,-0.3730222745135843,0.0778984221493977,-0.4203873268189801,0.6249589347026502,0.816477662812027,0.7211738825515008,0.6240750582585092,-0.1573961191812276,0.8208613035534275,1.0015931299334315,0.8478156837421661,1.943492299473392,3.3971883773948264,2.205071154488791,1.1965680449602578,1.1082597867891593,0.8176039209170014,0.0668668560500166,1.0,0.6232013890630719,1
CASIA__5_8,5_8,1,SPOOF,unknown_subject,casia_camera,unknown,unknown,casia_real_or_spoof,CASIA,CASIA,train,-0.279505928441044,-0.2866497477502441,0.1015716843969418,-0.3162590262466405,-0.3850193437007398,1.7890722109939212,1.6044617596717117,1.0851982472875072,-0.1573961191812276,1.145031420214537,2.188657825218693,0.5286281106466204,2.7324080136699047,6.431520447965539,1.2785511060580843,2.248373329650789,3.122619227933754,0.7814037337874182,-0.3270663932098187,1.0,0.7607616276493723,1
CASIA__6_1,6_1,0,REAL,unknown_subject,casia_camera,unknown,unknown,casia_real_or_spoof,CASIA,CASIA,train,0.3109339631763999,-0.1878998612663421,0.3361185414058229,0.1797613696614513,-0.3850193437007398,0.4219339052955161,1.8031823317368063,0.7378059491127802,-0.1573961191812276,1.3063881005503144,143.6009154148771,0.1212945421828499,2.980402650437828,359.6757041839803,0.3460372508766404,0.8116356450872868,180.5100197314825,0.1634740750549815,-0.3457226207197194,1.0,0.23743810769409818,0
CASIA__6_2,6_2,0,REAL,unknown_subject,casia_camera,unknown,unknown,casia_real_or_spoof,CASIA,CASIA,train,-0.4196468717469775,2.0895419978875447,-2.2180849230475257,-0.1844130394633183,0.6249589347026502,-0.2180409501370483,1.6605644500571104,0.8525321932612848,-0.1573961191812276,1.053797640889254,0.7748448732800562,0.2371705943553108,2.991138218515058,2.609141146711892,0.743016614417773,0.99419501829257,0.9207400202316276,0.2348089084545641,0.0688687265751954,1.0,0.04889660636861233,0
CASIA__6_3,6_3,1,SPOOF,unknown_subject,casia_camera,unknown,unknown,casia_real_or_spoof,CASIA,CASIA,train,0.5666203212088142,-0.045727245574732,0.2817996496373386,0.3327284944146472,-0.3850193437007398,1.979215063325376,0.2861311773494893,1.234028214285338,-0.1573961191812276,2.145479768687061,124.37621314114746,3.5749243745676504,7.449305755342152,356.4915602882426,10.693038210628773,2.8664798442254704,60.05628794641125,5.082950980570485,-0.8125535701133965,1.0,0.9599434033017702,1
CASIA__6_4,6_4,1,SPOOF,unknown_subject,casia_camera,unknown,unknown,casia_real_or_spoof,CASIA,CASIA,train,0.6615674511441919,-0.6027809496830631,0.7873975183212687,0.2790177666476813,-0.3850193437007398,-0.1114429533288224,0.1994028303271586,0.0001624891915112,-0.1573961191812276,3.8917474143919297,0.9173047122495938,0.600742786050887,12.17791576125818,3.1708949413764174,1.9633827222042848,3.388378937658566,0.9870887151606714,0.7013365444466689,-0.2705192796598851,1.0,0.40122899576890986,0
CASIA__6_5,6_5,1,SPOOF,unknown_subject,casia_camera,unknown,unknown,casia_real_or_spoof,CASIA,CASIA,train,-2.3537782761482875,0.6427189247046575,-1.5902353952990909,-1.3397355494294103,-0.3850193437007398,0.7239810296926861,3.248747443618717,2.7366280083066967,-0.1573961191812276,3.5302816245249247,132.46745103040706,1.6800108982594713,10.504035840082407,357.4994993779524,4.094928446380899,3.7048035116363214,142.9501011886139,1.0851841057640017,-0.2347361126325871,1.0,0.03343660770671417,0
CASIA__6_6,6_6,1,SPOOF,unknown_subject,casia_camera,unknown,unknown,casia_real_or_spoof,CASIA,CASIA,train,-0.7142229309230338,1.7119413918369306,-1.43561148299128,0.3458166481380961,-0.3850193437007398,0.2104492614802121,1.0291610439196537,0.4024147364989938,-0.1573961191812276,1.4291390995402256,0.9822815096005396,0.2265247189197662,4.537666977894135,2.572725084225823,0.7157617912314429,1.692988255016226,1.568241781908715,0.336664746379158,-0.3943692815880343,1.0,0.2895743708912386,0
CASIA__6_7,6_7,1,SPOOF,unknown_subject,casia_camera,unknown,unknown,casia_real_or_spoof,CASIA,CASIA,train,0.893037916377134,-0.6052556396757764,0.9981696845823596,0.5754155349198989,-0.3850193437007398,0.0077278613926439,1.3131827873511197,1.1515581361438112,-0.1573961191812276,1.7402898055256462,124.7529305221181,0.4405097464877331,5.859498513318004,358.51627614306256,1.356423490970311,2.0481940620251846,83.29319468042402,0.5752604266316184,-0.1200025560461632,1.0,0.18643840829514285,0
CASIA__6_8,6_8,1,SPOOF,unknown_subject,casia_camera,unknown,unknown,casia_real_or_spoof,CASIA,CASIA,train,0.7025266100126774,-0.5622866470751406,0.7772400715751928,0.3340528208386532,-0.3850193437007398,0.1882506381082859,0.6964764215600807,0.2691070223291102,-0.1573961191812276,2.083384137166812,124.86253917289794,0.3633833148833023,6.274268175160671,358.22302085884485,1.2028977664874674,2.968946981636958,119.65965208764622,0.3269685680137663,-0.199199636072536,1.0,0.568176693615628,1
CASIA__7_1,7_1,0,REAL,unknown_subject,casia_camera,unknown,unknown,casia_real_or_spoof,CASIA,CASIA,train,-2.7623529832796163,2.4834003416128425,-2.653274078953753,-1.223597445969402,0.6249589347026502,0.9756344064008964,1.2079441476311628,1.1727905544398416,-0.1573961191812276,0.5393587983097343,1.7384457341189403,0.3794962784480419,1.4339755115319497,4.300046598333495,1.015605878159676,0.9100657342598544,1.9629161729859208,0.4360408078731055,-0.1122526443570184,1.0,0.4588564908474705,1
CASIA__7_2,7_2,0,REAL,unknown_subject,casia_camera,unknown,unknown,casia_real_or_spoof,CASIA,CASIA,train,-0.8537515316771449,2.521969759149616,-2.169318960961351,-0.1233921526956552,0.6249589347026502,-1.140411662509023,-0.7315250201570628,-1.0641208617735094,-0.1573961191812276,0.8242498883228909,0.4732257463558234,0.549759215901083,2.2620685363581483,1.2461252874610975,1.2563321024200391,0.7616145664120472,0.7197726770737845,0.3647951493886348,-0.2759228818302409,1.0,0.35729338485164586,0
CASIA__7_3,7_3,1,SPOOF,unknown_subject,casia_camera,unknown,unknown,casia_real_or_spoof,CASIA,CASIA,train,-0.2502429827065421,-0.646537776934103,0.250803698801895,-0.5041572441070943,-0.3850193437007398,-0.7688052924325464,-0.0487856282367604,-0.235947070929928,-0.1573961191812276,0.97690475418299,1.750645701699121,1.2344262278406144,2.977287712719077,6.63904014027986,4.536931932025809,0.8519098550430594,1.897312431821013,1.110139175893331,-0.0526985111410823,1.0,0.3123642217509266,0
CASIA__7_4,7_4,1,SPOOF,unknown_subject,casia_camera,unknown,unknown,casia_real_or_spoof,CASIA,CASIA,train,0.1715024849869929,-0.3890282983099801,0.4215759827499496,-0.0090414035879544,-0.3850193437007398,1.1268149883320573,1.5779061014175852,1.4511376887587788,-0.1573961191812276,3.5090277997996258,1.3433105359495288,1.2603342290982895,11.827103636799704,3.88385595049536,3.382574228804126,3.0657589839183825,0.8152640512903052,0.7202075116820169,0.0631485875772606,1.0,0.36357998140848186,0
CASIA__7_5,7_5,1,SPOOF,unknown_subject,casia_camera,unknown,unknown,casia_real_or_spoof,CASIA,CASIA,train,0.5605799064296602,0.3895774265843764,0.5694796955040745,0.9574035934078556,-0.3850193437007398,0.7907156281195614,2.278655771426197,1.7573230665628743,-0.1573961191812276,1.6902604294803607,175.9527014523868,2.634227921554019,5.060156177643126,359.28781060657906,6.170700705688473,2.0003612914240296,178.9597404879388,1.1727913502257583,0.0018263549463506,1.0,0.24371159680911172,0
CASIA__7_6,7_6,1,SPOOF,unknown_subject,casia_camera,unknown,unknown,casia_real_or_spoof,CASIA,CASIA,train,0.6553134220631817,1.0411818450850712,-0.4892841371048004,0.772850234014528,0.6249589347026502,0.1928355041102142,0.9949298953960414,0.471582478411197,-0.1573961191812276,1.556953359864095,2.2678949650357945,0.3808855315478374,4.806074982397481,6.704227176496431,1.078730285784205,2.141181456074545,2.6064855741001622,0.5639034015299548,0.3582244091795897,1.0,0.28717255346417037,0
CASIA__7_7,7_7,1,SPOOF,unknown_subject,casia_camera,unknown,unknown,casia_real_or_spoof,CASIA,CASIA,train,-0.4608423345193277,2.27804292523513,-1.8783223715602664,0.3370680054684931,0.6249589347026502,1.5927503842597135,1.012351972008443,1.202789190522047,-0.1573961191812276,3.4795592502997263,166.82866967790005,3.7833961834605376,9.996608859843812,356.306258782515,8.620267611583238,3.164287867203993,72.19183783421839,2.030180127938351,0.6105387821446459,1.0,0.828981179058198,1
CASIA__7_8,7_8,1,SPOOF,unknown_subject,casia_camera,unknown,unknown,casia_real_or_spoof,CASIA,CASIA,train,-0.9641876354142956,3.112218547460784,-1.7470654710559896,0.9961274713915964,-0.3850193437007398,2.994230062459957,1.1134521877020838,2.3568483235243813,-0.1573961191812276,2.1666430906897287,2.134881784693698,3.0747808339082314,6.018064247053012,5.880255216671969,8.318036991496042,3.13415975126085,2.411405400594859,2.3257421949255166,-0.7024831942133731,1.0,0.9587448348817521,1
CASIA__8_1,8_1,0,REAL,unknown_subject,casia_camera,unknown,unknown,casia_real_or_spoof,CASIA,CASIA,train,-0.0853144793114589,-0.0918903048354683,-0.1151849505161399,-0.1718106939255599,0.6249589347026502,-1.327389437788893,-0.7752381408993814,-1.1953272889148825,-0.1573961191812276,0.835799728964082,0.2737928156949017,0.1843641289624989,2.630556049619752,0.7586332830046274,0.5552081841280322,0.5125409092251979,0.2980638212478003,0.187456327775625,0.8485060313520918,1.0,0.38147503178935377,0
CASIA__8_2,8_2,0,REAL,unknown_subject,casia_camera,unknown,unknown,casia_real_or_spoof,CASIA,CASIA,train,-1.1606737780740473,2.264251089908896,-2.423753102379244,-0.475300545026607,0.6249589347026502,0.1162075606382011,1.5065091235795782,0.8874809378262243,-0.1573961191812276,4.668871146603466,117.17987845656197,2.3437370251120018,13.857185688265831,358.985278513363,5.79651780187356,2.47163414523122,101.85561663480163,1.0980289764363198,-0.165898094928314,1.0,0.07896133142189929,0
CASIA__8_3,8_3,1,SPOOF,unknown_subject,casia_camera,unknown,unknown,casia_real_or_spoof,CASIA,CASIA,train,-0.4375295985608636,-0.625911090625278,0.0672710732555002,-0.7612383357875304,-0.3850193437007398,0.7763024287512453,1.4196525748196551,1.1184116663586725,-0.1573961191812276,2.9642421340269824,120.75493248816215,2.901840883087334,9.2332187542962,349.0608972493155,8.872518119546134,3.3419171840963,59.225563707521815,3.739927951340863,0.5035401038128492,1.0,0.47488241758071686,1
CASIA__8_4,8_4,1,SPOOF,unknown_subject,casia_camera,unknown,unknown,casia_real_or_spoof,CASIA,CASIA,train,-0.3539776294791336,-0.5125503305804202,0.1036739865588757,-0.5561755779205353,-0.3850193437007398,0.9246866269818382,2.120358055050981,1.371791099125267,-0.1573961191812276,2.4567740870907984,1.281810084528726,1.1399921710352794,7.624113422856509,3.934868114130097,3.820034531270339,3.4370923511364464,1.9032032758338744,1.1763999190259702,-0.6748993702894835,1.0,0.20631164569680507,0
CASIA__8_5,8_5,1,SPOOF,unknown_subject,casia_camera,unknown,unknown,casia_real_or_spoof,CASIA,CASIA,train,-2.1839892172785995,1.505177356603295,-1.7839291167719238,-0.5814335082492783,0.6249589347026502,1.7012689803232357,1.9650508561618791,1.5681109943982416,-0.1573961191812276,1.6013495936689466,1.114031542185944,0.5940131973824404,4.769997516049471,3.178237609125404,1.7200470315065703,2.5385285714876136,1.2237975890798791,1.0083599488746529,0.1448135631624281,1.0,0.534719069727308,1
CASIA__8_6,8_6,1,SPOOF,unknown_subject,casia_camera,unknown,unknown,casia_real_or_spoof,CASIA,CASIA,train,0.8268861050128716,-0.5278908392663768,0.9089912020963518,0.4829302494954501,-0.3850193437007398,-0.5577352909005289,1.017774468749158,0.6583403114761176,-0.1573961191812276,1.2954633620173592,0.8071074638743887,0.3856958728951364,4.405245749762754,2.551880611789585,1.0219505813118588,1.2309751580758386,0.8492629921433235,0.1887141765806985,0.3423385333716904,1.0,0.09977741179252433,0
CASIA__8_7,8_7,1,SPOOF,unknown_subject,casia_camera,unknown,unknown,casia_real_or_spoof,CASIA,CASIA,train,-1.3014492001288844,1.7805556161946765,-1.752477954078825,-0.5288413167159637,-0.3850193437007398,2.100031004087093,1.7447031562357238,1.581455812992698,-0.1573961191812276,3.038217098573325,116.03394674620456,0.8189232182175374,10.909169545593628,353.78425162730707,2.940409815220587,1.957712565297644,53.253334806860266,0.9314612872543432,0.4563544449509457,1.0,0.7403083715781924,1
CASIA__8_8,8_8,1,SPOOF,unknown_subject,casia_camera,unknown,unknown,casia_real_or_spoof,CASIA,CASIA,train,-1.4344855309808746,2.7637681958329297,-2.242347715060572,-0.4832316580096465,-0.3850193437007398,0.4832945722432873,1.6097633339986122,0.9259646046932982,-0.1573961191812276,3.547571624237919,165.22995600565324,1.3635733106465804,9.688390810025414,352.25427976731487,4.065879651133607,3.0898899491973006,70.97767365132844,1.0087653240740135,0.6202691592150135,1.0,0.29231808993424163,0
CASIA__9_1,9_1,0,REAL,unknown_subject,casia_camera,unknown,unknown,casia_real_or_spoof,CASIA,CASIA,train,-0.4091692562624396,-0.4194807624592732,0.0329955385329377,-0.5156814947670186,-0.3850193437007398,-0.0366550607440261,1.765269729441915,0.939761513557387,-0.1573961191812276,1.5753319970108066,161.87278972717522,0.5212576587230666,5.4023118542507245,359.63021609778923,1.635910488929354,1.6253508658030666,179.5291894786593,0.4569553398007289,-0.311214989018222,1.0,0.14492147083869572,0
CASIA__9_2,9_2,0,REAL,unknown_subject,casia_camera,unknown,unknown,casia_real_or_spoof,CASIA,CASIA,train,0.0809903421372896,-0.3919677280829994,0.3282984414643168,-0.0697710102105616,-0.3850193437007398,-0.7989372138299199,0.5776011248703685,0.2662878487575732,-0.1573961191812276,1.6635400800781914,118.42947961086368,0.1108004315227772,4.1030912804662965,359.5051566709358,0.4153848803876681,1.4819812698404564,52.00183362310262,0.1315663438037391,-0.7852199094770298,1.0,0.13273041910254652,0
CASIA__9_3,9_3,1,SPOOF,unknown_subject,casia_camera,unknown,unknown,casia_real_or_spoof,CASIA,CASIA,train,0.3187751575882956,-0.6209808870669683,0.6130183470784752,-0.0306498854912088,-0.3850193437007398,2.5000447781401163,1.9560614907700573,2.3547407600003063,-0.1573961191812276,2.6621275890454803,154.19490482433284,0.5410049103617552,8.95403416512945,358.3770099540527,1.9277144817796563,3.5686656462715995,103.13802476047726,0.6348694536131868,0.3040459687671029,1.0,0.8734852851990796,1
CASIA__9_4,9_4,1,SPOOF,unknown_subject,casia_camera,unknown,unknown,casia_real_or_spoof,CASIA,CASIA,train,0.4317228895870305,-0.5629838498350503,0.6636251803028864,0.1263675178343626,-0.3850193437007398,2.485457920457036,0.8160888996507232,1.54306271025072,-0.1573961191812276,2.5336924179449696,125.02935966218428,1.1979733580213483,7.278238561884043,359.04346429445184,2.996767532112044,4.325766256898622,120.60040523249442,1.067239918696678,-0.1892168464736137,1.0,0.978943689432364,1
CASIA__9_5,9_5,1,SPOOF,unknown_subject,casia_camera,unknown,unknown,casia_real_or_spoof,CASIA,CASIA,train,-0.0331123459442755,1.254228003370931,-0.660730490163348,0.1366908138013151,-0.3850193437007398,0.4265519382725359,2.185662667082513,1.5988171018447728,-0.1573961191812276,0.8579089574206732,0.9942433532378536,0.5836444604744622,2.570304335949165,2.9352086150020966,1.7673906136059243,1.2330072095384372,1.5127022231829368,0.3001232776722489,0.0680240056838182,1.0,0.08131308040461468,0
CASIA__9_6,9_6,1,SPOOF,unknown_subject,casia_camera,unknown,unknown,casia_real_or_spoof,CASIA,CASIA,train,1.1076976001399588,-0.5810903254091188,1.1409608020842128,0.8136509547899936,-0.3850193437007398,-1.164836412479052,-0.717100322863925,-1.069470627062321,-0.1573961191812276,0.8129514177980756,0.2031260736722606,0.2961891524810026,2.378230088508869,0.674460655708998,0.9529878775952428,0.7629219391907744,0.1829345987476406,0.2921192630316929,0.3580910349292645,1.0,0.4615815771132743,1
CASIA__9_7,9_7,1,SPOOF,unknown_subject,casia_camera,unknown,unknown,casia_real_or_spoof,CASIA,CASIA,train,-0.3159155454039485,1.4242422592044788,-1.8298721103595432,-0.0667030982433928,0.6249589347026502,1.1562077599988207,2.209166832808998,2.192466889464701,-0.1573961191812276,4.045790827712666,2.892292271137173,2.8473003915097865,11.969139615506558,9.156365198463844,6.762181562561141,1.723564126323094,3.397194494470085,1.0605001134524974,-0.3499729834949354,1.0,0.06963132325335561,0
CASIA__9_8,9_8,1,SPOOF,unknown_subject,casia_camera,unknown,unknown,casia_real_or_spoof,CASIA,CASIA,train,0.1155432855698174,0.4899680705139426,-0.3080310328895883,0.1457665707287215,0.6249589347026502,0.8143648934419158,2.824488928134815,2.544502790118142,-0.1573961191812276,1.029875312959774,2.65153300385289,3.026043011463735,3.307872866245864,8.45296941809491,8.63329473190209,0.8159140334083043,3.3407751751491994,2.048243845594768,0.0472922349740301,1.0,0.03450830092238829,0
LOCAL_REAL__p01_iphone_normal_t01.mp4,p01_iphone_normal_t01.mp4,0,REAL,p01,iphone,normal,t01.mp4,real_video,LOCAL_REAL,LOCAL_REAL,train,3.576933384094364,0.8183980832877,1.854048820355208,3.651319533064391,-0.3850193437007398,-0.7035271759882586,0.1423105801034995,-0.0887181656758979,-0.1573961191812276,5.724641957709525,76.13336953686911,34.344815362799736,26.865446481186275,306.9860231732878,140.66732037815356,2.4421762452220874,22.36487600046605,10.6213229461971,0.0363108648311837,0.9375,0.34888580386677326,0
LOCAL_REAL__p02_pc_normal_t01.mp4,p02_pc_normal_t01.mp4,0,REAL,p02,pc,normal,t01.mp4,real_video,LOCAL_REAL,LOCAL_REAL,train,0.2113371250436374,1.3991895790453068,-1.3975658771138035,0.4585072539937467,0.6249589347026502,2.379142008221017,3.656855794451952,4.221349178083966,-0.1573961191812276,5.966285807161302,1.9163366500788688,2.04184693764609,18.13056567852754,6.30895201966473,5.874686510113905,2.8878596437204385,0.7294579118015402,0.7746808572890472,0.6776464737154568,0.9375,0.0369891390524174,0
LOCAL_REAL__p02_pc_normal_t02.mp4,p02_pc_normal_t02.mp4,0,REAL,p02,pc,normal,t02.mp4,real_video,LOCAL_REAL,LOCAL_REAL,train,0.6908862907763308,-0.2818084632365085,0.7196455258061312,0.5952855504389536,0.6249589347026502,-0.2105782705521844,-0.1520035704955604,-0.2358375175527959,-0.1573961191812276,4.974456857140019,86.15432209724311,1.6189510236180071,20.92609250120648,358.6307482416938,6.5768730320136575,1.7443862767071778,24.760856055294987,0.5973110467240436,0.0120876594426661,1.0,0.30557777683565146,0
LOCAL_REAL__p02_pc_normal_t03.mp4,p02_pc_normal_t03.mp4,0,REAL,p02,pc,normal,t03.mp4,real_video,LOCAL_REAL,LOCAL_REAL,train,0.328166992605888,-0.4132755685302021,0.4496260157793439,0.1717831604159414,0.6249589347026502,-0.9294860640363324,-0.1839082471397975,-0.5948312140508947,-0.1573961191812276,5.3027607838439055,0.7157756676915433,0.9944120958865388,18.093203159251345,3.1182165051106665,3.55371529461988,2.487428661491101,0.4808190461995037,0.5194330520032844,0.835737176717608,0.9375,0.17025754722813052,0
LOCAL_REAL__p02_samsung_normal_t01.mp4,p02_samsung_normal_t01.mp4,0,REAL,p02,samsung,normal,t01.mp4,real_video,LOCAL_REAL,LOCAL_REAL,train,-1.175104641655229,-0.3821841756179702,-0.57413693733399,-1.2118456486935252,0.6249589347026502,1.0516777957105827,0.6418064733723532,0.8700519693322771,-0.1573961191812276,12.892452239583571,0.7714503608106013,6.872698824232463,36.03453911550071,2.865652308398978,18.944453679561327,2.612621725487497,0.7045437483182907,1.3531752628258094,0.9843634844657012,0.9375,0.1446491490986047,0
LOCAL_REAL__p02_samsung_normal_t02.mp4,p02_samsung_normal_t02.mp4,0,REAL,p02,samsung,normal,t02.mp4,real_video,LOCAL_REAL,LOCAL_REAL,train,0.1516933556219172,-0.6311385846575873,0.5060670462799212,-0.1445557796849315,-0.3850193437007398,-0.5107175776512363,0.2898680396205824,-0.1183698827305179,-0.1573961191812276,5.867311962221397,1.4502931072766905,1.073108107835762,16.719150820017276,5.06373083078671,3.1228962984924924,1.2743079882542965,0.4717340360332608,0.257386257483602,0.9794633870587002,1.0,0.12502536015129784,0
LOCAL_REAL__p02_samsung_normal_t03.mp4,p02_samsung_normal_t03.mp4,0,REAL,p02,samsung,normal,t03.mp4,real_video,LOCAL_REAL,LOCAL_REAL,train,-0.1821564677171815,-0.5645923238587548,0.1808359988274996,-0.4205777595324438,0.6249589347026502,-0.3720320199973873,0.08386685919117,0.1451960664937851,-0.1573961191812276,1.232796024443262,1.4561513085823838,1.3306735347744871,4.714185175829405,4.706165289265215,4.735103883204747,0.643383018976992,0.795527987886959,0.5346790349755054,0.8278399435349422,1.0,0.3596959333569094,0
LOCAL_REAL__p02_samsung_normal_t04.mp4,p02_samsung_normal_t04.mp4,0,REAL,p02,samsung,normal,t04.mp4,real_video,LOCAL_REAL,LOCAL_REAL,train,-0.2241504937993193,-0.5578549189145475,0.2059285115286771,-0.4575027650562097,1.6349372131060402,-0.655566077166722,-0.2934544909345766,-0.5213182808866885,-0.1573961191812276,1.38925761896212,1.3032390715329163,0.5443412733189688,4.897272784186015,5.177583451834494,1.9610969644952327,0.4553126982900189,0.7222785680641247,0.1836793922203945,0.1498393021910719,1.0,0.31112128607217554,0
LOCAL_REAL__p02_samsung_normal_t05.mp4,p02_samsung_normal_t05.mp4,0,REAL,p02,samsung,normal,t05.mp4,real_video,LOCAL_REAL,LOCAL_REAL,train,0.0418784489154215,-0.2917467676065889,0.2503047903486535,-0.0897014318053934,-0.3850193437007398,0.032680225211449,-0.2210364380683067,-0.0544023961788338,-0.1573961191812276,1.8565979630301552,1.623888181537,4.0909230221621335,7.667039865930984,5.548560029620688,12.39206139432756,0.793263789241315,0.5790262888465368,0.9331145270620292,0.8641979265321275,1.0,0.6915811530181613,1
LOCAL_REAL__p02_samsung_normal_t06.mp4,p02_samsung_normal_t06.mp4,0,REAL,p02,samsung,normal,t06.mp4,real_video,LOCAL_REAL,LOCAL_REAL,train,-0.7705387998157188,0.0214545182952076,-0.7006676814291832,-0.7945005830725003,0.6249589347026502,0.7938412574067512,2.207788728359212,1.837698971037532,-0.1573961191812276,7.435563322175119,87.92006990565206,4.752472405819082,21.769740703984333,357.7940620085868,15.48949251158713,1.650844350003697,26.91996584209201,1.175611898603103,-0.2969341982483265,0.9375,0.024474748334527004,0
LOCAL_REAL__p02_samsung_normal_t07.mp4,p02_samsung_normal_t07.mp4,0,REAL,p02,samsung,normal,t07.mp4,real_video,LOCAL_REAL,LOCAL_REAL,train,0.0418784489154215,-0.2917467676065889,0.2503047903486535,-0.0897014318053934,-0.3850193437007398,0.032680225211449,-0.2210364380683067,-0.0544023961788338,-0.1573961191812276,1.55794694464574,1.268810280717284,4.178332198434522,5.490572991666362,4.650245279108674,12.22733875372923,0.6900357808293002,0.5806458849073995,0.8194811665838434,0.9593121057160868,1.0,0.7138775381695824,1
LOCAL_REAL__p02_samsung_normal_t08.mp4,p02_samsung_normal_t08.mp4,0,REAL,p02,samsung,normal,t08.mp4,real_video,LOCAL_REAL,LOCAL_REAL,train,-0.1698670045013631,-0.706452968869782,0.2946559927497511,-0.4833330173571353,-0.3850193437007398,-0.8642481115867979,-0.3371547551065165,-0.6402167436773013,-0.1573961191812276,3.834048789725501,1.183142877245962,0.6150606361888631,13.265607668783082,4.239012609695436,2.148201900910715,1.0643093405391642,0.4323294483233326,0.2403710246744269,0.8993144333306342,1.0,0.27069147230152,0
LOCAL_REAL__p02_samsung_normal_t09.mp4,p02_samsung_normal_t09.mp4,0,REAL,p02,samsung,normal,t09.mp4,real_video,LOCAL_REAL,LOCAL_REAL,train,-0.7320929294235984,0.0249420959975485,-0.457494349188092,-0.6833365104199358,-0.3850193437007398,-0.7796507830981668,-0.2280608998747502,-0.5594738353892514,-0.1573961191812276,1.349735146243087,85.52809390702933,0.3663636035387115,6.024288297827857,356.1377505196459,1.4689772254342843,0.6652836211775608,24.373089967951945,0.1662167371333889,-0.1910628651237,1.0,0.36240672274710295,0
LOCAL_REAL__p03_samsung_normal_t01.mp4,p03_samsung_normal_t01.mp4,0,REAL,p03,samsung,normal,t01.mp4,real_video,LOCAL_REAL,LOCAL_REAL,train,-0.4065356022144338,0.7330119695938329,-1.5282021362507978,-0.4272731075415566,-0.3850193437007398,0.10006857667227,1.1909214917964022,0.7591143244169554,-0.1573961191812276,9.147066577658904,1.391071802627525,1.0637027603775484,27.179338807108163,4.042356516701432,3.2847918955543216,2.300161687011309,0.5828801832447742,0.3058763244455796,0.9683410147431252,0.9375,0.038204991191887264,0
LOCAL_REAL__p03_samsung_normal_t02.mp4,p03_samsung_normal_t02.mp4,0,REAL,p03,samsung,normal,t02.mp4,real_video,LOCAL_REAL,LOCAL_REAL,train,-0.5582092274983937,2.5532758163382265,-1.352788375591745,0.6575698456389504,-0.3850193437007398,1.8398007137338035,0.9874198598740692,2.376890992144755,-0.1573961191812276,22.734820691757164,128.4345240781877,98.18815590572376,73.23129939426597,354.61825028170546,313.1508740529357,10.268103611240344,62.43599990755517,40.929692016012126,0.9097944277865662,1.0,0.7340359177552962,1
LOCAL_REAL__p03_samsung_normal_t03.mp4,p03_samsung_normal_t03.mp4,0,REAL,p03,samsung,normal,t03.mp4,real_video,LOCAL_REAL,LOCAL_REAL,train,1.907302971404108,-0.4275313616853475,1.4893448696611429,1.557843570033343,1.6349372131060402,-0.2183500310843291,0.9199812926673092,0.9491745831725408,-0.1573961191812276,10.87796439545052,128.35646541364747,75.73321988945035,30.687154749068533,325.3515598569523,356.917975904434,9.6684383296507,115.17740957541312,62.73519815917285,-0.1491645619859347,0.9375,0.5432376725550394,1
LOCAL_REAL__p03_samsung_normal_t04.mp4,p03_samsung_normal_t04.mp4,0,REAL,p03,samsung,normal,t04.mp4,real_video,LOCAL_REAL,LOCAL_REAL,train,-1.921249990152928,4.907909906675348,-2.885214508890919,0.2942600624632129,-0.3850193437007398,0.5824353989309501,1.84026320706076,1.595541212416568,-0.1573961191812276,8.578633620052909,1.6733526795869436,2.57899000024998,27.020657406956623,4.396908061209388,8.450457614433017,2.043077038164641,0.5548195168775559,0.6176935347184334,0.97743579242668,1.0,0.02748203945369903,0
LOCAL_REAL__p03_samsung_normal_t05.mp4,p03_samsung_normal_t05.mp4,0,REAL,p03,samsung,normal,t05.mp4,real_video,LOCAL_REAL,LOCAL_REAL,train,-2.3934178409681337,1.807170560773566,-2.785264160611909,-1.7071887798706702,-0.3850193437007398,-0.2335385222690679,1.4218557263903246,1.6551574822805075,-0.1573961191812276,3.812288092564715,0.8178201261244277,1.59496893675673,17.74628995650538,3.5318310978352088,5.58469896467977,2.0374961239106817,0.6181674430290798,0.8001231867685845,0.315152463646424,1.0,0.037873999850528944,0
LOCAL_REAL__p04_samsung_normal_t01.mp4,p04_samsung_normal_t01.mp4,0,REAL,p04,samsung,normal,t01.mp4,real_video,LOCAL_REAL,LOCAL_REAL,train,0.6718286853022369,-0.2621850950416421,0.690193833243811,0.5197503122604507,0.6249589347026502,-0.8352719656104686,-0.3011516907167409,-0.6363273553371567,-0.1573961191812276,4.94445616508805,121.6463141491712,3.7133757596034473,15.675468245148211,359.586233112145,12.493705532982531,1.1196763032248722,52.02562769732759,0.937513165485342,0.4051560185900257,0.9375,0.2359982736949512,0
LOCAL_REAL__p05_samsung_normal_t01.mp4,p05_samsung_normal_t01.mp4,0,REAL,p05,samsung,normal,t01.mp4,real_video,LOCAL_REAL,LOCAL_REAL,train,-1.6279365243180184,-0.2770102605211742,-0.9605531368916844,-1.6651026382793248,0.6249589347026502,-1.0332443452072628,-0.4045950350953418,-0.7126772340651898,-0.1573961191812276,1.1780447812178332,0.9297119924784965,1.0878027285290035,3.355323026858024,3.3874691926814364,3.441422262588936,0.5502858226502353,0.4769978353168592,0.2903004096268007,0.9071209668253564,0.9375,0.3604303911889334,0
LOCAL_REAL__p05_samsung_normal_t02.mp4,p05_samsung_normal_t02.mp4,0,REAL,p05,samsung,normal,t02.mp4,real_video,LOCAL_REAL,LOCAL_REAL,train,-1.1353438811563512,0.1416683748552515,-0.8695201222332751,-0.762817084412052,0.6249589347026502,-0.9383313436875084,-0.4197299053572171,-0.7747787831523617,-0.1573961191812276,2.523639143950793,0.8885785553412514,0.4048301362329177,10.706987192936792,3.5768789885447347,1.4069574365525574,1.5174279401323811,0.591902246275411,0.2480515555291628,0.134920342120483,1.0,0.29224286107488207,0
LOCAL_REAL__p06_samsung_normal_t01.mp4,p06_samsung_normal_t01.mp4,0,REAL,p06,samsung,normal,t01.mp4,real_video,LOCAL_REAL,LOCAL_REAL,train,-0.4010209221160115,-0.6548390660544887,0.1407717412301753,-0.6623622923123311,-0.3850193437007398,-1.2744743664045888,-0.6541799998113623,-1.0227102786316389,-0.1573961191812276,2.750090980191364,0.789845162744299,0.2293511580517304,10.914433844806029,2.521956944450096,0.7956082498553189,1.0013826340499503,0.4759374196676061,0.1052084259153196,0.7697417443372239,0.9375,0.3153946293352741,0
LOCAL_REAL__p06_samsung_normal_t02.mp4,p06_samsung_normal_t02.mp4,0,REAL,p06,samsung,normal,t02.mp4,real_video,LOCAL_REAL,LOCAL_REAL,train,-0.2751949040590378,-0.6797992152983456,0.2141816475395,-0.6084549888411449,-0.3850193437007398,-1.0351976982278284,-0.0192983721995686,-0.2229769248852639,-0.1573961191812276,3.2694708257599667,83.8000893644158,59.20211921416404,14.584214651864531,351.42186981871583,179.81799307544983,1.619478478395442,24.253055313509154,12.116944621219512,-0.6793865325324698,1.0,0.6164996919212071,1
LOCAL_REAL__p06_samsung_normal_t03.mp4,p06_samsung_normal_t03.mp4,0,REAL,p06,samsung,normal,t03.mp4,real_video,LOCAL_REAL,LOCAL_REAL,train,-0.4010209221160115,-0.6548390660544887,0.1407717412301753,-0.6623622923123311,-0.3850193437007398,-1.2744743664045888,-0.6541799998113623,-1.0227102786316389,-0.1573961191812276,2.750090980191364,0.789845162744299,0.2293511580517304,10.914433844806029,2.521956944450096,0.7956082498553189,1.0013826340499503,0.4759374196676061,0.1052084259153196,0.7697417443372239,0.9375,0.3153946293352741,0
LOCAL_REAL__p07_samsung_normal_t01.mp4,p07_samsung_normal_t01.mp4,0,REAL,p07,samsung,normal,t01.mp4,real_video,LOCAL_REAL,LOCAL_REAL,train,-0.4355578168056538,-0.368513803408739,-0.0980912540253539,-0.583016352200971,0.6249589347026502,-0.4391845663861294,-0.4948859902233915,-0.5359721406119007,-0.1573961191812276,3.45224601219628,5.097553962527909,0.544655092154223,12.242611582017243,15.564404761198716,1.794635101782124,0.9635817784845516,1.0491832693562553,0.198288475082963,0.957007663082182,1.0,0.4480125182198462,1
LOCAL_REAL__p07_samsung_normal_t02.mp4,p07_samsung_normal_t02.mp4,0,REAL,p07,samsung,normal,t02.mp4,real_video,LOCAL_REAL,LOCAL_REAL,train,-0.7710307767958975,-0.6153931368553106,-0.1423234370054971,-1.002518631409456,-0.3850193437007398,-0.281131258307446,-0.3743415231816611,-0.4392100940676214,-0.1573961191812276,7.836534227808461,154.3235602463618,1.4514889281279355,23.40552303738988,359.5811618061968,4.637585574882699,1.7491025019065385,24.63104916458145,0.3091723716588466,0.8369015102375528,1.0,0.3545011199097656,0
LOCAL_REAL__p08_iphone_normal_t01.mp4,p08_iphone_normal_t01.mp4,0,REAL,p08,iphone,normal,t01.mp4,real_video,LOCAL_REAL,LOCAL_REAL,train,-0.4554195196388039,4.831208964384143,-2.4084093282238883,2.285460860466916,0.6249589347026502,1.7067026343953615,1.5851929614364415,2.121252812193642,-0.1573961191812276,18.769517670144136,152.87330247130154,56.33113031080529,64.02992008352291,357.8561617038261,174.10041303059108,6.689001936551238,49.982472457945285,23.52213256358333,0.5016082288322097,1.0,0.17826123170686317,0
LOCAL_REAL__p08_iphone_normal_t02.mp4,p08_iphone_normal_t02.mp4,0,REAL,p08,iphone,normal,t02.mp4,real_video,LOCAL_REAL,LOCAL_REAL,train,1.1976878821434191,2.262982988157588,-1.2027325821128338,1.8686446039668805,-0.3850193437007398,1.731819621007478,3.9168304202422153,3.0150788531559862,-0.1573961191812276,13.387872195831394,141.18702123746235,0.6902821612321801,38.934746206848125,355.1172553345033,2.766516297134851,2.947042617438536,25.937268307246217,0.5226601006926599,0.7446433528291441,0.9375,0.0026131999016332343,0
LOCAL_REAL__p08_iphone_normal_t03.mp4,p08_iphone_normal_t03.mp4,0,REAL,p08,iphone,normal,t03.mp4,real_video,LOCAL_REAL,LOCAL_REAL,train,0.5440928668418863,5.253880951073668,-1.9703409456219,5.114691529020829,0.6249589347026502,1.3398913163838928,0.7200287164626029,1.2276911600481102,-0.1573961191812276,20.346879411978843,175.07588172248074,81.06743197062839,65.71028494462374,356.8592992244602,180.1961278456896,4.380685662974916,25.66681023872789,12.934908489692823,0.6688175759500856,1.0,0.3689199492942944,0
LOCAL_REAL__p09_iphone_normal_t01.mp4,p09_iphone_normal_t01.mp4,0,REAL,p09,iphone,normal,t01.mp4,real_video,LOCAL_REAL,LOCAL_REAL,train,-0.7395060651243919,-0.5393576724387601,-0.2276178816269027,-0.939803303024684,1.6349372131060402,-0.6983144514345991,-0.2523729849014648,-0.544554004409557,-0.1573961191812276,5.973897114183712,3.450724375715699,41.173773768631776,25.91413121917724,13.297943451446145,170.5970753531255,2.392422643115777,1.5166035419228705,11.531336991994126,-0.0155552051507735,1.0,0.48128609519497934,1
LOCAL_REAL__p09_iphone_normal_t02.mp4,p09_iphone_normal_t02.mp4,0,REAL,p09,iphone,normal,t02.mp4,real_video,LOCAL_REAL,LOCAL_REAL,train,0.0701009933869999,-0.5780024924316773,0.3601518561154966,-0.2345019622632005,1.6349372131060402,-0.1482207211338072,-0.3016621854113205,-0.1936558155776347,-0.1573961191812276,8.393640927595216,1.0220794245842555,1.849076044053949,28.230462632775133,3.669709515468554,5.68167998642468,1.8820308421850087,0.6984379975207957,0.3800924564221994,0.991701126475479,1.0,0.17227335041115632,0
LOCAL_REAL__p09_pc_normal_t01.mp4,p09_pc_normal_t01.mp4,0,REAL,p09,pc,normal,t01.mp4,real_video,LOCAL_REAL,LOCAL_REAL,train,0.9001054507009625,1.3236643937689925,0.2983789052661749,1.818267984433217,0.6249589347026502,0.254516601501726,0.396848921257421,0.2787065761373379,-0.1573961191812276,17.911922697968084,46.67448317175048,77.36392427648231,65.01698031829417,189.5358405296909,182.463415066879,15.327794627183524,28.907998114481263,40.48103044296987,0.8024429440957324,0.9375,0.7238281392980881,1
LOCAL_REAL__p09_pc_normal_t02.mp4,p09_pc_normal_t02.mp4,0,REAL,p09,pc,normal,t02.mp4,real_video,LOCAL_REAL,LOCAL_REAL,train,0.9001054507009625,1.3236643937689925,0.2983789052661749,1.818267984433217,0.6249589347026502,0.254516601501726,0.396848921257421,0.2787065761373379,-0.1573961191812276,17.131741336312142,89.17382478383406,76.45548919678527,52.27352925471507,340.03102183920623,277.1115045198405,7.634136561178638,67.92418243374111,72.31603701741248,0.8109591883923911,1.0,0.2564968196462922,0
LOCAL_REAL__p09_pc_normal_t03.mp4,p09_pc_normal_t03.mp4,0,REAL,p09,pc,normal,t03.mp4,real_video,LOCAL_REAL,LOCAL_REAL,train,0.9001054507009625,1.3236643937689925,0.2983789052661749,1.818267984433217,0.6249589347026502,0.254516601501726,0.396848921257421,0.2787065761373379,-0.1573961191812276,15.74886390352421,83.0192689002828,95.8265404825686,52.32654530930351,344.99745724219497,349.41668100188474,10.22393414558926,51.51367369552754,103.22594220839645,0.0691612659907763,1.0,0.46505928189566836,1
LOCAL_REAL__p09_pc_normal_t04.mp4,p09_pc_normal_t04.mp4,0,REAL,p09,pc,normal,t04.mp4,real_video,LOCAL_REAL,LOCAL_REAL,train,-0.4411483133790861,-0.3583050927984055,-0.1330457234322215,-0.6388167206570701,0.6249589347026502,-1.3353504277592825,-0.7380528286889928,-1.1696884207701366,-0.1573961191812276,0.8171665416448399,0.2573938246887139,0.1749228599530701,3.1535815929952555,0.8701360097113877,0.7032423688122256,0.7145927177611342,0.2087526076599336,0.1092029428402966,0.2594304290617918,1.0,0.3473064338969271,0
LOCAL_REAL__p09_pc_normal_t05.mp4,p09_pc_normal_t05.mp4,0,REAL,p09,pc,normal,t05.mp4,real_video,LOCAL_REAL,LOCAL_REAL,train,-0.0914716625302281,-0.3545437576355394,0.0156400367435451,-0.2255674941232014,-0.3850193437007398,-0.6002565650499223,-0.0411002038312955,-0.3956678608744523,-0.1573961191812276,10.012653854762478,173.13248838871195,0.5603119782201065,29.65276538061433,359.85039106983504,1.4940771165648958,1.9768510253742888,24.485376437382943,0.2102035096221443,0.8753848514575244,1.0,0.0981279536427194,0
LOCAL_REAL__p09_pc_normal_t06.mp4,p09_pc_normal_t06.mp4,0,REAL,p09,pc,normal,t06.mp4,real_video,LOCAL_REAL,LOCAL_REAL,train,-0.274585051829387,0.0471087797291665,0.0373290805628372,0.6140764472483824,0.6249589347026502,-0.4176035539623348,0.7396400711109444,0.4203805165408892,-0.1573961191812276,7.808811375704488,177.51384381380933,0.8887365282751372,29.50643660618676,359.84657260055815,2.8393449521221954,3.4061069443098946,119.48727243489078,0.2080965907778454,0.3496845454664916,1.0,0.08130002723141369,0
LOCAL_REAL__p10_redmi_normal_t01.mp4,p10_redmi_normal_t01.mp4,0,REAL,p10,redmi,normal,t01.mp4,real_video,LOCAL_REAL,LOCAL_REAL,train,0.7922014512076981,-0.208813188615852,0.6124599289147564,0.5938383641998098,-0.3850193437007398,0.0699160498784112,2.4891200337224144,3.203149866034799,-0.1573961191812276,14.775048674408362,84.87537307351174,43.37170663881023,79.63500585825066,351.33462829744406,179.58615208276615,5.595019715111548,23.71413829912653,12.257344104420056,0.0341846103901779,1.0,0.003640711370924357,0
MSU_MFSD__real_client001_android_SD_scene01,real_client001_android_SD_scene01,0,REAL,client001,android,unknown,unknown,real_video,MSU_MFSD,MSU_MFSD,train,-0.0429900704878492,-0.6768446305625347,0.3772375056957474,-0.3916959765730325,-0.3850193437007398,-0.4002012498322058,0.0461472017959414,-0.0960201417137129,-0.1573961191812276,0.71620502543033,0.4312832544518946,0.2652369819503897,2.828341994476446,1.5690529876160326,0.9301959901229728,0.7363682065298643,0.3894403669912683,0.3178510875425476,-0.082581575231116,0.9375,0.43722503498246845,1
MSU_MFSD__real_client001_laptop_SD_scene01,real_client001_laptop_SD_scene01,0,REAL,client001,laptop,unknown,unknown,real_video,MSU_MFSD,MSU_MFSD,train,-0.848423349039151,-0.5253831211360793,-0.2686545054369221,-0.983016427461971,0.6249589347026502,-0.4081117386754471,-0.0829540889367802,-0.1934233189661651,-0.1573961191812276,0.8262117446564526,0.9009986160339406,0.1871879539187383,3.1662100818041448,2.5982544623525428,0.7910922214338147,0.9913742831067658,1.1550308277449346,0.1978870477908371,-0.1408206026255999,1.0,0.42078252084878565,1
MSU_MFSD__real_client002_android_SD_scene01,real_client002_android_SD_scene01,0,REAL,client002,android,unknown,unknown,real_video,MSU_MFSD,MSU_MFSD,train,0.6189038051002792,-0.6247376236109032,0.7415132858943075,0.2913897500320563,1.6349372131060402,-0.4966663500874905,-0.0606832119364555,-0.1108259154552149,-0.1573961191812276,1.4722090387686322,1.0616573325341123,0.4248927818068446,6.290772946847243,3.292742410856505,1.9812195922340967,1.033159492951619,1.159985148903966,0.265835959659144,-0.0340658980983138,1.0,0.2739819307569578,0
MSU_MFSD__real_client002_laptop_SD_scene01,real_client002_laptop_SD_scene01,0,REAL,client002,laptop,unknown,unknown,real_video,MSU_MFSD,MSU_MFSD,train,0.0003808270528798,0.7114056843634256,-1.0403521030292606,-0.0311873971824366,0.6249589347026502,-0.846250730217528,-0.2104961056967524,-0.5942160718382968,-0.1573961191812276,0.5929378152043226,1.779580996687552,0.237215465342027,2.536084150897614,6.701136865607907,0.8793741731106864,0.6709927119900435,1.9494049502819035,0.2707576796229999,0.0300409302150341,1.0,0.3033261639507662,0
MSU_MFSD__real_client003_laptop_SD_scene01,real_client003_laptop_SD_scene01,0,REAL,client003,laptop,unknown,unknown,real_video,MSU_MFSD,MSU_MFSD,train,-0.7077710595805912,1.0194169354284104,-1.4555341363791596,-0.4391055315711192,0.6249589347026502,-1.0299897944554317,-0.5212670517557303,-0.851024190562702,-0.1573961191812276,0.3193306366568817,0.5668503932666786,0.1449493546170573,1.3033280364097315,2.0690599035483785,0.5315440022948019,0.4033365532101806,0.5889537724558939,0.1114581445362971,0.1095736402558031,1.0,0.36133099874327074,0
MSU_MFSD__real_client005_laptop_SD_scene01,real_client005_laptop_SD_scene01,0,REAL,client005,laptop,unknown,unknown,real_video,MSU_MFSD,MSU_MFSD,train,1.4036469336425816,1.2570752001148815,-0.6330431295204442,1.4638450612191125,0.6249589347026502,-0.3562958880611382,0.4931460678442833,0.617742873060264,-0.1573961191812276,2.1761573050150145,0.9860849679475964,0.2539951288269356,9.11577043259982,4.021994810093304,1.039375732163372,2.138984946520832,0.8968384913183096,0.255303715643792,0.407056960296691,1.0,0.17432421051496724,0
MSU_MFSD__real_client006_laptop_SD_scene01,real_client006_laptop_SD_scene01,0,REAL,client006,laptop,unknown,unknown,real_video,MSU_MFSD,MSU_MFSD,train,0.2436858566515781,-0.5983694777872324,0.538365473797495,-0.0239709187907819,1.6349372131060402,-1.2578963883231615,-0.6860458819418184,-1.091700011521749,-0.1573961191812276,0.5330622582886084,0.6256550961208583,0.1125942834797686,1.8269803053725464,2.4180694047232407,0.4177197507296535,0.484694980409798,0.6856843587908316,0.0874492145689143,0.3354148069528256,1.0,0.3139412943547988,0
MSU_MFSD__real_client007_laptop_SD_scene01,real_client007_laptop_SD_scene01,0,REAL,client007,laptop,unknown,unknown,real_video,MSU_MFSD,MSU_MFSD,train,-1.2641508148530791,-0.5368885678131651,-0.5270445455018794,-1.4051064415267955,0.6249589347026502,-0.3115717097056701,0.4396681303349413,0.0740069430475169,-0.1573961191812276,1.019205330964831,0.4730450359370992,0.1827758792764002,3.4390367281120504,1.587739007455724,0.6639082907543579,1.0835251518759097,0.551912255671948,0.1901440477501546,0.2488458093402999,1.0,0.2925688444625871,0
MSU_MFSD__real_client008_laptop_SD_scene01,real_client008_laptop_SD_scene01,0,REAL,client008,laptop,unknown,unknown,real_video,MSU_MFSD,MSU_MFSD,train,-0.3358303751100989,-0.5979000835343259,0.128498892700361,-0.5508439738594527,1.6349372131060402,-0.9960898953280256,-0.4332491939359439,-0.6959178801574701,-0.1573961191812276,0.786073974813652,0.5944081671420539,0.1057529521079051,3.109930257822731,2.51054907694018,0.3815752044465528,0.970349117389507,0.6319672569998431,0.1303066528411968,-0.426270877324131,1.0,0.2738123302710699,0
MSU_MFSD__real_client009_laptop_SD_scene01,real_client009_laptop_SD_scene01,0,REAL,client009,laptop,unknown,unknown,real_video,MSU_MFSD,MSU_MFSD,train,-0.5608459252735,-0.0163026379189528,-0.2720188625908515,-0.3393940413529809,3.65489376991282,-0.1422514369423472,0.8620748714888824,1.1668712637474106,-0.1573961191812276,1.5094824467910617,0.9705000154033436,2.781414670651189,5.083924883323091,3.3846639747485483,8.172545854191647,1.7830409919960226,1.3246538528971807,0.6725336796098478,0.6907627214877823,1.0,0.1077000563846446,0
MSU_MFSD__real_client011_android_SD_scene01,real_client011_android_SD_scene01,0,REAL,client011,android,unknown,unknown,real_video,MSU_MFSD,MSU_MFSD,train,0.5648012792134781,-0.5828273932018534,0.7167134561717022,0.3049570570345427,0.6249589347026502,0.4588761857045259,1.1807838773079653,1.2861242534390207,-0.1573961191812276,0.8879706318690606,0.8967850872844553,0.228650343661197,2.9896855637993704,3.489022134617187,0.8667748178403629,0.6788607933996488,0.7921773385685431,0.2951585055611063,0.2842478171359348,1.0,0.2359341113371602,0
MSU_MFSD__real_client011_laptop_SD_scene01,real_client011_laptop_SD_scene01,0,REAL,client011,laptop,unknown,unknown,real_video,MSU_MFSD,MSU_MFSD,train,0.4587639145392781,-0.4848648200674255,0.6478083226629877,0.2728563469185214,0.6249589347026502,-1.0586919272247557,-0.4962102062674468,-0.7325720664894223,-0.1573961191812276,1.0367478617273391,0.436432013939577,0.1616732088194314,3.91079394785857,1.9542136076052257,0.6990532560969616,0.8889398991777061,0.4430333950055096,0.1801530853549363,0.2753369102925741,1.0,0.3326149922693429,0
MSU_MFSD__real_client012_android_SD_scene01,real_client012_android_SD_scene01,0,REAL,client012,android,unknown,unknown,real_video,MSU_MFSD,MSU_MFSD,train,1.0231146376790636,-0.6512639656493524,1.078560940762887,0.6678230091280956,0.6249589347026502,-0.2206738129371653,0.3157471489588927,0.1918620316469191,-0.1573961191812276,0.7354180121043652,0.9610234157182168,0.1567459078731795,2.1201567820676086,3.422110235979716,0.5085839559490575,0.7205695008863806,1.18439131082474,0.1510289919076827,0.1322323073889753,1.0,0.32955945157841604,0
MSU_MFSD__real_client012_laptop_SD_scene01,real_client012_laptop_SD_scene01,0,REAL,client012,laptop,unknown,unknown,real_video,MSU_MFSD,MSU_MFSD,train,2.2361234507658403,-0.7495328961704029,1.9556169251425308,1.6942717160054075,-0.3850193437007398,-1.193537856565338,-0.6755239726823556,-1.014067095374281,-0.1573961191812276,0.4987117080325621,0.2314657135332914,0.0840589182836553,1.6440062046447,0.9357652034044576,0.3570464875427127,0.5149136044211358,0.2750413678739051,0.0861570270342012,0.004991269490788,1.0,0.4051087624362754,0
MSU_MFSD__real_client013_android_SD_scene01,real_client013_android_SD_scene01,0,REAL,client013,android,unknown,unknown,real_video,MSU_MFSD,MSU_MFSD,train,0.4907092139553713,-0.4536639911953887,0.6418405092444317,0.2683084860948377,0.6249589347026502,-0.4653038347438666,0.16806234409525,0.0456563549353042,-0.1573961191812276,0.4990944248849799,0.9474717134047492,0.2015065800932662,1.9230351338893168,3.004319169078628,0.8174478630091513,0.4443228242452584,1.3184426822701008,0.2433668999286163,-0.0954852160902701,1.0,0.28177168456291957,0
MSU_MFSD__real_client013_laptop_SD_scene01,real_client013_laptop_SD_scene01,0,REAL,client013,laptop,unknown,unknown,real_video,MSU_MFSD,MSU_MFSD,train,1.627913173534706,-0.6514698422814557,1.5013220410131158,1.203165712702828,-0.3850193437007398,-1.0340709301363282,-0.4186378355123453,-0.7805051077435721,-0.1573961191812276,1.067586381540943,0.4987504339578851,0.1812524697689038,4.435787350337565,2.060888802003092,0.7238529114951885,1.019962693112628,0.5753652683537287,0.1650904038573092,-0.0693826960429962,1.0,0.35379212968583706,0
MSU_MFSD__real_client014_android_SD_scene01,real_client014_android_SD_scene01,0,REAL,client014,android,unknown,unknown,real_video,MSU_MFSD,MSU_MFSD,train,-0.5649095776530983,-0.5161575096107285,-0.1197872219304564,-0.7846369875805217,1.6349372131060402,0.5590713034808102,1.718864125997743,1.80817287518869,-0.1573961191812276,0.7199532634882865,1.3680812229429478,0.2335623622864995,2.488661636903588,5.406652033481862,0.7650170050291782,0.7651662005891677,1.2478184769715956,0.2698915034353092,0.2283576215832061,1.0,0.10977929938657237,0
MSU_MFSD__real_client014_laptop_SD_scene01,real_client014_laptop_SD_scene01,0,REAL,client014,laptop,unknown,unknown,real_video,MSU_MFSD,MSU_MFSD,train,0.0151390296484351,-0.6343898268591229,0.4097118424203915,-0.209462108106327,-0.3850193437007398,-0.7610497848200894,-0.0622173508323958,-0.3966202448996552,-0.1573961191812276,0.8782377645688542,0.7195207554422376,0.1759275513728102,3.19978397870308,2.7109291821667227,0.690696657942898,0.9485634259763136,0.4086418986885405,0.2139812242541746,0.3789701495007137,1.0,0.3637776397546411,0
MSU_MFSD__real_client021_android_SD_scene01,real_client021_android_SD_scene01,0,REAL,client021,android,unknown,unknown,real_video,MSU_MFSD,MSU_MFSD,train,-0.1216997464575706,-0.6512402092211951,0.2637150603258801,-0.389953926777558,0.6249589347026502,-0.1957191351433538,0.0969044706335668,0.0662570154232054,-0.1573961191812276,0.8110715461632756,0.9486212190434395,0.272967153721118,2.9204845045187047,2.7691962234213463,0.988102483420259,0.8594462018812361,0.8732963882627852,0.299005992905867,0.1979601022024368,1.0,0.4351515006609831,1
MSU_MFSD__real_client021_laptop_SD_scene01,real_client021_laptop_SD_scene01,0,REAL,client021,laptop,unknown,unknown,real_video,MSU_MFSD,MSU_MFSD,train,-0.6564588013361636,0.8217144508698742,-1.6845127184344777,-0.4592939587777383,-0.3850193437007398,-0.1300684687230387,0.9327243912335678,1.0887609231118496,-0.1573961191812276,0.7475437038890361,86.83029141944812,0.3600990861780011,2.27327671805861,359.58628647603376,1.3360863312405795,1.062713492714951,48.242234868937416,0.3987646724865411,-0.0672638052484942,1.0,0.19487714585732313,0
MSU_MFSD__real_client022_android_SD_scene01,real_client022_android_SD_scene01,0,REAL,client022,android,unknown,unknown,real_video,MSU_MFSD,MSU_MFSD,train,0.8617998684578593,-0.4428213786525271,0.9046840464475124,0.7197343525191876,1.6349372131060402,-0.2778948887878076,0.1680363098078567,0.3458543972271716,-0.1573961191812276,0.717602032122886,1.24037701370956,0.2729384642237666,2.796363937971707,4.182772298503579,1.0489714915930302,0.7818890229728674,0.3685991902065477,0.2742879043912462,0.7253884021796018,1.0,0.3218711212760787,0
MSU_MFSD__real_client022_laptop_SD_scene01,real_client022_laptop_SD_scene01,0,REAL,client022,laptop,unknown,unknown,real_video,MSU_MFSD,MSU_MFSD,train,0.4634252442401324,0.3181049836915594,-0.1533914946043397,0.2584039373311476,0.6249589347026502,-1.0462487194591936,-0.3635993822632559,-0.5914752289314092,-0.1573961191812276,0.450690684114981,0.4141360563420136,0.1051082519601142,1.5301123143379791,1.7010007001942142,0.3370284904499188,0.5214557515632426,0.4082399306444264,0.134310885657883,0.0732846268450123,1.0,0.2793612182299383,0
MSU_MFSD__real_client023_android_SD_scene01,real_client023_android_SD_scene01,0,REAL,client023,android,unknown,unknown,real_video,MSU_MFSD,MSU_MFSD,train,-1.33661503951816,1.894206368500496,-2.613608915369966,-0.9430723979391428,0.6249589347026502,0.0445899240014324,0.7234366389380444,1.128057232585296,-0.1573961191812276,0.8922163521524139,178.17090318627805,0.1791677250874204,3.594826330205179,359.89591619118136,0.6586327942214556,0.909547131858888,239.6178355522657,0.1885667902323958,-0.3886467415306945,1.0,0.37060203184731744,0
MSU_MFSD__real_client023_laptop_SD_scene01,real_client023_laptop_SD_scene01,0,REAL,client023,laptop,unknown,unknown,real_video,MSU_MFSD,MSU_MFSD,train,0.2270283683462603,-0.6456977377190021,0.5184128784169223,-0.1312782170798127,1.6349372131060402,-0.27981835296454,0.0214386077210966,-0.1789740806042412,-0.1573961191812276,0.9211685965836982,0.4393154922655126,0.1987194705171935,3.1230102192748697,1.5515871153869512,0.8173088813686072,1.5911103541316034,0.539610164597201,0.2933486600928205,-0.3650330660951144,1.0,0.3956744118169409,0
MSU_MFSD__real_client024_android_SD_scene01,real_client024_android_SD_scene01,0,REAL,client024,android,unknown,unknown,real_video,MSU_MFSD,MSU_MFSD,train,0.3922319139901061,-0.5396661522648907,0.5851756623484767,0.1838131839815161,1.6349372131060402,-0.2391813156060561,0.5229652610457415,0.3489761815715426,-0.1573961191812276,0.6427409977381131,0.664636073106688,0.2573276598584642,2.2321593379324893,2.115113688261175,0.9755757730338984,0.5542109259440016,0.6005754922771455,0.209225824129162,0.3330830570592712,1.0,0.21948387776102463,0
MSU_MFSD__real_client024_laptop_SD_scene01,real_client024_laptop_SD_scene01,0,REAL,client024,laptop,unknown,unknown,real_video,MSU_MFSD,MSU_MFSD,train,-0.0404067762882084,-0.6739629534855528,0.3740033962100307,-0.3493810085759946,-0.3850193437007398,-0.769184453765735,0.3145355269258588,0.4469773985371628,-0.1573961191812276,0.4877524089961746,0.2615177036644387,0.1804390442461703,1.6638079208809295,0.94631479354274,0.7004760676028172,0.476830017864023,0.1942654429618756,0.2576997470899629,0.2302868574784063,1.0,0.1812045838297004,0
MSU_MFSD__real_client026_android_SD_scene01,real_client026_android_SD_scene01,0,REAL,client026,android,unknown,unknown,real_video,MSU_MFSD,MSU_MFSD,train,-0.1019885697645871,1.106211455295684,-0.7011123200206697,0.2250265089694862,-0.3850193437007398,-0.8723120941054625,-0.3449782297464493,-0.698687450394361,-0.1573961191812276,0.9348200123035456,1.1041686940667292,0.3761058084329672,3.2365292026978736,3.983495379369714,1.0568282465161356,1.1933110667336564,0.9313063507232414,0.2495283483661327,0.3722867360126096,1.0,0.4336113444248546,1
MSU_MFSD__real_client026_laptop_SD_scene01,real_client026_laptop_SD_scene01,0,REAL,client026,laptop,unknown,unknown,real_video,MSU_MFSD,MSU_MFSD,train,0.5136323528451663,1.2960467640844195,-1.0517055452459558,0.8636001245501566,0.6249589347026502,-0.4651042819468878,0.3387412481863147,0.0909435299742416,-0.1573961191812276,1.3803194884624044,0.9983566743209334,0.2445483643655945,4.561446260824062,3.5907150967939003,0.8756182592907175,1.2132311320458835,0.7732617003214329,0.284101095197558,0.1286467722368506,1.0,0.21249852676152017,0
MSU_MFSD__real_client028_android_SD_scene01,real_client028_android_SD_scene01,0,REAL,client028,android,unknown,unknown,real_video,MSU_MFSD,MSU_MFSD,train,0.4240111919280729,-0.6985998775340754,0.7051165481269248,0.0715802309372529,-0.3850193437007398,-0.9114477473473064,-0.360612504439031,-0.7417165477416401,-0.1573961191812276,0.5295530050708656,0.3583445060961328,0.0792750428954996,1.734022285541256,1.2325421877306155,0.297087340396966,0.6563879402369811,0.3788157530442296,0.0790029384973616,0.2845693163766089,1.0,0.43168505543617314,1
MSU_MFSD__real_client028_laptop_SD_scene01,real_client028_laptop_SD_scene01,0,REAL,client028,laptop,unknown,unknown,real_video,MSU_MFSD,MSU_MFSD,train,0.3578322637223831,-0.6242978876574136,0.6312908223940801,0.054316891162704,0.6249589347026502,-0.7910989540636629,0.231644239925445,0.0592251493230088,-0.1573961191812276,0.9918734710091196,0.4538894510304221,0.1366973052898595,4.498749650253195,1.9774892867552865,0.6272169062318973,0.9034689687090016,0.4815695323384962,0.1528232984330345,0.1728890405412163,1.0,0.172882987969925,0
MSU_MFSD__real_client029_android_SD_scene01,real_client029_android_SD_scene01,0,REAL,client029,android,unknown,unknown,real_video,MSU_MFSD,MSU_MFSD,train,-0.84796789678416,-0.6937876462383202,-0.1583184495019168,-1.1008123705524937,-0.3850193437007398,-1.0916546940218994,-0.5971604250717137,-0.9425717398074344,-0.1573961191812276,0.5437703954370766,0.6671719858548422,0.1293200185010777,1.6604571030681845,2.8280802622295766,0.4420879065333596,0.3977092829377353,0.6885537853270155,0.1709571592155999,0.1344898626495731,1.0,0.4349732817678668,1
MSU_MFSD__real_client029_laptop_SD_scene01,real_client029_laptop_SD_scene01,0,REAL,client029,laptop,unknown,unknown,real_video,MSU_MFSD,MSU_MFSD,train,-0.3705321844680111,-0.7294908954008195,0.1841176412266154,-0.7017956857284916,-0.3850193437007398,-1.166508479799734,-0.5311256968652722,-0.8520489102483062,-0.1573961191812276,0.4818743354446214,0.2440299897519549,0.1190215455214098,1.819203866993242,1.068935592639377,0.4802973535984738,0.6253814416321378,0.254495281951866,0.130825649395707,-0.3020746954186615,1.0,0.3602009282460825,0
MSU_MFSD__real_client030_android_SD_scene01,real_client030_android_SD_scene01,0,REAL,client030,android,unknown,unknown,real_video,MSU_MFSD,MSU_MFSD,train,0.3201553494764503,-0.6073373618557023,0.4840027918646984,-0.017494158869435,-0.3850193437007398,-0.6147213880987371,-0.1995682135633597,-0.2741208843286798,-0.1573961191812276,1.0211772631222649,0.6916746337457694,0.2803883034724538,4.2435360170872425,2.16806262588608,1.1250560292235532,1.3561873926209995,0.7933577005128333,0.3926118601970329,0.0448144300513711,1.0,0.4443931110223779,1
MSU_MFSD__real_client030_laptop_SD_scene01,real_client030_laptop_SD_scene01,0,REAL,client030,laptop,unknown,unknown,real_video,MSU_MFSD,MSU_MFSD,train,0.7315969708325538,0.2455214995708955,0.2176167426511663,0.7602509599721471,0.6249589347026502,-0.8703197065303259,-0.1198557644371456,-0.487955990948599,-0.1573961191812276,1.5634744581593558,0.3479478988060446,0.2066259794292162,5.071711761734888,1.5292447395658826,0.8812016745975468,1.4812332123395096,0.3898410213311611,0.2033828180709812,0.1972414083967094,1.0,0.2602443925406095,0
MSU_MFSD__real_client032_android_SD_scene01,real_client032_android_SD_scene01,0,REAL,client032,android,unknown,unknown,real_video,MSU_MFSD,MSU_MFSD,train,0.4524661664690288,-0.6696530607997766,0.7205991782733915,0.1894232702902453,-0.3850193437007398,-0.9553711250666378,-0.526064361632814,-0.8572219902849985,-0.1573961191812276,1.0941968281549062,86.84903353763642,0.2944457602779216,4.344935026213597,359.5888598505529,0.994092604163731,0.721699864534786,48.30313891708831,0.1772044105279852,-0.0757864951335477,1.0,0.45847803477435217,1
MSU_MFSD__real_client032_laptop_SD_scene01,real_client032_laptop_SD_scene01,0,REAL,client032,laptop,unknown,unknown,real_video,MSU_MFSD,MSU_MFSD,train,0.8466775254202806,-0.7271767660949622,0.9872925071869332,0.3856918249728562,-0.3850193437007398,-1.1581129652667626,-0.6107700414946122,-0.9977193578496424,-0.1573961191812276,0.5909419667765197,0.4889520811307882,0.1422496095390175,2.185177491283,1.582843104222377,0.4849655117196059,0.7261751179767316,0.6714077108452765,0.1678269435259777,-0.3083095113986545,1.0,0.3937027579047866,0
MSU_MFSD__real_client033_android_SD_scene01,real_client033_android_SD_scene01,0,REAL,client033,android,unknown,unknown,real_video,MSU_MFSD,MSU_MFSD,train,0.1051398263455101,-0.646478423099491,0.3858390916465313,-0.2275363226607854,0.6249589347026502,-0.8150314609457278,-0.2953619306816615,-0.4945847614839357,-0.1573961191812276,1.3997619147477132,0.4747389184327445,0.3157990640498042,5.606493923141644,1.615875308302975,1.478107955528659,1.5869648627508115,0.6881169811020281,0.292948109023458,0.0043915556155079,1.0,0.3477121964603188,0
MSU_MFSD__real_client033_laptop_SD_scene01,real_client033_laptop_SD_scene01,0,REAL,client033,laptop,unknown,unknown,real_video,MSU_MFSD,MSU_MFSD,train,-0.7546823651423594,-0.624335179291897,-0.152575388166011,-0.9907960133396744,0.6249589347026502,-0.8545300776957152,-0.3215369231217627,-0.616026871102598,-0.1573961191812276,0.7375393779098566,0.6373000203099126,0.1509552797140178,3.509185989977171,2.888030734630206,0.5176603305321015,0.7703929388806541,0.6476786218065664,0.1992009662920378,-0.4108853926128242,1.0,0.3295584769563812,0
MSU_MFSD__real_client034_android_SD_scene01,real_client034_android_SD_scene01,0,REAL,client034,android,unknown,unknown,real_video,MSU_MFSD,MSU_MFSD,train,-0.2171836791722219,-0.6903089771965354,0.2537047036189059,-0.5123571129357488,-0.3850193437007398,-0.5799887885368917,-0.1412578755543699,-0.5124720282722199,-0.1573961191812276,0.5289877669258626,0.5050198302320591,0.1565077690527422,2.3645612324996783,1.804464187065946,0.5078816463742514,0.6266178029662347,0.5931791127592495,0.2082483795316857,0.0951549704678681,1.0,0.46716178473960734,1
MSU_MFSD__real_client034_laptop_SD_scene01,real_client034_laptop_SD_scene01,0,REAL,client034,laptop,unknown,unknown,real_video,MSU_MFSD,MSU_MFSD,train,-0.0234216722660552,-0.6056821196912996,0.3444394211751142,-0.2569694390406266,1.6349372131060402,-0.8104414711419995,-0.2549726883398157,-0.6615750266310592,-0.1573961191812276,0.6185585228986135,0.7279877322053411,0.2593230910596866,2.198741186995181,2.7992914199796246,0.7762270385940475,0.6940241328727609,0.8548798680254645,0.2510434532642819,0.0734720719400687,1.0,0.3120545652497709,0
MSU_MFSD__real_client035_android_SD_scene01,real_client035_android_SD_scene01,0,REAL,client035,android,unknown,unknown,real_video,MSU_MFSD,MSU_MFSD,train,-0.361899067605456,-0.5498987682465011,0.0564255220898544,-0.6078673093920692,0.6249589347026502,-0.8516424572663239,-0.3703590907819468,-0.7282175023373769,-0.1573961191812276,0.7403327619466252,0.8575966919377852,0.3233722303628366,2.3350442818649944,2.9100029684246635,1.0671787119255476,0.961346705073663,0.5406609400531617,0.1809155344666029,0.6096964270842243,1.0,0.43398926818882355,1
MSU_MFSD__real_client035_laptop_SD_scene01,real_client035_laptop_SD_scene01,0,REAL,client035,laptop,unknown,unknown,real_video,MSU_MFSD,MSU_MFSD,train,-1.2159290464239687,2.2119607339725498,-2.6001572412309697,-0.5424101594661392,0.6249589347026502,-1.0533791507993913,-0.4930938421190806,-0.8703561620804243,-0.1573961191812276,0.6282971231627705,0.3844156279560616,0.1874583143062748,1.9943352637239609,1.58027100959265,0.700985176662563,0.8686428201944169,0.3550252266542562,0.2841180285786134,-0.180414207047304,1.0,0.3241695544636179,0
